obj_zipCode,listing_count,Unnamed: 0,obj_serviceCharge,obj_cId,obj_picturecount,obj_pricetrend,obj_totalRent,obj_yearConstructed,obj_pricetrendbuy,obj_scoutId,obj_noParkSpaces,obj_yearConstructedRange,obj_baseRent,obj_pricetrendrent,obj_livingSpace,obj_baseRentRange,geo_plz,obj_noRooms,obj_floor,obj_numberOfFloors,obj_noRoomsRange,obj_livingSpaceRange,obj_lastRefurbish,obj_thermalChar,obj_heatingCosts,obj_groupnumber,obj_project_id
10115,57,30311.0,202.87,3249144.0,13.0,5.91,1589.375,2016.0,10.66,116423807.0,1.0,9.0,1365.0,5.91,73.0,7.0,10115.0,2.0,2.0,5.0,2.0,3.0,2018.0,111.4,99.03,7.0,
10117,50,37227.0,312.0,15345276.0,12.0,5.91,2150.0,2015.0,10.66,116147996.5,1.0,8.0,1800.0,5.91,106.91499999999999,8.0,10117.0,3.0,4.0,5.0,3.0,5.0,2018.0,87.65,112.0,5.0,
10119,13,30332.0,200.0,17780329.0,10.0,6.11,1774.0,1900.0,10.74,115812292.0,,1.0,1750.0,6.11,86.0,8.0,10119.0,3.0,4.0,5.0,3.0,4.0,2020.0,132.0,101.78,27.0,
10178,21,18061.0,500.0,15809298.0,10.0,5.91,2255.45,2005.0,10.66,117089113.0,2.0,6.0,1787.0,5.91,119.0,8.0,10178.0,3.0,6.0,8.0,3.0,5.0,2018.0,67.9,200.0,13.0,
10179,59,28150.0,233.0,16514783.0,11.0,5.92,1792.0,2019.0,10.66,116752973.0,1.0,9.0,1500.0,5.92,77.03,7.0,10179.0,3.0,2.0,6.0,3.0,3.0,2019.5,64.1,67.0,90081.0,87441.0
10197,2,24805.5,228.0,18620570.0,12.5,5.92,1920.5,2019.0,10.66,117011098.5,1.0,9.0,1692.5,5.92,70.35,8.0,10197.0,2.5,6.0,7.0,2.5,3.0,,,,,
10243,15,15842.0,132.5,15970219.0,10.0,7.53,1100.0,1986.0,11.35,116706488.0,1.0,4.0,950.0,7.53,52.97,6.0,10243.0,2.0,3.0,6.0,2.0,2.0,2017.0,83.7,40.0,4.0,
10245,44,42550.0,245.0,16400738.5,12.0,7.53,1889.5900000000001,2018.0,11.35,116439819.5,1.0,9.0,1613.325,7.53,85.86,8.0,10245.0,3.0,4.0,5.0,3.0,4.0,2019.0,73.0,92.05,4.0,
10247,18,30760.5,235.0,8210762.0,8.5,7.53,1230.0,1954.0,11.35,116471584.5,1.0,3.0,1051.5,7.53,70.515,7.0,10247.0,2.0,3.0,5.0,2.0,3.0,2017.5,72.1,132.76,3.0,
10249,10,23302.0,101.2,612691.5,14.0,7.53,1150.0,1914.0,11.35,117030048.0,0.0,1.0,1190.0,7.53,64.01,7.0,10249.0,2.0,3.0,6.0,2.0,2.5,2019.5,125.0,53.019999999999996,0.5,
10315,39,35415.0,136.34,146060.0,9.0,6.16,993.96,2019.0,12.14,116702886.0,1.0,9.0,845.54,6.16,57.96,6.0,10315.0,2.0,4.0,4.0,2.0,2.0,,30.0,75.0,21.0,88028.0
10317,10,14905.0,161.0,16495977.5,9.0,7.13,1310.0,2007.0,11.42,116512232.0,1.0,7.0,1130.0,7.13,70.205,7.0,10317.0,2.0,2.0,5.0,2.0,3.0,2018.0,84.85499999999999,50.0,21.0,
10318,15,19845.0,113.0,16800035.0,3.0,5.51,699.0,2019.0,10.7,117066067.0,1.0,9.0,592.0,5.51,42.92,4.0,10318.0,1.0,1.0,5.0,1.0,2.0,2020.0,52.4,52.14,,
10319,7,2315.0,145.0,5366175.0,2.0,6.2,541.95,1975.0,12.14,117359407.0,,3.0,391.93,6.2,68.0,2.0,10319.0,3.0,3.0,9.0,3.0,3.0,,93.26,105.0,,
10365,7,60671.0,366.0,523356.0,23.0,7.13,1760.0,1895.0,11.42,115666175.0,1.0,1.0,1470.0,7.13,105.0,7.0,10365.0,3.0,4.0,4.0,3.0,5.0,2019.0,54.5,,5.0,
10367,7,65807.0,174.0,618639.0,13.0,7.08,1668.8,2019.0,11.42,115416322.0,1.0,9.0,1382.72,7.08,95.36,7.0,10367.0,3.5,4.0,6.0,3.0,4.0,2020.0,51.0,83.7,154.0,
10369,3,42122.0,165.0,2526051.0,12.0,7.13,1004.5,1980.0,11.42,116646027.0,,3.0,839.5,7.13,55.67,6.0,10369.0,2.0,3.0,3.0,2.0,2.0,,72.28,70.0,,
10405,8,56758.5,200.0,17066061.0,13.5,6.54,1784.63,1914.0,10.95,115937524.0,0.0,1.0,1550.0,6.54,49.95,7.5,10405.0,2.0,2.0,6.0,2.0,2.0,2019.0,76.2,50.0,,
10407,5,40145.0,104.21,15314142.0,10.0,6.54,1289.5,1912.0,10.95,115622350.0,,1.0,1188.0,6.54,66.0,7.0,10407.0,2.0,3.0,5.0,2.0,3.0,2018.0,125.0,1.0,,
10409,5,34888.0,111.0,16528280.0,10.0,6.54,1064.0,1911.0,10.95,116880759.0,0.0,1.0,824.0,6.54,74.88,6.0,10409.0,3.0,4.0,5.0,3.0,3.0,2019.0,130.2,94.5,21.0,
10435,8,23082.5,476.8,9961499.0,10.5,6.54,3103.0,2004.0,10.95,117031023.0,,6.0,2570.0,6.54,115.35,9.0,10435.0,3.0,2.5,5.0,3.0,5.0,2019.0,116.9,,12.0,73383.0
10437,5,16838.0,130.0,15314142.0,8.0,6.54,1300.0,1904.0,10.95,117108330.0,1.0,1.0,1260.0,6.54,68.0,7.0,10437.0,2.0,3.0,5.0,2.0,3.0,2019.0,101.0,80.0,2.0,
10439,26,26937.5,229.5,5257667.0,10.0,6.58,2245.0,2018.0,10.95,116771317.0,1.0,9.0,1984.0,6.58,118.185,8.0,10439.0,3.0,3.0,5.0,3.0,5.5,2018.0,79.0,100.0,500.0,
10551,10,16072.5,200.0,12388584.0,14.5,7.57,2499.0,1900.0,12.7,117118091.5,1.0,1.0,1500.0,7.57,106.255,7.5,10551.0,2.75,3.0,5.0,2.5,5.0,2020.0,98.6,122.5,3.0,
10553,5,34520.0,170.5,15452152.0,8.0,7.58,842.45,1892.0,12.7,116885528.0,,1.0,815.0,7.58,70.88,6.0,10553.0,2.0,1.5,5.0,2.0,3.0,2020.0,77.535,85.0,4711.0,
10555,10,64641.0,195.0,3249144.0,17.5,7.58,1588.5,1960.0,12.7,115477398.5,1.0,2.0,1402.5,7.58,86.5,7.5,10555.0,2.5,4.5,6.0,2.5,4.0,2019.0,106.5,124.0,,
10557,138,44836.5,183.09,18161839.0,12.0,7.56,1588.0,2019.0,12.7,116406322.0,1.0,9.0,1348.0,7.56,69.81,7.0,10557.0,2.0,3.0,5.0,2.0,3.0,2019.0,74.6,81.96,1.0,86586.0
10559,5,10865.0,200.0,16645864.0,13.0,7.58,1650.0,1983.0,12.7,117067519.0,,4.0,1450.0,7.58,98.0,7.0,10559.0,3.0,2.0,5.0,3.0,4.0,2020.0,87.35,85.0,,
1057,1,50127.0,130.0,681167.0,6.0,1.41,520.0,1900.0,8.28,116324247.0,,1.0,390.0,1.41,49.15,2.0,1057.0,2.0,3.0,,2.0,2.0,,121.69,,,
10585,14,25972.5,173.8,2665197.0,10.0,6.13,1550.0,1959.0,11.12,116944171.5,1.0,2.0,1344.875,6.13,64.82,7.0,10585.0,2.0,2.0,5.0,2.0,3.0,2017.0,124.705,88.0,1000.0,
10587,8,17794.0,172.945,3160283.0,12.5,6.14,1601.45,2019.0,11.12,116151894.5,1.0,9.0,1401.525,6.14,63.305,7.5,10587.0,2.0,2.0,5.0,2.0,2.5,2019.0,49.5,51.225,505.5,82791.0
10589,7,21623.0,269.0,18140214.0,13.0,6.13,1647.5,1914.0,11.12,116942907.0,1.0,1.0,1650.0,6.13,105.0,8.0,10589.0,3.0,3.0,4.0,3.0,5.0,2018.0,123.55,107.0,1.0,
10623,10,31459.5,250.0,2827872.5,14.0,6.135,2400.0,1959.0,11.12,116279982.5,1.0,5.0,2225.0,6.135,89.13,8.5,10623.0,3.0,2.5,5.0,3.0,4.0,2020.0,95.0,248.0,998.0,
10624,1,3508.0,70.0,17576674.0,4.0,6.13,710.0,1964.0,11.12,114730770.0,1.0,2.0,580.0,6.13,28.0,4.0,10624.0,1.0,6.0,,1.0,1.0,,151.3,60.0,,
10625,7,33058.0,195.0,5397796.0,11.0,6.13,1600.0,2018.5,11.12,116793882.0,,9.0,1400.0,6.13,68.02,7.0,10625.0,2.0,1.0,5.0,2.0,3.0,2019.0,58.0,80.0,10625.0,
10627,9,27252.0,120.0,682844.0,14.0,6.13,1785.0,1919.0,11.12,116171143.0,,1.0,1450.0,6.13,85.0,7.0,10627.0,2.0,3.0,5.0,2.0,4.0,2016.0,134.5,60.0,3.5,
10629,17,19613.0,195.0,16431318.0,11.0,6.13,1300.0,2017.0,11.12,117068860.0,1.0,9.0,1105.0,6.13,42.0,7.0,10629.0,1.0,3.5,5.0,1.0,2.0,2019.0,126.0,170.0,4.0,
10669,1,80667.0,750.0,15757985.0,17.0,7.88,6450.0,2016.0,12.01,113473088.0,,9.0,5700.0,7.88,186.0,9.0,10669.0,2.0,5.0,5.0,2.0,7.0,,,190.0,,
1067,257,51462.0,185.0,837568.0,10.0,2.45,958.0,2017.0,7.9,115955923.0,1.0,9.0,868.7,2.45,72.11,6.0,1067.0,3.0,3.0,6.0,3.0,3.0,2018.0,69.9,70.0,22.0,73808.0
1069,69,46499.0,135.0,293446.0,9.0,1.73,634.0,1986.0,8.34,116324255.0,1.0,4.0,507.0,1.72,62.0,4.0,1069.0,2.0,3.0,5.0,2.0,3.0,2013.0,85.35,76.0,21.0,
10693,1,1971.0,152.0,17780329.0,17.0,7.88,1211.0,2018.0,12.01,117362100.0,1.0,9.0,1059.0,7.88,50.0,7.0,10693.0,2.0,2.0,,2.0,2.0,,,,,
10707,24,35673.0,284.0,1005838.5,17.5,6.2,1879.0,2000.0,11.24,116848839.0,1.0,5.0,1550.0,6.2,89.77000000000001,7.5,10707.0,3.0,4.0,6.0,3.0,4.0,2018.5,94.1,91.60499999999999,5.0,
10709,4,30243.0,275.0,17537475.0,12.5,6.2,1975.0,1938.5,11.24,116689928.0,,1.5,1650.0,6.2,104.5,7.5,10709.0,2.5,3.5,5.0,2.5,4.0,2020.0,138.8,150.0,,
10711,23,41217.0,200.0,16218367.0,16.0,6.16,1845.0,1961.0,11.24,115806759.0,1.0,2.0,1700.0,6.16,96.6,8.0,10711.0,3.0,3.5,5.0,3.0,4.0,2019.0,95.5,65.0,1071132014.0,
10713,7,30970.0,149.0,453607.0,3.0,6.2,650.0,,11.24,116919436.0,1.0,,550.0,6.2,30.0,4.0,10713.0,1.0,4.0,8.0,1.0,1.0,,123.0,,,
10715,6,36334.0,121.0,15809298.0,5.5,7.07,688.0,2005.0,12.1,116739764.5,1.0,7.0,580.0,7.07,23.9,4.0,10715.0,1.0,3.0,6.5,1.0,1.0,2019.0,101.0,155.0,83201.0,
10717,5,19645.0,170.0,453607.0,10.0,6.2,1950.0,2019.0,11.24,116920025.0,,9.0,1670.0,6.18,89.0,8.0,10717.0,3.0,3.5,4.0,3.0,4.0,2020.0,88.0,110.0,3.0,
10719,3,40489.0,350.0,634094.0,9.0,6.81,1600.0,1982.0,11.27,112279410.0,1.0,4.0,1350.0,6.81,90.0,7.0,10719.0,3.0,3.0,5.0,3.0,4.0,1994.0,97.4,340.0,7.0,
10777,9,18168.0,241.875,8022274.0,14.0,6.93,2114.0,2016.0,12.1,117088177.0,1.0,9.0,1680.0,6.93,81.5,8.0,10777.0,2.0,3.0,5.0,2.0,4.0,2019.0,97.2,81.5,,
10779,3,9644.0,225.0,17432878.0,11.0,6.2,1293.0,1958.0,10.95,117097327.0,1.0,5.0,950.0,6.055,63.13,6.0,10779.0,2.0,0.5,5.0,2.0,3.0,2017.0,76.0,,,
10781,2,27167.5,210.0,1451931.0,10.5,7.07,1469.0,1931.5,12.1,116963162.5,,1.5,1259.0,7.07,92.86,7.0,10781.0,2.5,0.0,4.0,2.5,4.0,,144.25,55.0,,
10783,4,50090.0,205.0,14429236.5,11.5,7.07,2048.0,1926.5,12.1,116116160.0,0.0,1.5,1364.0,7.07,84.28999999999999,7.0,10783.0,2.5,4.0,5.0,2.5,3.5,2018.0,79.0,90.0,443112988.0,
10785,63,34575.0,298.86,15502956.0,14.0,7.58,1900.0,2015.0,12.7,116547901.0,1.0,8.0,1632.0,7.58,90.87,8.0,10785.0,3.0,4.0,6.0,3.0,4.0,2018.0,108.0,114.695,21.0,88140.0
10787,8,56663.5,289.1,497652.0,16.0,7.56,1928.64,2018.0,12.7,115289628.0,1.0,9.0,1626.4850000000001,7.56,86.33,7.5,10787.0,2.5,4.0,7.0,2.5,4.0,,61.7,,,78971.0
10789,5,21884.0,190.0,15970219.0,12.0,6.2,945.0,1990.0,11.24,117019907.0,1.0,5.5,1590.0,6.2,52.25,8.0,10789.0,1.5,2.0,3.5,1.0,2.0,2020.0,86.0,,,
10823,2,1117.5,359.0,8866574.0,34.0,6.93,4430.5,1900.0,12.1,116416404.0,,1.0,4071.5,6.93,220.5,9.0,10823.0,6.5,5.0,5.0,5.0,7.0,2020.0,,,,
10825,4,66033.0,197.5,16274701.0,19.5,6.93,1429.0,2018.5,12.1,114650260.5,1.0,9.0,1231.5,6.93,72.315,7.0,10825.0,3.0,4.0,6.0,3.0,3.0,2019.0,48.35,60.0,42200.5,
10827,4,38577.5,104.565,16913453.0,11.0,6.93,1218.94,2019.0,12.1,116093917.0,1.0,9.0,1075.01,6.93,47.53,6.5,10827.0,1.75,5.5,7.0,1.5,1.5,2019.0,59.3,35.76,7.0,
10829,2,57051.5,270.0,10921473.5,12.0,7.07,3060.0,1900.0,12.1,115894587.5,,1.0,2715.0,7.07,203.0,9.0,10829.0,2.5,3.0,5.0,2.5,7.0,,219.6,150.0,,
10963,25,45193.0,194.42,7747977.0,10.0,7.73,1661.975,2018.0,12.355,116126287.0,1.0,9.0,1450.95,7.73,64.0,7.0,10963.0,2.0,4.0,10.5,2.0,3.0,2019.0,61.0,92.0,11.0,
10965,8,26135.0,282.5,16608541.0,17.0,7.88,2026.0,1900.0,12.01,116998082.5,2.0,1.0,1815.0,7.88,102.0,8.0,10965.0,3.0,4.0,5.0,3.0,4.5,2018.0,81.9,11.5,,
10967,4,51343.0,164.74,16001989.5,17.0,8.584999999999999,1853.33,1957.0,14.27,116157698.5,,5.0,1649.1399999999999,8.584999999999999,98.96000000000001,8.0,10967.0,3.5,1.0,6.5,3.5,4.5,2016.0,68.0,113.17,,87784.0
10969,11,41777.0,170.0,16913453.0,18.0,7.88,2014.9,2018.0,12.01,116663758.0,1.0,9.0,1799.98,7.88,80.98,8.0,10969.0,3.0,4.0,7.0,3.0,3.0,2019.0,64.3,77.25,92.0,
1097,120,50111.5,134.5,5443351.0,8.0,2.33,598.5,1927.0,8.98,116202497.0,1.0,1.0,485.5,2.33,58.004999999999995,3.0,1097.0,2.0,2.0,5.0,2.0,2.0,2006.5,94.0,65.63,3.0,80961.0
1099,140,47742.5,130.0,681167.0,8.0,2.01,591.0,1989.0,7.38,115948641.5,1.0,4.0,481.78999999999996,1.93,59.0,3.0,1099.0,2.0,2.0,4.0,2.0,2.0,2015.0,75.0,80.0,41.0,
10997,3,45532.0,225.0,876273.0,10.0,7.88,2125.0,1976.0,12.01,114655102.0,1.0,3.0,1900.0,7.88,106.0,8.0,10997.0,2.5,2.0,5.0,2.0,5.0,2017.0,183.0,66.92,4711.0,
10999,1,62323.0,400.0,1011756.0,8.0,7.88,2950.0,1920.0,12.01,115609935.0,,1.0,2550.0,7.88,161.0,9.0,10999.0,2.5,,5.0,2.0,7.0,2017.0,128.51,,,
1108,1,47625.0,80.0,420283.0,10.0,3.31,340.0,1996.0,9.96,116416116.0,1.0,5.0,260.0,3.31,39.0,1.0,1108.0,1.0,0.0,3.0,1.0,1.0,2014.0,70.0,,2.0,
1109,27,44726.0,133.5,1248917.0,7.0,1.26,690.0,1994.0,6.34,115664521.0,1.0,5.0,440.0,1.26,60.0,3.0,1109.0,2.0,2.0,3.0,2.0,2.0,2018.0,107.5,50.48,4341.0,
1127,73,47290.0,130.0,827559.0,8.0,2.03,578.5,1920.0,7.74,115774792.0,1.0,1.0,447.0,2.03,55.92,3.0,1127.0,2.0,2.0,4.0,2.0,2.0,2018.0,110.5,77.0,412.0,
1129,57,46948.0,130.0,3186843.0,9.0,1.53,599.0,1910.0,6.94,115949406.0,1.0,1.0,450.0,1.53,60.59,3.0,1129.0,2.0,2.0,3.0,2.0,2.0,2006.0,132.3,60.0,7.0,
1139,113,43167.0,113.0,14281553.0,10.0,1.68,539.0,1940.0,8.73,116237598.0,1.0,1.0,490.0,1.68,60.0,3.0,1139.0,2.0,2.0,4.0,2.0,2.0,2006.0,81.0,95.0,2.0,
1156,30,52968.0,136.0,3506558.5,9.0,0.78,588.2,1993.0,7.11,115721761.5,1.0,5.0,443.7,0.78,61.185,3.0,1156.0,2.0,1.0,3.0,2.0,3.0,2015.5,122.3,67.0,4541.0,
1157,97,48110.0,135.0,1924949.0,9.0,1.45,616.0,1920.0,7.79,116324257.0,1.0,1.0,450.0,1.45,61.93,3.0,1157.0,2.0,2.0,4.0,2.0,3.0,2019.0,112.8,75.0,21.0,
1159,205,48045.0,135.0,3186843.0,9.0,1.91,605.0,1926.0,9.72,116122509.0,1.0,1.0,468.0,1.91,58.0,3.0,1159.0,2.0,2.0,4.0,2.0,2.0,2008.0,89.3,64.89,41.0,86993.0
1162,1,2543.0,90.0,16524802.0,8.0,1.52,360.0,,6.34,117358247.0,,,270.0,1.52,45.0,1.0,1162.0,2.0,1.0,3.0,2.0,2.0,,,,,
1169,192,56758.0,72.34,146060.0,7.0,1.22,445.0,1984.0,6.06,115777210.5,,4.0,321.55,1.22,49.32,2.0,1169.0,2.0,4.0,6.0,2.0,2.0,2016.0,106.0,57.0,1.0,
1187,94,45528.0,140.0,696611.0,9.0,1.68,699.0,1930.0,7.66,116266961.5,1.0,1.0,560.0,1.565,57.504999999999995,4.0,1187.0,2.0,2.0,4.0,2.0,2.0,2013.5,69.0,65.0,14.0,
1189,29,36270.0,125.0,4683373.0,10.0,0.8,520.0,1962.0,5.24,116516818.0,1.0,2.0,382.5,0.8,53.0,2.0,1189.0,2.0,1.0,3.0,2.0,2.0,2017.0,119.0,43.1,2.0,
12043,4,21017.5,267.5,16300500.0,20.0,9.29,1730.0,2019.0,16.53,117055404.0,1.0,9.0,1350.0,9.29,83.0,7.5,12043.0,2.5,2.0,4.5,2.5,3.5,2019.5,39.5,60.0,,
12045,2,64875.0,147.5,1976524.0,17.5,9.274999999999999,1497.5,1900.0,16.53,115462865.0,,1.0,1350.0,9.274999999999999,73.0,7.0,12045.0,2.5,5.0,5.0,2.5,3.0,2019.0,123.3,60.0,1.0,
12047,3,47579.0,205.0,17268586.0,8.0,9.26,1010.31,1945.0,16.53,116416277.0,,2.0,805.31,9.26,73.21,6.0,12047.0,2.0,3.0,5.0,2.0,3.0,,122.65,54.73,11.5,
12049,1,14431.0,60.0,3249144.0,15.0,9.26,814.51,1900.0,16.53,103559383.0,,1.0,714.51,9.26,32.83,5.0,12049.0,1.0,,5.0,1.0,1.0,,168.8,40.0,,
12051,14,41098.5,195.65,616150.0,8.0,9.29,1250.5,2018.5,16.53,116499865.5,1.0,9.0,1025.0,9.29,67.215,6.5,12051.0,2.0,1.0,5.0,2.0,3.0,2019.0,83.0,80.0,4711.0,
12053,2,26564.5,155.0,10938506.5,15.0,9.26,1485.0,1913.0,16.53,116932507.5,,1.0,1300.0,9.26,72.715,7.0,12053.0,2.5,3.0,5.0,2.5,3.5,,143.1,60.0,,
12055,4,34592.5,175.0,9383684.0,14.0,9.26,1190.28,1910.0,16.53,116506213.5,,1.0,977.78,9.26,85.795,5.0,12055.0,2.5,1.5,5.0,2.5,4.0,,153.8,80.0,7.0,
12057,6,24183.0,158.5,1633040.0,3.0,9.26,697.37,1973.0,16.53,117015782.0,,3.0,466.37,9.26,62.07,3.0,12057.0,2.0,7.5,12.0,2.0,2.5,,116.25,70.0,5.0,
12059,2,39262.5,102.5,927608.0,8.5,7.84,1588.5,1910.0,11.04,88618137.0,,1.0,1413.5,7.84,80.735,7.5,12059.0,3.0,5.0,5.0,3.0,3.5,2020.0,,72.5,,
12103,4,37173.0,106.315,17023104.0,7.0,6.82,822.9,1995.5,12.25,115205690.5,,6.0,714.085,6.82,35.775000000000006,5.0,12103.0,1.0,1.5,3.0,1.0,1.5,2019.0,70.6,47.5,9.5,
12105,1,16269.0,180.0,1633040.0,1.0,6.07,1134.6,1912.0,11.28,117116599.0,,1.0,864.6,6.07,116.1,6.0,12105.0,4.0,2.0,,4.0,5.0,,,90.0,,
12107,9,14601.0,101.0,5418748.0,9.0,6.0,985.0,1972.5,11.28,117145330.0,,3.5,825.0,6.0,51.58,6.0,12107.0,2.0,0.0,4.0,2.0,2.0,2019.0,129.0,68.5,4711.0,
12109,2,9913.5,235.0,2227054.5,11.5,6.07,629.18,1978.5,11.28,117231983.0,,3.5,467.155,6.07,65.49,3.0,12109.0,2.5,4.5,5.5,2.5,2.5,2019.0,86.0,60.0,,
12157,4,17342.5,147.5,15877275.0,9.0,7.07,930.0,1958.0,12.1,117097443.5,,2.0,815.0,7.07,60.505,5.5,12157.0,2.25,3.0,4.5,2.0,2.0,2017.0,108.5,25.0,45.5,
12159,1,9639.0,212.0,7205872.0,23.0,6.01,,1900.0,10.81,117261680.0,,1.0,1020.0,6.01,65.0,7.0,12159.0,2.0,3.0,4.0,2.0,3.0,,,,,
12161,4,23715.0,293.5,650102.0,21.0,6.01,2440.725,1904.0,10.81,115882304.0,,1.0,1655.0,6.01,159.2,8.0,12161.0,4.0,3.0,4.0,4.0,7.0,2014.5,130.19,180.0,2.0,
12163,10,29435.0,190.5,185579.5,12.5,6.105,1530.0,2003.0,11.49,116941616.0,1.0,6.5,1467.5,6.105,83.74000000000001,7.0,12163.0,2.5,2.0,4.0,2.5,4.0,2019.0,75.0,90.0,2368.0,
12167,6,25470.5,135.0,8827024.0,11.0,6.07,1119.0,1954.5,11.49,115787616.0,,2.0,904.5,6.07,60.595,6.0,12167.0,2.0,3.0,4.5,2.0,2.5,2018.0,62.3,51.0,,
1217,26,35440.5,119.0,557273.0,10.0,2.0,540.44,1996.5,8.76,116831072.0,1.0,5.0,403.94,2.0,49.61,3.0,1217.0,2.0,2.0,3.0,2.0,2.0,2015.5,93.0,47.5,3.0,
1219,68,51267.5,107.8,688889.0,8.0,1.65,511.5,1979.0,8.34,116197367.0,1.0,3.0,400.0,1.65,47.849999999999994,2.0,1219.0,2.0,1.0,3.0,2.0,2.0,2013.5,99.0,60.95,5.5,
12203,3,5122.0,175.8,16687046.0,6.0,5.21,789.53,1956.0,10.18,116647685.0,0.0,2.0,613.73,5.21,58.89,5.0,12203.0,2.0,1.0,5.0,2.0,2.0,2014.0,129.0,130.0,,
12205,4,42406.5,213.0,309087.5,8.0,5.21,1772.165,2002.0,10.18,116566916.0,,6.0,1552.165,5.21,110.845,7.5,12205.0,3.5,1.5,2.5,3.5,5.0,2014.0,79.0,48.0,,
12207,9,20333.0,130.0,4291240.0,13.0,5.21,1250.68,1985.0,10.18,116609984.0,1.0,4.0,900.0,5.21,82.0,6.0,12207.0,3.0,1.0,2.0,3.0,4.0,2017.0,125.0,101.0,400.0,
12209,5,11096.0,170.0,15853707.0,11.0,5.21,810.0,1973.0,10.18,117079666.0,,3.0,640.0,5.21,64.0,5.0,12209.0,2.0,1.0,3.0,2.0,3.0,2018.0,143.5,56.915,,
12247,5,5318.0,210.0,2233012.0,7.0,5.34,860.0,1964.0,10.94,117323517.0,1.0,2.0,666.0,5.34,68.0,5.0,12247.0,2.0,1.0,2.0,2.0,3.0,2020.0,166.1,60.0,4711.0,
12277,8,10919.5,157.5,17635745.5,11.0,5.76,1165.5,2019.0,11.13,116506597.0,1.0,9.0,999.0,5.76,52.0,6.0,12277.0,2.0,2.0,4.0,2.0,2.0,2017.0,47.5,0.0,,
12305,3,59168.0,180.0,1633040.0,14.0,5.06,1489.52,1996.0,9.22,115739141.0,,5.0,1209.52,5.06,97.0,7.0,12305.0,3.0,2.0,3.0,3.0,4.0,2020.0,164.0,100.0,,
12307,4,31031.5,225.0,931413.0,11.0,5.06,1655.0,1977.0,9.22,115751037.0,1.0,3.0,1267.5,5.06,123.295,7.0,12307.0,3.5,1.0,2.0,3.5,5.5,,146.145,165.0,1.0,
12309,17,31620.0,185.0,1633040.0,8.0,5.06,792.0,1977.0,9.22,116910181.0,1.0,3.0,556.51,5.06,69.0,4.0,12309.0,2.0,3.0,3.0,2.0,3.0,,141.5,85.0,322.0,
12345,1,2766.0,,17818131.0,0.0,4.52,,,6.24,115733333.0,,,1.0,4.52,1.0,1.0,12345.0,99.0,,,5.0,1.0,,,,,
12347,3,31188.0,199.0,17754644.0,14.0,6.44,1140.0,2016.5,12.82,116799411.0,,8.5,998.0,6.44,56.57,6.0,12347.0,2.0,0.5,4.0,2.0,2.0,,24.65,,206.0,
12349,7,65510.0,125.0,15795961.0,14.0,5.59,809.34,1995.0,11.24,115417635.0,1.0,5.0,608.58,5.59,59.33,5.0,12349.0,2.0,2.0,3.0,2.0,2.0,2019.0,154.0,75.0,2.0,
12351,3,14137.0,124.0,1633040.0,5.0,5.59,708.9,1965.0,11.24,117150342.0,,2.0,498.9,5.59,45.89,3.0,12351.0,1.0,1.0,4.0,1.0,2.0,2019.0,132.2,43.345,,
12353,8,10624.5,170.325,1431121.0,6.5,5.59,727.895,1975.0,11.24,117222576.0,0.0,3.0,509.53499999999997,5.59,66.85499999999999,4.0,12353.0,2.0,1.0,2.0,2.0,3.0,2020.0,203.35,24.07,1193135031.0,
12357,7,65347.0,90.0,1633040.0,8.0,5.56,518.0,1964.0,10.46,114412286.0,1.0,2.0,400.0,5.29,38.88,2.0,12357.0,1.0,2.0,2.0,1.0,1.0,2019.0,198.0,55.0,,
12359,2,7701.5,132.06,202479.0,7.0,6.465,928.64,1967.0,12.865,115370840.5,,2.0,746.58,6.465,64.72,5.0,12359.0,2.0,8.0,10.0,2.0,3.0,2019.0,102.0,50.0,9.0,
1237,40,45284.0,120.0,15256164.0,8.0,1.34,604.5,1995.0,8.1,115861262.0,1.0,5.0,451.5,1.34,60.635,3.0,1237.0,2.0,2.0,3.0,2.0,2.0,2019.0,106.6,67.0,3.0,85750.0
1239,46,59939.0,98.39,146060.0,8.0,1.25,478.62,1978.0,7.324999999999999,115694518.5,1.0,3.0,343.78499999999997,1.25,49.51,2.0,1239.0,2.0,3.0,16.0,2.0,2.0,2019.0,83.0,61.5,549548170.0,
12435,9,32268.0,152.1,15973304.0,14.0,7.84,1400.0,2017.0,11.04,116922161.0,1.0,9.0,1174.4,7.84,64.4,7.0,12435.0,2.0,2.0,6.0,2.0,3.0,2019.5,55.7,60.84,9.0,
12437,1,22149.0,195.0,1495.0,9.0,6.43,994.0,1994.0,10.59,117039531.0,,5.0,799.0,6.43,68.14,5.0,12437.0,3.0,0.0,,3.0,3.0,,130.0,102.0,4711.0,
12439,6,26834.0,92.37,1744869.5,13.5,6.91,981.24,2017.0,11.3,116739249.5,,9.0,823.185,6.91,62.075,5.5,12439.0,2.0,2.0,5.0,2.0,2.5,2019.0,66.0,83.0,0.0,
12459,30,30836.5,128.315,2454997.5,12.0,6.55,740.87,2018.0,10.99,116945950.5,1.0,9.0,619.1800000000001,6.55,56.94,4.5,12459.0,2.0,3.0,5.0,2.0,2.0,2018.0,74.0,56.0,1.0,
12487,10,22934.5,130.0,15502283.0,15.0,6.255,1060.0,1952.0,11.72,117029131.5,1.0,2.0,957.5,6.255,81.6,6.0,12487.0,3.0,2.0,3.0,3.0,3.5,2016.5,67.0,95.71000000000001,1792.5,
12489,12,55998.0,148.255,2937897.5,8.0,6.05,1012.4,2015.0,10.07,115685996.0,0.5,8.0,805.015,6.05,64.975,5.5,12489.0,2.0,3.0,5.0,2.0,3.0,2009.0,52.9,85.0,126.0,
12524,8,41447.5,170.0,5376752.5,8.5,5.16,1420.0,2018.0,10.57,116669988.0,1.0,9.0,1210.0,5.16,90.59,7.0,12524.0,3.0,1.0,3.0,3.0,4.0,2020.0,85.8,100.0,5520.0,
12526,7,54841.0,149.0,16662103.0,3.0,5.23,1012.62,2020.0,6.3,115627121.0,,9.0,863.62,5.23,74.5,6.0,12526.0,3.0,2.0,2.0,3.0,3.0,2016.0,65.015,,4.0,
12527,17,41550.0,119.78999999999999,886348.0,5.0,4.45,1022.58,2017.0,9.96,116546263.0,1.0,9.0,858.77,4.45,68.0,6.0,12527.0,2.0,1.0,3.5,2.0,3.0,2019.5,72.0,62.38,,
12529,30,29328.0,210.0,15901393.0,14.0,5.43,1018.7,2019.0,12.11,116952878.5,1.0,9.0,766.36,5.43,70.935,5.0,12529.0,2.5,1.0,4.0,2.5,3.0,2017.0,62.1,140.5,5520.0,
12555,47,32295.0,169.26,16453558.0,11.0,5.33,970.24,2017.0,8.95,116921204.0,1.0,9.0,799.0,5.33,60.45,5.0,12555.0,2.0,3.0,4.0,2.0,2.0,2019.0,48.0,56.715,2.0,86928.0
12557,19,3472.0,114.0,16278105.0,11.0,5.33,948.1,1993.0,8.95,117252891.0,1.0,5.0,753.1,5.33,83.05,5.0,12557.0,3.0,2.5,4.0,3.0,4.0,2007.5,97.0,56.36,4.5,
12559,14,46865.0,96.0,1633040.0,10.0,5.33,810.825,1997.0,8.95,116190125.0,1.0,5.0,624.325,5.33,68.81,4.5,12559.0,2.0,2.0,4.0,2.0,3.0,2019.0,98.5,70.0,8.0,
1257,33,39526.0,121.53,837568.0,7.0,1.1,569.0,1950.0,9.5,116228953.0,1.0,1.0,420.0,1.1,58.81,3.0,1257.0,2.0,1.0,2.5,2.0,2.0,2009.0,110.5,76.0,5.0,
12587,8,41694.0,135.0,1324935.5,10.5,4.39,1100.0,1948.5,8.64,116632603.5,1.0,3.0,904.5,4.39,72.725,6.0,12587.0,2.0,1.0,3.0,2.0,3.0,2017.5,88.8,96.6,,
12589,10,47950.5,138.615,18016145.0,11.0,3.78,1350.0,2019.0,9.89,116395578.5,1.0,9.0,938.685,3.78,67.68,6.5,12589.0,2.5,1.0,2.0,2.5,3.0,2019.5,83.2,71.695,,
1259,53,41891.0,130.0,416982.0,7.0,1.3,510.0,1980.5,8.41,116118295.0,1.0,3.5,385.0,1.3,53.1,2.0,1259.0,2.0,2.0,3.0,2.0,2.0,2015.0,101.2,75.495,6.5,
12619,1,13680.0,138.23,559854.0,13.0,5.37,647.98,2020.0,10.27,117157714.0,,9.0,509.75,5.37,51.49,4.0,12619.0,1.5,0.0,3.0,1.0,2.0,,65.4,47.22,4711.0,
12621,1,69469.0,150.0,439080.0,18.0,5.43,1100.0,2001.0,10.27,115160071.0,,6.0,950.0,5.43,68.0,6.0,12621.0,3.0,,2.0,3.0,3.0,2019.0,75.0,,,
12623,10,47415.5,167.5,5327044.0,5.5,4.78,1097.5,2002.5,9.86,116345542.0,1.0,6.0,820.99,4.78,75.75,5.5,12623.0,2.5,1.0,2.0,2.5,3.0,2016.0,79.25,62.5,5.0,
12627,9,25897.0,140.0,1495.0,8.0,6.36,571.51,1985.0,15.59,116962315.0,,4.0,459.0,6.36,53.98,3.0,12627.0,2.0,2.0,,2.0,2.0,,76.6,52.56,4711.0,89494.0
12629,11,38955.0,106.1,170090.0,12.0,6.36,623.32,1989.0,15.59,112186529.0,,4.0,464.17,6.36,66.31,3.0,12629.0,3.0,4.0,5.0,3.0,3.0,2016.0,77.0,53.05,5.0,
12679,1,7750.0,149.72,17168595.0,0.0,5.28,682.68,1982.0,10.59,117294955.0,,4.0,452.88,5.28,74.98,3.0,12679.0,3.0,12.0,18.0,3.0,3.0,,114.0,80.08,5.0,
12683,4,16332.0,150.19,8663892.0,10.5,4.715,769.11,2000.5,9.79,117116945.0,,6.5,622.51,4.715,50.36,4.0,12683.0,1.5,2.5,3.0,1.5,2.0,2020.0,99.5,39.504999999999995,80939912.5,
12685,3,49048.0,110.0,1633040.0,11.0,5.28,678.69,1996.0,10.59,116363488.0,,5.0,518.69,5.28,61.0,4.0,12685.0,2.0,4.0,13.5,2.0,3.0,,81.0,55.91,1.5,
12687,9,7735.0,66.0,17168595.0,0.0,5.18,422.16,2020.0,10.59,117294976.0,,9.0,337.66,5.18,36.22,2.0,12687.0,1.0,3.0,5.0,1.0,1.0,1998.5,48.6,38.51,18.0,
12689,5,23390.0,120.0,17168595.0,11.0,5.28,734.21,1995.0,10.59,117025883.0,1.0,5.0,524.21,5.28,67.0,4.0,12689.0,2.0,6.0,9.5,2.0,3.0,,87.0,81.07,15.5,
1277,91,47586.0,130.0,659276.0,9.0,1.34,589.0,1932.5,7.36,116054773.0,1.0,1.0,465.0,1.34,60.7,3.0,1277.0,2.0,2.0,3.0,2.0,2.0,2007.0,91.25,74.0,23.0,
1279,58,53071.0,169.0,486065.0,8.5,1.33,699.0,1900.0,7.85,115952828.0,1.0,1.0,511.0,1.33,63.015,4.0,1279.0,2.0,2.0,3.0,2.0,3.0,2019.0,84.06,77.0,5.0,
13051,4,33406.0,130.0,3008138.5,11.5,5.975,772.01,1991.0,11.445,116603187.0,,4.5,631.705,5.975,65.54,4.0,13051.0,2.0,1.0,3.0,2.0,3.0,2007.0,88.71000000000001,,2.0,
13053,8,35177.5,170.0,15901393.0,15.0,5.715,862.5,2020.0,11.295,116871229.5,,9.0,697.5,5.715,59.129999999999995,5.0,13053.0,2.0,3.5,6.0,2.0,2.0,2018.0,46.0,0.0,1.0,82056.0
13055,13,12231.0,165.11,5366175.0,7.0,6.17,857.0,1995.0,10.2,117004955.0,,5.0,644.0,6.17,71.5,5.0,13055.0,3.0,3.0,5.0,3.0,3.0,,93.5,71.0,4711.0,
13057,3,24068.0,172.0,1495.0,7.0,5.28,841.0,1984.0,12.39,117020691.0,,4.0,669.0,5.28,70.68,5.0,13057.0,2.0,6.0,,2.0,3.0,,79.0,82.0,4711.0,
13059,3,2306.0,114.18,5366175.0,2.0,5.28,416.3,1986.0,12.39,117359405.0,,4.0,302.12,5.28,50.0,2.0,13059.0,2.0,6.0,6.0,2.0,2.0,,84.24,36.91,,
1307,255,65217.0,124.0,837568.0,8.0,2.22,591.0,2018.0,7.77,114910039.0,1.0,9.0,657.5,2.22,63.99,5.0,1307.0,2.0,4.0,6.0,2.0,3.0,2020.0,83.0,55.254999999999995,4.0,79606.0
13086,8,11926.5,218.5,15601708.5,13.5,6.67,1229.0,2008.0,10.5,116668006.0,1.0,7.0,989.5,6.67,70.16499999999999,6.5,13086.0,2.5,2.5,4.0,2.5,3.0,2019.0,103.5,113.0,4711.0,
13088,13,3595.0,211.0,216206.0,4.0,6.67,1566.0,2020.0,10.5,117344523.0,1.0,9.0,1265.0,6.67,95.0,7.0,13088.0,3.0,2.0,2.0,3.0,4.0,2020.0,86.0,,2.0,
13089,9,69228.0,130.0,1633040.0,14.0,6.24,589.0,2017.0,9.45,115181388.0,,9.0,488.0,6.24,25.0,3.0,13089.0,1.0,1.0,2.0,1.0,1.0,2019.0,68.1,70.0,,
1309,120,42573.0,143.0,685053.5,7.5,1.65,781.0,1964.5,7.71,116240209.0,1.0,2.0,625.25,1.65,71.75,5.0,1309.0,3.0,3.0,4.0,3.0,3.0,2008.5,75.6,65.0,9.0,
13125,13,27684.0,172.0,439080.0,10.0,6.33,800.0,1996.5,10.14,116984809.0,1.0,5.0,614.0,6.33,63.0,5.0,13125.0,2.0,2.0,3.5,2.0,3.0,2016.0,99.0,68.92,4711.0,
13127,7,18275.0,215.0,1495.0,9.0,6.78,1111.0,1996.0,10.96,117087048.0,1.0,5.0,849.0,6.78,71.63,6.0,13127.0,2.0,1.0,4.0,2.0,3.0,,75.0,102.0,4711.0,
13129,4,25172.0,140.0,1633040.0,15.0,5.65,972.74,1997.0,8.91,117009961.0,1.0,5.0,767.74,5.65,86.08,5.5,13129.0,3.5,1.0,2.5,3.5,3.5,,88.4,85.0,1.0,
13156,10,25044.5,249.22,16499335.5,11.5,5.71,1572.0,1996.0,9.92,116978350.0,1.0,5.0,1291.5,5.71,111.315,7.0,13156.0,3.25,2.0,4.5,3.0,5.0,2020.0,72.0,100.0,61.0,84415.0
13158,10,13132.5,245.0,15901393.0,14.0,5.79,1270.5,2020.0,9.33,117162615.5,1.0,9.0,1055.5,5.79,78.75,6.5,13158.0,3.0,1.0,3.0,3.0,3.5,,51.5,50.0,2.0,
13187,10,15327.5,188.905,535707.5,8.5,6.36,1239.8400000000001,1910.0,10.47,116549164.5,1.0,1.0,1332.79,6.36,81.4,7.5,13187.0,3.0,2.0,5.0,3.0,3.5,2018.0,96.5,82.435,6.0,
13189,18,23519.0,240.0,5759162.0,11.0,6.39,1442.0149999999999,2020.0,10.47,117025529.5,1.0,9.0,1212.5,6.39,86.31,7.0,13189.0,3.0,2.5,6.0,3.0,4.0,2019.0,63.0,80.6,500.0,
1324,45,43024.0,218.0,7352372.0,8.0,1.17,959.0,1900.0,6.22,116147037.0,1.0,1.0,805.0,1.17,81.18,6.0,1324.0,3.0,2.0,3.0,3.0,4.0,2019.0,15.8,60.0,23.0,
1326,29,43528.0,181.0,837568.0,13.0,0.35,945.0,1907.0,6.14,115631657.0,1.0,1.0,710.0,0.35,74.4,5.0,1326.0,2.0,1.0,3.0,2.0,3.0,2018.0,101.65,71.0,360.0,86389.0
1328,32,49482.0,109.5,5361466.0,9.0,1.27,521.5,1994.0,7.1,115729401.0,1.0,5.0,383.77,1.27,51.46,2.0,1328.0,2.0,1.5,3.0,2.0,2.0,2019.5,111.0,65.0,2001.5,
13347,19,16507.0,95.0,15809298.0,6.0,8.36,735.5,1903.5,14.32,117027163.0,0.0,1.0,585.0,8.36,37.0,4.0,13347.0,1.0,3.0,5.0,1.0,1.0,2020.0,124.5,80.0,83301.0,
13349,1,16508.0,96.58,559854.0,7.0,8.36,440.77,1957.0,14.32,117115421.0,,2.0,344.19,8.36,56.61,2.0,13349.0,2.0,2.0,3.0,2.0,2.0,,81.0,30.71,4711.0,
13351,1,13828.0,130.0,1633040.0,11.0,8.36,673.48,1912.0,14.32,117155435.0,,1.0,473.48,8.36,68.0,3.0,13351.0,2.0,4.0,,2.0,3.0,,,70.0,,
13353,1,2147.0,42.06,303262.0,7.0,8.37,593.51,2019.0,14.32,117358468.0,,9.0,515.0,8.37,28.0,4.0,13353.0,1.0,3.0,6.0,1.0,1.0,2019.0,60.9,36.45,,
13355,15,45203.0,200.0,933825.0,19.0,8.36,793.0,2017.0,14.32,103289484.0,1.0,9.0,593.0,8.36,24.1,4.0,13355.0,1.0,5.0,6.0,1.0,1.0,2019.0,61.0,32.0,20172018.0,
13357,3,16824.0,70.0,1633040.0,9.0,8.36,550.0,1957.5,14.32,117108418.0,,4.5,430.0,8.36,30.0,3.0,13357.0,1.0,2.0,5.0,1.0,1.0,,114.0,50.0,,
13359,7,33060.0,177.67,1633040.0,7.0,8.36,800.0,1976.0,14.32,116912378.0,,3.0,600.0,8.36,50.0,4.0,13359.0,1.5,2.0,4.5,1.0,2.0,2019.0,195.8,80.0,,
13403,7,16862.0,120.0,2350848.0,10.0,6.82,669.82,1986.0,12.86,117106605.0,1.0,4.0,530.0,6.82,65.0,4.0,13403.0,2.0,2.0,3.0,2.0,3.0,2015.0,98.8,45.0,,
13405,1,12904.0,150.0,1633040.0,16.0,6.82,805.97,1918.0,12.86,117163566.0,,1.0,655.97,6.82,96.0,5.0,13405.0,3.5,4.0,4.0,3.0,4.0,,,,,
13407,6,37628.5,135.0,16629709.5,14.5,6.82,1081.69,1959.0,12.86,116756942.5,1.0,2.0,850.0,6.82,62.14,5.5,13407.0,2.0,2.0,4.0,2.0,3.0,2019.0,129.8,42.5,13407.0,
13409,18,36367.5,125.74,513828.0,9.5,6.82,1009.095,1994.0,12.86,116795957.0,1.0,5.0,782.1,6.82,68.28,5.5,13409.0,2.0,2.0,4.0,2.0,3.0,2020.0,97.5,136.74,2.0,
13435,2,25783.5,145.5,7968886.0,14.0,5.81,850.11,1944.0,10.9,116971578.0,,1.5,638.11,5.81,81.0,5.0,13435.0,2.5,0.5,2.5,2.5,3.5,2012.5,125.95,66.5,1.0,
13437,3,2838.0,199.17,22352.0,12.0,5.81,833.29,1961.0,10.9,117354683.0,1.0,3.0,634.12,5.81,58.91,5.0,13437.0,2.0,2.0,1.0,2.0,2.0,,189.1,77.595,4711.0,
13439,1,12302.0,300.0,18050073.0,18.0,5.81,1722.0,1970.0,10.9,106714184.0,1.0,2.0,1422.0,5.81,149.0,7.0,13439.0,3.5,1.0,2.0,3.0,6.0,2019.0,,,,
13465,3,28356.0,180.0,2350848.0,17.0,3.93,1450.0,1979.5,8.77,113300215.0,1.0,3.5,1150.0,3.93,90.0,7.0,13465.0,3.0,1.0,2.0,3.0,4.0,2013.0,112.94,230.0,2.0,
13467,7,29707.0,199.0,2692046.0,18.0,4.16,985.0,1908.5,8.71,116961937.0,1.0,1.0,825.0,4.16,76.0,6.0,13467.0,2.0,2.0,2.0,2.0,3.0,2015.5,151.5,70.5,,
13469,1,2058.0,286.0,18630507.0,16.0,4.34,1456.0,2014.0,8.65,117360420.0,2.0,8.0,1170.0,4.34,78.0,7.0,13469.0,3.0,2.0,2.0,3.0,3.0,2014.0,,,,
13503,1,32958.0,235.0,16669652.0,11.0,3.96,1675.0,2015.0,9.35,116827198.0,1.0,8.0,1440.0,3.96,110.0,7.0,13503.0,3.0,0.0,2.0,3.0,5.0,2015.0,20.0,,,
13505,1,11169.0,250.0,15409648.0,20.0,3.96,1050.0,1999.0,9.35,117211271.0,1.0,5.0,1050.0,3.96,80.0,7.0,13505.0,2.0,1.0,2.0,2.0,3.0,1999.0,,,,
13507,13,18731.0,204.0,16878029.0,15.0,5.22,1348.15,1989.0,9.67,116882694.0,1.0,4.0,999.0,5.22,97.9,6.0,13507.0,3.0,3.0,4.0,3.0,4.0,2012.0,114.3,80.42,100.0,
13509,1,29100.0,93.0,146060.0,8.0,5.22,581.47,1954.0,9.67,116970194.0,,2.0,439.47,5.22,49.94,3.0,13509.0,2.0,3.0,,2.0,2.0,,143.0,49.0,,
13579,1,26130.0,180.0,594088.0,12.0,6.02,1170.0,,10.76,116998836.0,,,990.0,6.02,90.7,6.0,13579.0,3.0,4.0,4.0,3.0,4.0,2020.0,,,,
13581,9,51775.0,145.0,1168249.0,13.0,6.07,1020.0,1930.0,10.76,116193546.0,1.0,1.0,840.0,6.07,83.6,6.0,13581.0,3.0,3.0,4.0,3.0,4.0,2020.0,148.1,93.0,4.0,
13583,6,10026.5,215.0,10032160.0,7.0,6.07,675.86,1968.5,10.76,117029026.0,,2.5,488.52,6.07,54.81,3.5,13583.0,2.0,1.5,3.0,2.0,2.0,2020.0,117.0,55.0,4711.0,
13585,11,23007.0,90.0,455181.0,7.0,6.07,590.0,1976.0,10.76,116812801.0,,3.0,500.0,6.07,42.08,3.0,13585.0,1.0,2.5,4.0,1.0,2.0,2017.0,111.7,51.915,2360.5,
13587,5,5619.0,212.0,136459.0,16.0,6.07,876.0,1995.5,10.76,117322556.0,,5.0,662.0,6.07,76.93,5.0,13587.0,3.0,2.0,4.0,3.0,3.0,,107.3,60.0,3.0,
13589,7,11212.0,125.0,455181.0,6.0,6.07,612.56,1971.5,10.76,116880878.0,1.0,2.5,428.29,6.07,64.02,3.0,13589.0,2.0,2.0,4.5,2.0,3.0,2020.0,152.0,62.5,4711.0,
13591,3,46491.0,230.0,5394580.0,13.0,4.99,1000.0,2002.0,9.97,116454284.0,1.5,6.0,669.0,4.99,60.0,5.0,13591.0,2.0,0.0,3.0,2.0,2.0,2019.0,23.0,100.0,1.0,
13593,2,36342.5,231.47500000000002,7938159.0,15.5,5.53,1295.855,2004.0,10.365,110142136.0,1.0,6.5,1004.2250000000001,5.53,90.865,5.5,13593.0,3.0,2.5,5.0,3.0,4.0,2017.0,186.0,115.14500000000001,4711.0,
13595,11,14845.0,140.0,15256164.0,10.0,6.07,1045.74,1963.0,10.76,117128740.0,1.0,2.5,850.0,6.07,73.81,6.0,13595.0,3.0,3.0,4.0,3.0,3.0,2020.0,149.0,110.0,931190681.5,
13597,5,16800.0,99.16,2669223.0,13.0,6.02,880.1600000000001,2001.5,10.76,115633676.0,,6.5,744.0,6.02,55.09,5.0,13597.0,2.0,3.0,3.0,2.0,2.0,2019.0,133.5,50.0,3.0,
13627,1,34706.0,73.29,605675.0,4.0,6.13,488.97,1942.0,11.12,116882852.0,,1.0,343.07,6.13,47.19,2.0,13627.0,1.0,1.0,3.0,1.0,2.0,1991.0,130.0,72.61,,
13629,3,14997.0,100.0,1633040.0,11.0,6.65,619.56,1917.0,11.78,117136030.0,,1.0,459.56,6.65,48.37,3.0,13629.0,2.0,2.0,3.0,2.0,2.0,,135.5,54.5,10.0,
14050,4,16053.5,260.0,7367110.5,13.0,6.13,1777.63,1910.5,11.12,116976069.0,1.0,1.0,1681.815,6.13,103.035,8.0,14050.0,3.25,3.0,4.0,3.0,4.5,,97.0,90.0,4.0,
14052,5,14993.0,270.0,5394580.0,8.0,6.13,1213.535,1952.5,11.12,116813584.0,0.5,2.0,1332.0,6.13,79.0,7.0,14052.0,3.0,2.0,4.5,3.0,3.0,,136.8,150.0,12.0,
14055,4,31651.5,135.16,1633040.0,1.0,6.13,663.88,1969.0,11.12,116771747.0,,2.0,486.22,6.13,65.88,3.5,14055.0,1.75,1.0,10.5,1.5,3.0,,76.9,74.0,10.0,
14057,7,35142.0,360.0,3249144.0,20.0,6.14,2300.0,1900.0,11.12,114725221.0,1.0,1.0,1950.0,6.14,120.0,8.0,14057.0,4.0,4.5,5.0,4.0,5.0,2018.0,90.8,180.0,,
14059,14,25864.5,273.5,16638424.0,15.0,6.13,1671.8600000000001,1970.0,11.12,116973135.0,1.0,2.0,1414.26,6.13,84.5,7.0,14059.0,2.0,3.0,5.0,2.0,4.0,2013.0,131.95,280.0,301.0,
14089,6,39807.5,247.0,17308270.0,12.5,4.17,1268.0,1960.5,9.44,116724441.5,1.5,2.5,1021.0,4.17,79.5,6.5,14089.0,3.0,2.0,2.5,3.0,3.5,2010.0,177.5,164.0,102.0,
14109,8,41484.0,228.3,16206864.5,13.0,3.65,1800.0,1971.5,8.25,115178208.0,1.5,2.5,1371.12,3.65,101.32,7.0,14109.0,2.5,1.0,3.0,2.5,4.5,2019.0,185.2,60.0,1.0,
14129,6,57921.5,402.5,8831606.5,9.5,3.82,2092.0,2006.0,8.99,115740773.5,1.0,6.5,1657.0,3.82,81.535,8.0,14129.0,2.5,1.5,3.0,2.5,3.5,2010.0,69.0,62.93,2.5,
14163,2,1329.0,344.635,200081.5,10.0,4.01,1764.195,1949.0,9.645,117270843.5,,2.5,1419.56,4.01,114.98,6.0,14163.0,3.0,1.0,3.0,2.5,4.5,2018.0,234.0,157.525,4711.0,
14165,2,28125.0,324.315,8163032.0,9.0,4.6,1832.5900000000001,2014.5,10.09,116803299.5,1.0,8.5,1451.525,4.6,104.5,7.5,14165.0,4.0,2.5,,4.0,4.5,,82.85,109.47,931190976.0,
14167,8,41020.5,279.0,16343642.5,12.5,4.9,1486.53,2016.0,10.09,115409701.0,1.0,9.0,1149.03,4.59,84.58500000000001,7.0,14167.0,2.5,2.0,3.0,2.5,3.5,2011.5,69.0,58.5,51.0,
14193,22,19886.0,276.75,3960315.5,12.0,3.585,2009.0349999999999,1981.0,7.75,116766614.5,1.0,3.5,1655.75,3.57,101.2,8.0,14193.0,3.0,2.0,3.0,3.0,4.5,2018.0,137.7,100.0,2.0,
14195,7,47041.0,400.0,16123617.0,10.0,4.14,2307.0,2008.0,9.57,115634845.0,1.0,7.0,2172.0,4.14,117.0,9.0,14195.0,3.0,2.0,3.0,3.0,5.0,2015.0,112.4,100.0,,
14197,1,3950.0,450.0,18629635.0,9.0,6.2,1400.0,1928.0,11.24,117324163.0,,1.0,950.0,6.2,66.0,6.0,14197.0,2.0,3.0,5.0,2.0,3.0,2018.0,,,,
14199,31,22783.0,258.0,15901393.0,19.0,5.62,1689.0,2020.0,9.97,117030923.0,1.0,9.0,1400.0,5.62,81.3,7.0,14199.0,3.0,3.0,5.0,3.0,4.0,2019.0,61.3,150.0,9.0,89256.0
1445,69,44882.0,135.0,5782699.0,9.0,2.6,610.0,1950.0,8.69,116324227.0,1.0,1.0,483.3,2.6,64.0,3.0,1445.0,2.0,2.0,3.0,2.0,3.0,2008.5,105.0,69.5,22.0,
14452,1,51594.0,147.5,457498.0,14.0,5.91,898.5,2019.0,10.78,116200613.0,1.0,9.0,751.0,5.91,59.0,5.0,14452.0,2.0,2.0,2.0,2.0,2.0,,,,,
14467,21,23507.0,217.0,15349584.0,12.0,6.45,1417.1,2012.0,9.18,116565585.0,1.0,8.0,1150.0,6.470000000000001,75.23,7.0,14467.0,2.0,1.0,3.0,2.0,3.0,2013.0,124.12,100.0,5.0,
14469,30,22538.0,195.5,377554.0,9.5,5.89,1074.27,1996.0,8.3,116851901.5,1.0,5.0,781.77,5.89,76.47999999999999,5.0,14469.0,2.5,2.0,3.0,2.5,3.0,2009.5,85.4,78.0,3.5,
14471,6,21054.0,268.69,8351623.0,13.5,5.99,1101.0,2000.0,9.37,116795710.0,1.0,5.0,1381.565,5.99,116.27,7.5,14471.0,3.25,2.0,3.5,3.0,5.0,2007.0,101.15,128.0,,
14473,7,45788.0,120.0,15349776.0,8.0,6.28,1190.0,2014.0,6.92,115234726.0,1.0,8.0,950.0,6.295,80.69,6.0,14473.0,2.0,2.0,4.0,2.0,3.0,,98.15,86.0,,
14476,32,37165.5,154.3,565689.0,12.5,6.8,820.0,1997.0,10.67,116794861.5,1.0,5.0,691.65,6.8,58.605000000000004,5.0,14476.0,2.0,2.0,2.0,2.0,2.0,2020.0,63.6,50.0,3.0,
14478,7,18919.0,95.0,17433176.0,4.0,6.17,683.09,1985.0,8.965,117080394.0,1.0,4.0,523.09,6.42,61.54,4.0,14478.0,2.0,2.0,5.0,2.0,3.0,2018.0,89.05,71.5,4711.0,
14480,24,21812.0,165.5,15970840.0,10.0,6.42,996.56,1997.0,11.49,117045019.5,1.0,5.0,686.47,6.42,68.875,5.0,14480.0,2.0,1.5,4.0,2.0,3.0,2018.0,88.0,81.505,115.0,
14482,9,21682.0,137.5,2607344.0,10.0,5.97,1090.0,1998.0,8.31,117045078.0,1.0,5.0,890.0,5.97,74.0,6.0,14482.0,2.0,1.0,3.0,2.0,3.0,2013.5,95.0,81.11500000000001,5.0,
14513,10,23939.5,207.35,17228770.0,11.5,5.88,1091.03,2019.0,12.03,114993626.0,1.0,9.0,873.0,5.88,79.83500000000001,6.0,14513.0,3.0,2.5,4.0,3.0,3.0,2019.0,55.0,116.89,27.0,
14532,13,29489.0,250.0,15458339.0,9.0,5.93,1177.49,2018.0,12.64,116906753.0,1.0,9.0,925.08,5.93,77.09,6.0,14532.0,3.0,1.5,4.0,3.0,3.0,2019.5,83.6,202.5,3.5,
1454,38,42330.0,162.5,7946174.0,8.0,2.8,507.5,1994.0,7.39,116393600.0,1.0,5.0,410.0,2.8,64.205,2.5,1454.0,2.0,2.0,3.0,2.0,3.0,2019.0,86.0,50.0,1.0,
14542,20,32764.0,141.95,9584441.5,12.0,5.89,880.0,2018.0,10.78,116035308.5,1.0,9.0,690.0,5.89,73.2,5.0,14542.0,2.0,1.0,3.0,2.0,3.0,2019.0,63.6,76.5,48.0,
14547,2,35578.0,114.0,11997880.5,12.5,5.56,659.0,,13.47,116451298.0,,,545.0,5.56,54.175,3.5,14547.0,1.5,2.5,3.0,1.5,2.5,2020.0,,,,
14548,7,15281.0,230.0,290391.0,11.0,5.79,930.0,2000.0,10.77,117128385.0,1.5,5.0,730.0,5.79,74.19,5.0,14548.0,3.0,1.0,1.0,3.0,3.0,2018.5,107.1,117.0,,
14550,4,47053.5,56.254999999999995,13259577.0,7.5,4.97,755.9649999999999,2012.0,8.65,116435557.5,1.0,8.0,628.5,4.97,75.075,5.0,14550.0,2.0,0.0,2.0,2.0,3.0,2020.0,47.5,80.0,4355.0,
14552,2,25828.0,137.0,10640572.5,16.0,6.6899999999999995,918.0,1993.5,9.25,92028472.0,0.5,5.0,624.5,5.49,62.845,4.5,14552.0,2.25,0.5,0.5,2.0,3.0,1992.0,122.2,,,
14558,3,29809.0,140.0,746840.0,8.0,5.07,740.0,1995.0,10.93,115438380.0,1.0,5.0,520.0,5.07,44.92,4.0,14558.0,2.0,1.5,2.0,2.0,2.0,2020.0,138.0,89.84,,
1458,4,43830.0,152.5,332085.0,11.0,3.31,565.0,1996.0,9.96,116581929.5,1.0,5.0,420.0,3.31,66.285,2.5,1458.0,2.0,2.0,4.0,2.0,2.5,2012.0,80.9,,497.0,
14612,12,26215.0,160.0,3187424.0,8.5,5.56,858.5,1996.0,12.45,116912073.0,1.0,5.0,635.0,5.56,61.995000000000005,5.0,14612.0,2.0,1.5,2.5,2.0,2.5,2013.5,94.0,80.0,11.0,
14621,5,52444.0,233.5,17027713.0,10.0,5.33,1519.89,2001.0,10.93,115434853.0,1.0,6.0,1270.0,5.33,108.1,7.0,14621.0,3.0,1.0,3.0,3.0,5.0,2019.0,119.92,,3.0,
14624,4,10815.0,94.0,7780429.5,11.0,5.54,635.0,1996.0,14.7,116620339.5,1.0,5.0,436.0,5.54,50.55,3.0,14624.0,1.5,2.0,2.0,1.5,2.0,2013.0,137.5,62.0,1.0,
14641,32,38355.5,176.5,5776345.0,10.0,5.99,894.99,2019.0,14.7,116321935.0,1.0,9.0,685.99,5.99,69.735,5.0,14641.0,3.0,1.0,3.0,3.0,3.0,2006.0,71.0,84.0,600.0,
1465,4,53882.0,269.885,17900595.0,11.0,1.12,1383.0,2019.0,7.87,116063214.5,1.0,9.0,1158.655,1.12,109.175,7.0,1465.0,3.0,1.0,2.0,3.0,5.0,,53.0,,10.0,
14656,1,41128.0,100.0,5323056.0,26.0,5.23,975.0,1978.0,14.12,116648047.0,1.0,3.0,795.0,5.23,97.35,5.0,14656.0,3.0,,,3.0,4.0,,156.1,80.0,,
14662,1,27595.0,83.0,305626.0,7.0,3.89,414.0,1998.0,,116970784.0,,5.0,331.0,3.89,55.12,2.0,14662.0,2.0,,,2.0,2.0,,79.4,,,
14669,3,26307.0,120.0,5442466.0,2.0,5.12,740.0,1993.0,11.98,114724016.0,,5.0,600.0,5.12,81.0,4.0,14669.0,3.0,3.0,3.0,3.0,4.0,2013.0,83.0,120.0,,
1468,6,43629.5,122.5,17499938.0,9.5,2.61,549.5,1995.5,10.97,115679383.5,1.0,5.0,479.5,2.61,48.0,3.0,1468.0,2.0,1.0,2.0,2.0,2.0,2020.0,102.0,,6.0,
1471,2,50068.5,162.5,9279285.0,21.0,2.78,1157.5,1996.0,6.03,116106450.5,1.0,5.0,995.0,2.78,105.08,5.0,1471.0,3.5,4.0,4.0,3.5,4.5,2019.0,67.0,,1862381342.0,
14712,31,57784.0,124.0,16546447.0,7.0,2.85,518.21,1985.5,11.98,115665161.0,1.0,4.0,363.0,2.85,68.84,2.0,14712.0,3.0,2.0,4.0,3.0,3.0,2017.0,90.44999999999999,81.15,1.0,
14715,1,20963.0,93.0,14421847.0,6.0,4.08,457.0,1995.0,,100849221.0,,5.0,302.0,,61.0,2.0,14715.0,3.0,0.0,2.0,3.0,3.0,2019.0,124.0,124.0,1.0,
14727,2,37575.5,69.5,637123.0,7.5,3.45,442.125,1955.0,6.85,116803638.0,,2.0,292.625,3.45,58.525000000000006,1.5,14727.0,2.5,0.0,3.0,2.5,2.5,,73.8,80.0,,
14728,5,76668.0,75.0,99724.0,5.0,2.86,575.0,1840.0,,114311611.0,1.5,1.0,399.0,2.86,85.0,2.0,14728.0,3.0,1.0,,3.0,4.0,2016.0,168.0,100.0,,
1477,1,69248.0,80.0,16003139.0,7.0,2.77,820.0,,11.26,90606705.0,,,620.0,2.77,102.0,5.0,1477.0,4.0,0.0,4.0,4.0,5.0,,,120.0,,
14770,66,33707.0,77.0,820227.0,5.0,3.04,610.0,1972.0,12.35,116755029.5,1.0,3.0,370.925,3.04,59.120000000000005,2.0,14770.0,2.0,3.0,4.0,2.0,2.0,2016.5,88.5,55.5,1.0,
14772,51,41993.0,94.0,376762.0,7.0,3.8,410.35,1978.0,8.72,116426240.0,,3.0,295.0,3.8,53.7,1.0,14772.0,2.0,2.0,4.0,2.0,2.0,,91.05,66.0,11.0,
14774,1,30928.0,400.0,775038.0,7.0,2.62,1500.0,,13.76,116921757.0,2.0,,1500.0,2.62,214.0,7.0,14774.0,5.0,1.0,,5.0,7.0,2020.0,,,1.0,
14776,40,43565.0,115.11,10164700.5,8.0,3.2,590.0,1929.0,10.41,116563713.5,1.0,1.0,471.505,3.2,75.53999999999999,3.0,14776.0,2.25,1.0,3.0,2.0,3.0,2018.5,130.0,72.0,2358.0,
14778,2,81172.0,83.81,373910.0,7.5,4.470000000000001,432.815,1995.0,,34944157.0,1.0,5.0,284.995,4.470000000000001,60.69,1.5,14778.0,2.5,2.0,3.0,2.5,2.5,2018.0,80.5,64.51,2.5,
14789,4,42260.5,66.555,373910.0,6.5,1.94,375.9,1974.0,,50532900.5,1.0,3.0,296.2,1.94,55.0,1.5,14789.0,2.5,1.0,2.0,2.5,2.5,,177.0,50.0,2.0,
14793,4,66713.5,60.5,373910.0,7.0,2.99,383.31,1976.0,,58482240.5,1.0,3.0,264.855,2.99,49.144999999999996,1.0,14793.0,2.0,0.5,2.5,2.0,2.0,,96.0,54.355000000000004,3.0,
14797,3,13170.0,150.0,290391.0,13.0,5.96,630.0,1964.0,13.69,114564201.0,,2.0,550.0,5.96,75.79,4.0,14797.0,2.0,1.0,3.0,2.0,3.0,,144.0,,,
14798,2,37143.5,140.45,533856.5,9.5,5.73,661.95,1995.0,,92454406.5,1.0,5.0,486.5,5.73,76.39500000000001,3.0,14798.0,2.5,2.0,1.5,2.5,3.5,,122.8,70.0,,
14806,5,34502.0,117.5,5620770.0,6.0,5.69,500.0,1988.0,5.43,116788107.0,1.0,4.0,380.0,5.69,55.0,2.0,14806.0,2.0,1.0,2.0,2.0,2.0,2018.0,69.8,100.0,3.0,
14822,8,15936.5,140.0,290391.0,10.5,7.52,635.0,1994.0,9.84,116836364.0,,5.0,500.0,7.52,65.255,3.0,14822.0,3.0,3.0,3.0,3.0,3.0,2018.0,98.7,,,
14823,2,48616.5,52.6,17117360.0,2.0,6.7,302.6,1985.0,-0.47,116326019.0,,4.0,235.0,6.7,28.425,1.0,14823.0,1.0,1.5,1.5,1.0,1.0,2016.0,103.37,30.0,,
14828,2,41248.0,80.0,313481.0,9.5,4.35,473.065,1913.0,,115709063.5,1.0,1.0,353.065,4.35,71.93,2.0,14828.0,2.0,0.5,0.5,2.0,3.0,,109.65,80.0,3.0,
14913,35,33365.0,70.0,15651218.0,8.0,4.75,512.85,1936.0,10.51,115547241.0,1.0,1.0,395.0,4.75,62.0,2.0,14913.0,2.0,2.0,3.0,2.0,3.0,2018.0,115.25,67.5,80310104.0,
14929,1,82414.0,80.0,680658.0,8.0,6.35,550.0,,,90388767.0,,,390.0,,77.0,2.0,14929.0,3.0,0.0,2.0,3.0,3.0,2019.0,158.4,80.0,1.0,
14943,9,43140.0,75.0,15615681.0,8.0,5.34,580.0,1910.0,15.1,115455720.0,1.0,1.0,450.0,5.34,70.0,3.0,14943.0,2.0,1.0,3.0,2.0,3.0,2017.0,168.6,47.0,24.0,
14947,2,65350.0,183.8,17141112.5,16.5,4.52,1049.3,1933.0,,115132557.5,1.0,1.0,754.5,4.52,123.0,5.5,14947.0,3.5,1.0,2.0,3.5,5.0,2017.0,,222.0,,
14959,6,22798.0,132.0,496617.5,11.5,5.31,956.0,1930.0,11.52,116558862.0,1.5,1.0,779.5,5.31,75.115,4.5,14959.0,2.5,1.0,2.0,2.5,3.0,2020.0,100.0,60.0,3.0,
14974,6,17721.5,175.715,16676302.0,18.5,6.12,918.0,1997.0,14.57,113449680.0,1.5,5.0,730.0,6.12,80.0,5.0,14974.0,3.0,1.0,2.0,3.0,3.0,2019.0,97.0,100.0,3.0,
14979,2,25872.0,237.5,10614816.0,13.5,4.105,1147.5,1945.0,15.7,103020647.5,1.5,3.0,910.0,5.51,80.0,6.0,14979.0,2.0,2.0,2.0,2.0,3.0,2017.0,165.0,,,
15230,44,54095.5,124.16,16150073.0,7.0,3.87,569.4200000000001,1959.0,1.2149999999999999,115946232.5,1.0,2.0,390.55,3.87,71.27,2.0,15230.0,2.75,2.0,4.0,2.5,3.0,2017.0,113.0,90.61500000000001,4711.0,
15232,28,54824.0,105.0,16476531.0,9.0,2.14,477.365,1978.0,1.57,115407443.0,1.0,3.0,314.58000000000004,2.14,57.32,2.0,15232.0,2.0,3.0,4.0,2.0,2.0,2009.5,88.9,76.45500000000001,1.0,
15234,35,48470.0,120.0,581083.0,8.0,3.15,535.0,1933.5,-0.03,116385647.0,1.0,1.0,400.0,3.15,60.9,2.0,15234.0,2.0,2.0,2.0,2.0,2.0,2006.0,139.4,72.68,4711.0,
15236,9,38683.0,122.43,16150073.0,7.0,3.31,446.0,1970.0,3.26,116415257.0,1.5,2.0,300.08,3.31,59.36,1.0,15236.0,2.1,3.0,5.0,2.0,2.0,,83.53,48.695,4711.0,
15295,4,69514.5,130.0,17518189.5,9.0,2.32,755.0,1991.5,,114994151.0,1.0,5.5,625.0,2.32,60.23,4.5,15295.0,2.0,1.5,2.0,2.0,2.5,2019.0,98.6,,,
15299,1,81494.0,95.0,5372324.0,8.0,3.67,610.0,1910.0,9.0,66818340.0,1.0,1.0,430.0,3.67,63.26,3.0,15299.0,3.0,0.0,3.0,3.0,3.0,2012.0,96.8,65.0,,
15306,17,45035.0,72.5,374497.0,3.0,2.94,444.0,1967.0,,116163628.0,1.0,2.0,304.0,2.94,57.0,2.0,15306.0,3.0,2.5,3.0,3.0,2.0,1997.0,78.0,60.0,3.0,
15320,6,83469.0,129.68,17921833.0,9.0,2.92,480.37,1971.0,,112297723.0,,2.5,335.69,2.92,66.745,2.0,15320.0,3.0,2.0,4.0,3.0,3.0,,81.5,77.5,,
15328,3,22209.0,125.0,17046855.0,6.0,1.95,400.0,1990.0,,117038097.0,,4.0,275.0,1.95,53.5,1.0,15328.0,2.0,0.5,0.5,2.0,2.0,2016.0,,,2.0,
15344,40,40167.0,157.5,968490.0,9.0,4.58,939.0,1995.0,17.88,116669901.0,1.0,5.0,789.5,4.58,73.65,5.0,15344.0,3.0,2.0,3.0,3.0,3.0,2012.0,96.0,75.0,2.5,
15345,2,70353.5,140.0,10044285.5,5.5,4.45,1182.5,1966.5,16.58,100184864.0,1.5,3.0,942.5,4.45,122.0,4.5,15345.0,3.0,1.0,3.0,3.0,4.0,2006.0,133.7,200.0,,
15366,12,25613.5,125.0,746018.5,5.0,5.41,729.0,2006.5,18.4,116880254.5,1.0,6.5,639.105,5.41,70.89,4.5,15366.0,2.0,2.0,2.0,2.0,3.0,1996.0,97.0,99.52,25001.0,
15370,7,42512.0,137.0,14779045.0,10.0,4.29,952.0,2019.0,19.66,116640419.0,1.0,9.0,846.0,4.29,72.0,6.0,15370.0,2.0,1.0,3.0,2.0,3.0,2012.0,131.7,,,
15374,9,34235.0,180.0,14564627.0,5.0,3.74,710.0,1993.0,15.22,116889085.0,1.0,5.0,510.0,3.74,74.0,4.0,15374.0,3.0,1.0,2.0,3.0,3.0,2017.0,99.5,100.0,100.0,
15377,2,46429.5,62.5,15156930.0,8.0,4.085,483.75,1986.0,16.04,116475064.0,,4.0,393.75,4.085,51.75,2.0,15377.0,2.5,0.5,3.0,2.5,2.0,2002.0,108.25,55.0,4.0,
15517,37,29875.0,130.0,927608.0,6.0,4.2,650.0,1975.0,12.12,116124735.0,1.0,3.0,495.0,4.2,69.29,3.0,15517.0,3.0,2.0,3.0,3.0,3.0,2017.0,111.0,69.64,2.0,
15518,3,55271.0,180.0,840695.0,9.0,5.13,560.0,2003.0,,115988940.0,1.0,6.0,385.0,5.13,70.0,2.0,15518.0,2.0,1.0,2.0,2.0,3.0,2017.5,107.5,,400.0,
15526,8,22387.0,170.0,4443212.5,13.0,4.56,817.5,2006.0,12.58,117039268.5,1.0,6.5,620.0,4.56,72.525,5.0,15526.0,2.0,1.0,2.0,2.0,3.0,2020.0,58.6,83.52,400.0,
15537,18,54897.5,113.64500000000001,552845.0,8.0,5.1899999999999995,838.855,1988.0,12.65,114847498.0,1.0,4.0,688.62,5.12,74.435,5.0,15537.0,2.0,2.0,3.0,2.0,3.0,2019.0,132.43,65.07,4.0,
15562,6,24615.0,164.5,3520254.0,12.5,3.86,670.0,2006.0,,116973411.5,1.0,7.0,635.5,3.86,69.38499999999999,4.5,15562.0,2.0,1.0,3.5,2.0,3.0,,55.8,72.575,,
15566,8,33558.0,150.0,2274247.0,15.5,5.24,780.0,1996.5,13.95,116770779.5,1.0,5.0,650.0,5.24,65.35,5.0,15566.0,2.0,2.0,2.5,2.0,3.0,2018.0,99.0,89.0,2.0,
15569,3,52601.0,180.0,15464112.0,18.0,5.4,1402.6,1922.5,14.43,115182992.0,1.5,1.0,1102.6,5.4,102.0,7.0,15569.0,3.5,1.0,2.0,3.0,5.0,2019.0,97.2,122.5,,
1558,39,56002.0,110.0,5389611.0,8.0,1.25,540.0,1952.5,5.2,115670031.0,1.0,2.0,400.0,1.25,73.05,2.0,1558.0,3.0,2.0,3.0,3.0,3.0,2020.0,81.7,82.0,26.0,
1561,7,45089.0,100.0,622297.0,9.0,0.59,441.0,1969.5,13.33,116550004.0,1.0,2.5,341.0,0.59,74.0,2.0,1561.0,3.0,1.0,1.5,3.0,3.0,2019.0,100.4,84.0,,
15711,12,13099.5,142.5,17355286.0,9.0,5.285,715.0,2008.0,10.14,117054986.5,2.0,7.0,778.5,5.285,72.035,5.5,15711.0,2.5,1.5,2.0,2.5,3.5,2019.0,70.0,50.0,41.0,
15712,4,43586.0,141.7,18247213.5,8.5,5.32,878.7,2015.5,10.14,116592097.5,1.0,8.5,697.0,5.32,61.0,4.5,15712.0,2.25,1.5,2.0,2.0,2.5,2020.0,29.2,,,
15713,3,25123.0,75.0,15474996.0,9.0,5.32,856.75,1898.0,10.14,116989393.0,,1.0,835.0,5.32,76.5,6.0,15713.0,3.0,2.0,3.0,3.0,3.0,2019.5,281.5,110.0,2.0,
15732,7,36153.0,175.0,16603231.0,14.0,4.05,1089.74,1997.0,12.22,115755998.0,1.0,5.0,858.48,4.05,89.13,6.0,15732.0,4.0,1.0,2.5,4.0,4.0,2011.5,85.0,145.0,270.0,
15738,5,60621.0,198.5,17342193.0,13.0,5.0,980.0,1997.0,9.62,115470442.0,1.5,5.0,880.0,5.0,81.69,6.0,15738.0,3.0,1.0,2.0,3.0,4.0,,130.4,90.0,514.0,
15741,3,19407.0,170.0,18548587.0,11.0,6.08,868.91,2019.0,,117071578.0,1.0,9.0,698.91,6.08,65.0,5.0,15741.0,2.0,1.0,1.0,2.0,3.0,2018.0,33.9,,,
15745,20,38308.0,178.63,2921691.0,11.0,6.09,1281.85,2017.0,12.19,116756041.5,1.0,9.0,1023.325,6.09,83.28999999999999,7.0,15745.0,3.0,2.0,4.0,3.0,4.0,,77.2,64.96,,
15746,1,24796.0,230.0,5407534.0,13.0,5.29,1330.0,2018.0,,105320424.0,1.0,9.0,1100.0,5.29,85.0,7.0,15746.0,3.0,3.0,4.0,3.0,4.0,2018.0,35.4,,,
15749,2,21261.0,135.0,9075438.0,15.5,4.640000000000001,1370.0,1994.0,10.37,115940077.5,,5.0,812.5,4.640000000000001,75.0,5.0,15749.0,3.0,,4.0,3.0,3.0,2019.0,110.0,50.0,,
15754,1,320.0,40.0,17520328.0,4.0,4.86,300.0,1900.0,7.23,117383613.0,,1.0,260.0,4.86,30.0,1.0,15754.0,1.0,1.0,1.0,1.0,1.0,2017.0,,,,
15806,12,52793.5,80.18,8018587.0,8.5,5.66,677.06,1995.0,15.84,114721162.5,1.0,5.0,487.55,5.66,71.45,3.0,15806.0,2.5,2.0,2.0,2.5,3.0,2007.5,105.0,99.83,3.0,
15827,9,79370.0,64.0,18025249.0,5.0,6.26,830.0,2017.0,15.32,113803800.0,1.5,8.5,695.0,6.26,63.0,5.0,15827.0,3.0,1.0,3.0,3.0,3.0,2016.0,49.0,67.0,,
15831,10,21380.5,159.355,607016.0,8.0,6.21,1009.8,1997.0,15.32,116989089.5,1.0,5.0,821.8,6.26,78.89,5.5,15831.0,3.0,1.0,3.0,3.0,3.0,2017.0,90.0,78.0,90151.0,
15834,5,48275.0,184.0,144643.0,4.0,5.34,2210.0,2020.0,14.98,116388904.0,1.0,9.0,835.0,5.34,73.39,6.0,15834.0,3.0,1.0,2.0,3.0,3.0,2012.0,73.0,,3.0,
15837,3,52954.0,90.0,1261008.0,3.0,5.73,530.0,1972.0,8.81,116140755.0,1.0,3.0,380.0,5.73,78.0,2.0,15837.0,3.0,2.0,3.0,3.0,3.0,2018.0,141.5,143.0,100.0,
15838,2,22527.5,85.0,16832209.5,9.0,5.115,881.0,2020.0,10.55,117037806.0,1.5,9.0,753.5,5.115,92.0,5.0,15838.0,3.0,1.0,1.5,3.0,4.0,,122.0,85.0,,
15848,6,26510.0,115.0,17227623.0,12.0,3.495,593.5,1960.0,13.77,116338055.0,1.0,2.0,434.0,3.495,69.0,2.5,15848.0,2.5,1.0,2.0,2.5,2.5,2019.0,149.935,85.0,,
1587,53,62009.0,110.0,5389611.0,9.0,0.74,404.07,1965.5,6.64,115446802.0,1.0,2.0,280.0,0.74,56.44,1.0,1587.0,2.0,3.0,4.0,2.0,2.0,2009.0,78.3,66.0,4711.0,
1589,93,58360.0,102.475,5389611.0,7.0,0.74,391.0,1925.0,6.64,115527668.0,1.0,1.0,295.0,0.74,58.0,1.0,1589.0,2.0,2.0,3.0,2.0,2.0,1999.0,108.0,76.0,3.0,
15890,9,53288.0,78.01,17349292.0,10.0,1.72,463.65,1965.0,5.65,115424429.0,1.0,2.0,333.63,1.72,60.0,2.0,15890.0,3.0,4.0,4.0,3.0,2.0,2000.0,83.80000000000001,48.504999999999995,1.0,
15907,11,19659.0,75.0,588106.0,4.0,3.02,375.0,1963.0,2.12,117068436.0,,2.0,288.13,3.02,46.1,1.0,15907.0,2.0,3.0,3.0,2.0,2.0,1996.0,145.3,33.0,4711.0,
1591,40,57290.5,120.535,13701382.5,8.5,0.74,397.0,1925.0,6.64,115574770.5,1.0,1.0,288.5,0.74,57.114999999999995,1.0,1591.0,2.0,2.0,3.0,2.0,2.0,2004.0,96.4,68.5,4711.0,
15913,5,67933.0,103.33,588106.0,4.0,1.92,320.0,,,115283088.0,,,216.67,1.92,46.1,1.0,15913.0,2.0,2.0,,2.0,2.0,,,50.0,4711.0,
15926,4,49469.5,94.0,8895029.0,11.5,2.99,489.5,1976.0,6.74,115041654.0,1.0,3.5,422.5,2.99,84.5,2.5,15926.0,2.75,1.5,2.0,2.5,4.0,2005.0,136.5,0.0,,
15936,3,36748.0,67.5,14819859.0,10.0,3.98,485.0,1944.5,7.11,115192189.0,1.0,3.0,335.0,3.98,61.0,2.0,15936.0,2.0,0.5,2.0,2.0,3.0,2007.0,145.75,90.0,,
15938,3,27091.0,175.0,16643266.0,6.0,2.61,525.0,1900.0,12.27,116988679.0,,1.0,350.0,2.61,70.0,2.0,15938.0,3.0,1.5,3.0,3.0,3.0,2019.0,157.5,,,
1594,2,81706.5,32.0,10591476.0,9.5,0.745,432.0,,6.64,113191746.5,1.0,,385.0,0.745,28.5,2.0,1594.0,1.0,1.0,1.0,1.0,1.0,2019.0,,30.0,,
1609,3,78753.0,165.0,16792150.0,14.0,1.97,660.0,1920.0,-0.38,113926634.0,1.0,1.0,495.0,1.97,82.5,3.0,1609.0,3.0,2.0,3.0,3.0,4.0,2019.0,102.0,51.0,4711.0,
1612,27,66230.0,114.26,7197572.0,6.0,1.67,405.91,1969.0,6.41,114769847.0,1.0,2.0,302.94,1.67,52.5,2.0,1612.0,2.0,3.0,4.5,2.0,2.0,2019.0,92.5,45.36,4711.0,
1616,3,64324.0,95.0,14546355.0,2.0,0.0,365.0,1920.0,4.29,115507488.0,1.0,1.0,270.0,0.0,50.0,1.0,1616.0,2.0,1.0,4.0,2.0,2.0,1998.0,99.5,,,
1619,5,69145.0,100.0,5389611.0,12.0,0.59,405.0,1984.0,3.02,115185410.0,1.0,4.0,285.0,0.59,62.0,1.0,1619.0,2.0,2.0,5.0,2.0,3.0,1996.0,104.7,57.5,2.0,
16225,42,52799.5,127.25,2703450.0,5.0,3.19,610.0,1910.0,16.25,115674354.5,1.0,1.0,457.5,3.19,60.004999999999995,3.0,16225.0,2.0,2.0,4.0,2.0,2.0,2019.0,109.765,60.0,4711.0,
16227,42,32192.5,120.0,2703450.0,5.0,3.19,531.5,1978.0,16.25,116870620.0,1.0,3.0,385.0,3.19,60.05500000000001,2.0,16227.0,3.0,3.0,6.0,3.0,2.0,2012.5,76.8,60.0,72.0,
1623,6,77270.0,117.5,12540210.0,8.0,0.6,390.5,1995.0,-1.33,110754633.0,1.0,5.0,275.0,0.6,64.5,1.0,1623.0,2.0,2.0,2.0,2.0,2.5,2005.0,105.4,67.0,1940023.0,
16230,4,40562.5,152.5,6854406.5,5.5,3.065,600.0,2000.5,,115991153.5,,5.5,470.0,2.32,58.75,3.0,16230.0,2.0,2.0,2.5,2.0,2.5,2012.0,127.3,130.0,48.0,
16244,3,18102.0,55.0,17321027.0,13.0,3.55,735.0,1980.0,15.57,117088477.0,1.0,3.0,560.0,3.55,50.34,4.0,16244.0,2.0,2.0,4.0,2.0,2.0,2010.0,121.3,120.0,,
16247,7,33168.0,61.5,715014.0,5.0,3.69,480.0,1847.5,14.53,116606234.0,1.0,3.0,350.0,3.69,53.16,2.0,16247.0,2.0,1.5,2.0,2.0,2.0,2019.5,119.0,71.0,,
16248,4,72879.5,62.5,1204377.0,8.5,3.255,468.28,1965.5,,94426870.5,1.0,2.5,329.105,2.51,66.63499999999999,2.0,16248.0,2.75,2.0,2.0,2.5,2.5,2004.0,102.0,77.5,,
16259,18,40575.5,119.72999999999999,1741007.0,10.0,2.94,441.375,1936.0,15.88,116558041.0,1.0,1.0,287.56500000000005,2.94,63.905,1.0,16259.0,2.75,2.0,3.0,2.5,3.0,2013.0,135.0,82.0,8.0,
16269,9,42388.0,51.0,78005.0,2.0,2.66,460.0,1977.0,12.6,114539943.0,1.0,3.5,368.0,2.66,66.89,2.0,16269.0,3.0,2.0,3.0,3.0,3.0,2010.0,88.0,63.0,16.0,
16278,27,47352.0,148.0,376762.0,7.0,1.69,484.5,1964.5,-1.04,116420771.0,1.0,2.0,333.0,1.69,60.0,2.0,16278.0,3.0,3.0,4.0,3.0,2.0,2015.0,118.0,55.0,0.0,
16303,14,30057.0,70.0,368527.0,2.0,0.17,430.09000000000003,1971.0,2.24,116957767.0,1.0,3.0,317.305,0.17,58.760000000000005,2.0,16303.0,2.0,3.0,2.0,2.0,2.0,1996.0,94.1,56.5,1.0,
16306,5,75233.0,40.0,17001024.0,6.0,0.19,441.0,1970.0,,114522816.0,1.0,2.0,295.0,0.19,65.51,1.0,16306.0,3.0,1.0,2.0,3.0,3.0,,87.4,110.0,,
16307,3,77921.0,40.0,17001024.0,4.0,0.37,416.0,1970.0,,114079713.0,1.0,2.0,284.0,0.37,63.07,1.0,16307.0,3.0,1.0,2.0,3.0,3.0,,,100.0,,
16321,10,41915.5,141.1,16406026.5,11.0,4.765000000000001,785.5,2008.5,16.24,115422359.5,1.0,7.0,615.0,4.765000000000001,63.85,4.5,16321.0,2.25,1.0,3.0,2.0,3.0,2018.0,64.0,1.2,1.5,
16334,1,37387.0,190.0,17300002.0,1.0,3.3,830.0,2020.0,16.25,116806339.0,,9.0,640.0,3.3,76.0,5.0,16334.0,3.0,1.0,3.0,3.0,3.0,,,,,
16348,7,27244.0,115.0,16392748.0,9.0,5.04,770.0,2011.5,15.36,116988702.0,1.0,7.5,630.0,5.04,63.94,5.0,16348.0,2.0,1.0,2.0,2.0,3.0,2010.0,92.3,52.5,16.5,
16356,4,25188.5,86.0,10823915.5,5.5,3.9400000000000004,828.335,2018.0,14.73,116263239.5,1.0,9.0,729.0,3.9400000000000004,98.0,5.0,16356.0,3.5,2.0,3.5,3.5,4.5,2018.5,120.0,83.0,,
16359,1,24220.0,,4226939.0,11.0,2.94,270.0,1900.0,15.88,117015997.0,1.0,1.0,270.0,2.94,54.0,1.0,16359.0,2.0,1.0,1.0,2.0,2.0,2019.0,,,,
1640,53,54147.0,110.0,622297.0,9.0,2.1,535.5,1996.0,7.86,115087630.0,1.0,5.0,388.0,2.1,58.3,2.0,1640.0,2.0,2.0,3.0,2.0,2.0,2000.0,86.0,62.0,3.5,
16515,44,37077.0,189.5,1166020.0,18.0,8.01,949.5,1973.0,10.9,116811686.5,1.0,3.0,780.0,8.01,69.0,5.0,16515.0,2.25,1.0,3.0,2.0,3.0,2019.0,107.0,57.5,5.0,
16540,6,12292.0,116.5,9591788.5,14.0,7.31,1032.0,2009.5,8.74,117198896.0,1.0,7.0,850.0,7.31,75.0,6.0,16540.0,2.0,0.0,2.0,2.0,3.0,2013.5,137.6,90.0,1.0,
16547,2,51084.0,158.04500000000002,6783219.5,5.5,7.8149999999999995,1102.085,2018.5,9.65,108487713.0,1.0,9.0,904.04,7.35,85.14,6.0,16547.0,2.5,2.0,2.0,2.5,3.5,2017.0,36.099999999999994,49.75,,
16548,8,42160.0,132.695,8249549.5,11.0,6.76,1153.905,2012.0,9.75,116637100.0,1.0,8.0,948.405,6.76,87.295,6.0,16548.0,3.0,2.0,3.0,3.0,4.0,,69.3,130.97,2.0,
16556,1,29171.0,83.64,3736541.0,8.0,7.31,653.34,,8.74,116969236.0,,,500.0,7.31,69.7,3.0,16556.0,2.0,0.0,,2.0,3.0,2019.0,,69.7,,
16559,3,76005.0,78.21,17726734.0,10.0,5.78,583.87,2020.0,8.41,114409788.0,0.0,9.0,399.0,5.78,67.9,2.0,16559.0,3.0,1.0,2.0,3.0,3.0,,33.8,89.10499999999999,,
16562,7,47987.0,87.99000000000001,18575561.0,5.0,7.25,1123.5,2020.0,8.74,116324771.0,1.0,9.0,967.18,7.25,78.16,6.0,16562.0,3.0,1.0,3.0,3.0,3.0,2020.0,42.3,59.505,1.0,
16567,1,14963.0,116.0,5433421.0,8.0,7.5,974.38,1996.0,7.09,117136854.0,1.0,5.0,858.38,7.5,76.3,6.0,16567.0,3.0,1.0,3.0,3.0,3.0,,,,,
1661,1,72145.0,127.08,12596677.0,17.0,1.52,540.09,1887.0,6.34,114863671.0,,1.0,413.01,1.52,63.54,3.0,1661.0,2.0,1.0,3.0,2.0,3.0,2019.0,31.23,,1.0,
1662,210,53968.5,118.0,1144571.0,9.0,1.52,451.57,1900.0,6.34,115881867.5,1.0,1.0,321.0,1.52,57.78,2.0,1662.0,2.0,2.0,3.5,2.0,2.0,2001.0,100.6,70.0,3.5,
16625,1,74414.0,86.0,15875879.0,8.0,3.19,610.0,1960.0,16.25,114580471.0,,2.0,434.0,3.19,62.0,3.0,16625.0,2.0,1.0,3.0,2.0,3.0,,187.4,90.0,,
1665,17,42070.0,144.0,7069372.0,8.0,2.19,535.5,1995.0,6.85,116646997.0,1.0,5.0,400.0,2.19,63.0,2.0,1665.0,2.0,1.0,2.0,2.0,3.0,2017.5,101.5,,8.0,
16727,18,30687.5,73.28999999999999,14205622.0,6.5,8.07,850.8399999999999,1997.0,10.61,115700987.5,1.0,5.0,616.665,8.07,74.83500000000001,4.5,16727.0,2.5,1.5,3.0,2.5,3.0,2019.0,86.0,110.1,1.0,
16767,3,19409.0,110.0,4787291.0,8.0,7.73,995.0,1994.0,11.84,114339935.0,1.0,5.0,775.0,7.73,105.0,5.0,16767.0,5.0,,3.0,5.0,5.0,,109.0,105.0,,
16775,4,32096.0,180.0,15366668.0,4.5,5.47,529.0,1997.0,10.21,86225302.0,1.0,5.0,344.9,5.47,67.185,1.5,16775.0,2.5,1.5,2.5,2.5,2.5,2018.0,56.45,65.0,144.0,
1679,1,81827.0,290.0,14687610.0,18.0,1.59,1042.0,1915.0,-13.48,113160775.0,1.0,1.0,721.0,1.59,120.0,5.0,1679.0,3.0,0.0,3.0,3.0,5.0,2005.0,89.0,,,
16792,3,57896.0,75.0,15687068.0,4.0,4.94,493.72,1984.0,-2.17,94252861.0,,4.0,318.72,4.94,50.67,2.0,16792.0,2.0,2.0,4.0,2.0,2.0,1995.0,81.5,75.0,,
16798,3,64981.0,120.0,259155.0,26.0,5.37,720.0,,6.69,115458534.0,1.0,,600.0,5.37,73.97,4.0,16798.0,2.0,2.0,2.0,2.0,3.0,2018.0,,50.0,,
16816,40,40050.5,125.0,15366668.0,8.5,3.92,709.74,1979.5,3.84,116264365.0,1.0,3.5,578.5,3.92,76.08,4.0,16816.0,3.0,1.0,3.0,3.0,3.0,2020.0,99.1,77.5,1.0,
16818,4,35425.0,125.0,14822185.5,8.5,3.92,526.0,1971.5,3.84,104751500.5,1.0,2.5,347.5,3.92,52.92,2.0,16818.0,2.5,2.0,2.5,2.5,2.0,2017.5,77.1,81.0,1.0,
16827,9,63440.0,123.74,15366668.0,7.0,3.92,460.0,1968.0,3.84,86878359.0,1.0,2.0,320.0,3.92,50.51,2.0,16827.0,2.0,2.0,2.5,2.0,2.0,2020.0,74.4,,,
1683,14,52763.5,107.5,273511.5,9.5,1.06,410.0,1930.0,5.38,115949630.5,1.0,1.0,260.0,1.06,50.325,1.0,1683.0,2.0,2.0,3.0,2.0,2.0,1998.0,88.8,65.0,19.0,
16831,13,78180.0,76.3,4479874.0,8.0,1.61,458.8,1963.0,1.17,114016261.0,1.0,2.0,299.0,1.61,58.76,1.0,16831.0,3.0,3.0,4.0,3.0,2.0,2012.0,113.45,77.5,,
16833,4,54467.0,100.0,15141842.5,10.5,2.73,506.16,1934.0,,116013618.5,1.0,1.0,408.08000000000004,2.73,67.885,2.5,16833.0,2.75,1.0,2.0,2.5,3.0,2018.0,92.0,40.0,100.0,
16835,8,31873.5,76.5,537463.0,7.0,3.4,470.0,1968.0,,116494504.0,,2.0,310.0,3.4,53.67,2.0,16835.0,2.0,1.0,3.0,2.0,2.0,2017.0,142.4,135.0,,
16845,2,29349.0,85.0,8952279.0,7.0,2.48,333.8,1984.5,8.305,115023671.0,,4.0,226.3,2.48,48.875,1.0,16845.0,2.0,2.5,3.5,2.0,2.0,1999.0,110.8,45.0,,
16866,8,46846.5,115.5,16943549.0,3.5,2.46,416.65,1995.0,,110963622.0,1.0,5.0,276.15,2.46,54.230000000000004,1.0,16866.0,2.0,3.0,4.0,2.0,2.0,,65.0,44.5,33.0,
16868,4,20621.0,143.0,17598932.0,6.5,1.45,465.525,1978.0,7.47,116996106.0,1.0,3.5,315.03,1.45,61.74,1.5,16868.0,2.5,2.0,3.0,2.5,3.0,1993.5,138.0,,,
1689,13,54326.0,130.0,581119.0,5.0,1.9,514.8,1995.0,8.92,114869950.0,1.0,5.0,375.0,1.9,53.2,2.0,1689.0,2.0,1.0,2.0,2.0,2.0,2019.0,120.45,,12.5,
16909,3,62949.0,125.0,15366668.0,11.0,2.44,477.33500000000004,1966.0,,92421473.0,1.5,2.0,339.17,2.44,62.81,2.0,16909.0,2.0,1.0,1.0,2.0,3.0,2018.0,132.35,60.0,600.0,
16928,12,51136.0,115.0,622294.0,5.5,2.61,400.0,1978.0,,115830809.5,1.0,3.0,285.0,2.61,62.0,1.0,16928.0,2.25,2.0,3.0,2.0,3.0,2001.0,138.7,60.0,1.0,
16945,3,19615.0,60.0,17219274.0,7.0,0.58,310.0,1924.0,,117067950.0,1.0,1.0,250.0,0.58,54.0,1.0,16945.0,2.0,1.0,1.0,2.0,2.0,,226.5,180.0,,
17033,88,48734.0,89.0,81878.0,5.0,0.63,508.0,1972.0,2.42,116001670.5,1.0,2.5,343.5,0.63,59.675,2.0,17033.0,3.0,3.0,4.0,3.0,2.0,2012.0,84.0,64.0,4711.0,
17034,115,48312.0,89.0,81878.0,5.0,-0.23,410.0,1979.0,2.02,115985448.0,1.0,3.0,263.0,-0.23,59.96,1.0,17034.0,3.0,4.0,5.0,3.0,2.0,2014.0,85.85,56.0,4711.0,
17036,56,42002.0,101.75,81878.0,5.5,0.96,428.0,1974.0,4.44,116588010.0,1.0,3.0,286.0,0.96,61.06,1.0,17036.0,2.5,4.5,4.0,2.5,2.5,2016.0,87.3,57.0,4711.0,
17039,1,46643.0,79.0,672835.0,3.0,2.59,548.0,1996.0,3.95,116452051.0,1.0,5.0,399.0,2.59,61.43,2.0,17039.0,2.0,3.0,3.0,2.0,3.0,,69.0,50.0,,
1705,129,52553.0,120.0,832307.0,10.0,1.27,441.315,1924.5,8.79,115949320.0,1.0,1.0,308.0,1.27,54.82,2.0,1705.0,2.0,1.0,3.0,2.0,2.0,2014.0,87.0,69.0,4711.0,
17087,3,33063.0,110.0,17541958.0,17.0,0.0,580.0,1945.0,,115128298.0,1.5,2.0,420.0,0.0,76.0,3.0,17087.0,4.0,1.0,3.0,4.0,3.0,2019.0,164.0,70.0,1161.0,
17091,4,44353.5,82.5,8962959.5,5.5,-1.66,275.0,1990.0,,115632446.0,,4.5,192.5,-1.66,40.855000000000004,1.0,17091.0,1.5,1.5,3.0,1.5,1.5,,75.0,,3.0,
17094,17,61562.0,80.0,16366377.0,7.0,0.0,350.0,1977.0,8.09,113862693.0,1.5,3.0,255.0,0.0,56.2,1.0,17094.0,2.0,3.0,3.0,2.0,2.0,1998.0,114.19999999999999,40.0,4711.0,
17098,17,18666.0,83.0,16366380.0,1.0,2.81,425.0,1999.0,4.63,117084396.0,1.0,5.0,279.0,2.81,53.84,1.0,17098.0,2.0,2.0,3.0,2.0,2.0,2016.0,88.2,63.0,,
17099,4,80604.0,122.0,15791163.0,18.0,-1.2,376.5,1966.0,3.34,113484562.0,,2.0,242.0,-1.2,57.5,1.0,17099.0,2.5,2.0,4.0,2.5,2.0,,107.1,,2.0,
17109,3,77056.0,150.0,108159.0,11.0,0.21,495.0,1994.5,,114239654.0,,5.0,345.0,0.21,73.09,2.0,17109.0,2.0,1.5,3.0,2.0,3.0,1997.0,90.0,48.0,2.0,
17111,2,35614.0,137.5,17260629.5,8.5,,503.0,1975.0,,116844571.5,,3.0,147.5,,64.765,1.0,17111.0,3.0,2.0,4.0,3.0,2.5,2019.0,,,,
17121,7,57596.0,70.0,17286641.0,9.0,2.15,470.0,1940.0,9.13,115818957.0,1.0,1.0,330.0,2.15,67.0,2.0,17121.0,2.5,2.0,2.0,2.0,3.0,2016.0,68.0,70.0,1.0,
17129,2,54612.0,85.0,15973452.5,6.0,3.995,391.0,1988.0,,112640793.0,1.0,4.0,286.0,3.995,55.1,1.0,17129.0,2.5,1.5,2.5,2.5,2.0,2018.0,97.8,40.0,2.0,
17139,13,48344.0,148.0,449780.0,10.0,0.91,603.0,1920.0,10.4,112298122.0,1.0,1.0,400.0,0.91,74.0,2.0,17139.0,3.0,1.0,2.5,3.0,3.0,2018.0,148.3,100.0,130.0,
17153,2,51751.5,52.75,8550758.5,13.0,-2.715,394.95,1926.5,,82791340.5,1.0,1.5,269.45,-3.47,55.39,1.5,17153.0,2.25,1.0,2.5,2.0,2.5,1998.0,127.6,72.75,,
17154,5,83594.0,170.0,2595645.0,9.0,0.0,426.0,,,112425428.0,,,256.0,0.0,56.8,1.0,17154.0,3.0,1.0,2.0,3.0,2.0,,,,,
17159,5,79011.0,150.0,2595645.0,9.0,1.52,547.0,1993.0,,113221581.0,1.0,5.0,390.0,1.52,75.54,2.0,17159.0,3.0,2.5,3.0,3.0,3.0,2018.0,107.0,50.0,1.0,
17166,5,38750.0,100.0,15468883.0,7.0,3.05,510.85,1938.5,0.3,116776184.0,1.0,2.0,400.0,3.05,60.0,2.0,17166.0,2.5,0.5,5.0,2.0,2.0,2020.0,91.9,90.5,2.0,
17168,2,27465.5,122.5,18531246.5,7.5,6.47,457.5,,0.84,116982774.0,1.0,,335.0,6.47,63.25,2.0,17168.0,3.0,1.0,3.0,3.0,2.5,2018.0,,,,
17179,2,84256.0,120.0,17431176.0,11.0,3.51,555.0,1996.0,2.3,110142976.0,1.0,5.0,420.0,3.51,68.0,2.5,17179.0,2.5,2.5,1.5,2.5,3.0,,429.55,60.0,,
17192,41,54180.0,120.0,832358.0,6.0,2.71,465.0,1984.0,3.43,115947844.0,1.0,4.0,365.0,2.71,62.75,2.0,17192.0,3.0,4.0,5.0,3.0,3.0,1999.0,80.4,54.0,3.0,
17194,2,41052.5,107.5,832358.0,5.0,,595.0,,,116701810.5,,,412.5,,66.0,2.5,17194.0,2.0,2.0,,2.0,2.5,,,62.5,1.0,
17207,6,42554.5,105.0,425208.0,7.5,1.87,490.0,1995.0,1.97,116629243.5,0.5,5.0,387.5,1.87,54.5,2.0,17207.0,2.0,2.0,3.0,2.0,2.0,2020.0,94.8,40.0,2.0,
17209,1,84039.0,35.0,17961649.0,8.0,1.85,270.0,1968.0,,107486465.0,1.0,2.0,225.0,1.85,30.0,1.0,17209.0,1.0,,3.0,1.0,1.0,2017.0,126.7,27.0,100.0,
17213,4,60780.0,122.5,6445059.5,6.5,2.92,650.0,2010.0,2.71,108821676.0,0.0,7.0,515.0,3.3,64.13,3.5,17213.0,2.5,2.0,3.0,2.5,2.5,2010.0,,,1.0,
17217,2,54760.5,174.0,149226.0,4.5,-0.82,348.0,1962.5,,115508939.0,1.0,2.0,390.0,-0.82,73.42,2.5,17217.0,3.0,3.0,,3.0,3.0,,154.1,39.0,4711.0,
17219,2,39393.5,91.5,1935931.0,12.0,1.5950000000000002,492.0,1962.5,,115999794.5,1.0,2.0,321.5,1.5950000000000002,64.705,2.0,17219.0,3.0,1.0,3.5,3.0,3.0,2020.0,104.72999999999999,79.0,7.0,
1723,20,34628.0,147.5,806175.5,7.5,1.62,529.5,1996.5,8.95,116678644.0,1.0,5.0,400.0,1.62,60.01,2.0,1723.0,2.0,2.0,3.0,2.0,2.5,2000.0,99.0,66.0,8615601.0,
17235,59,51535.0,70.0,306119.0,6.0,2.39,435.5,1969.5,7.1,116022275.0,1.0,2.0,295.0,2.39,55.62,1.0,17235.0,2.0,2.0,2.0,2.0,2.0,2005.5,91.0,70.0,1.0,
17237,1,52769.0,,15825108.0,7.0,3.77,,1914.0,,66567871.0,,1.0,300.0,,50.0,1.0,17237.0,2.0,,,2.0,2.0,2006.0,,,,
17248,2,38375.0,160.0,9613070.0,9.0,0.81,660.0,2000.0,1.72,75552872.0,1.5,5.5,500.0,0.81,89.5,3.0,17248.0,3.5,1.0,1.5,3.5,3.5,2017.5,76.1,,,
17252,5,45527.0,80.0,16869875.0,11.0,2.64,670.0,2020.0,7.72,116525968.0,1.0,9.0,460.0,2.64,70.0,3.0,17252.0,3.0,0.0,1.0,3.0,3.0,,119.0,140.0,,
17258,1,76767.0,72.0,5397796.0,4.0,1.08,236.0,,3.93,114303142.0,,,164.0,1.08,46.72,1.0,17258.0,2.0,3.0,3.0,2.0,2.0,,72.0,,258.0,
17268,42,35603.5,85.0,17878032.0,3.0,-0.41,421.0,1979.0,-0.55,116863599.0,1.0,3.0,264.0,-0.41,59.0,1.0,17268.0,3.0,3.0,4.0,3.0,2.0,2001.0,106.85,80.0,,
17279,1,27841.0,170.0,17699380.0,4.0,1.21,580.0,2020.0,6.51,116982041.0,1.0,9.0,580.0,1.21,65.0,4.0,17279.0,1.5,1.0,2.0,1.0,3.0,2020.0,,,,
1728,12,30684.0,125.5,747393.0,8.5,1.89,536.0,1972.0,8.92,116866101.0,1.0,3.0,373.0,1.89,51.28,2.0,1728.0,2.0,1.0,2.0,2.0,2.0,2012.0,92.75,,497.5,
17291,101,61966.0,120.0,4438876.0,8.0,0.69,457.5,1980.0,-0.38,115562432.0,1.0,3.0,320.0,0.69,60.8,2.0,17291.0,3.0,3.0,3.5,3.0,2.0,1997.5,96.0,67.5,4711.0,
17309,21,60765.0,90.0,15862801.0,7.0,2.14,434.0,1978.0,19.8,115439473.0,1.0,3.0,312.05,2.14,62.41,2.0,17309.0,3.0,2.0,4.0,3.0,3.0,2013.5,98.5,80.0,,
1731,9,17197.0,129.0,489120.0,7.0,0.3,530.0,1898.0,7.73,117099276.0,1.0,1.0,360.0,0.3,52.5,2.0,1731.0,2.0,1.0,2.0,2.0,2.0,2010.0,93.65,85.0,5551.0,
17321,17,72450.0,65.0,15580693.0,10.0,1.3,400.0,1969.0,18.45,114835378.0,,2.0,256.0,1.3,59.0,1.0,17321.0,3.0,2.0,3.0,3.0,2.0,2020.0,82.7,60.0,1.0,
17322,2,48725.5,114.0,8006411.5,12.0,1.59,405.0,1986.0,,89533215.0,,4.0,372.5,1.59,90.5,2.0,17322.0,3.5,3.0,3.0,3.5,4.0,,87.705,62.0,1.0,
17328,1,42340.0,124.0,15580693.0,9.0,3.12,517.0,1976.0,,116642737.0,,3.0,338.0,3.12,75.0,2.0,17328.0,3.0,1.0,2.0,3.0,3.0,,170.9,55.0,1.0,
17335,1,69923.0,140.0,16526182.0,10.0,1.21,670.0,2006.0,8.04,115106565.0,1.0,7.0,530.0,1.21,80.38,4.0,17335.0,3.0,2.0,3.0,3.0,3.0,,55.0,,,
17337,1,25686.0,160.0,12840014.0,10.0,-0.63,470.0,1960.0,,116992894.0,,2.0,310.0,-0.63,63.0,2.0,17337.0,3.0,1.0,1.0,3.0,3.0,,92.0,,,
1734,5,37010.0,110.0,4683373.0,10.0,1.4,339.0,1890.0,7.29,116076308.0,1.0,1.0,235.0,1.4,40.0,1.0,1734.0,2.0,1.0,3.0,2.0,1.0,2013.0,102.21,,20.0,
17348,3,39861.0,120.0,672835.0,8.0,2.17,500.0,2001.0,,115754926.0,1.0,6.0,380.0,2.17,71.52,2.0,17348.0,3.0,1.0,2.5,3.0,3.0,2019.5,109.715,70.0,3009.0,
17349,6,55338.0,52.5,15903389.0,9.0,1.14,360.0,1963.0,,84231646.0,,2.0,270.0,2.28,57.4,1.0,17349.0,2.5,1.0,3.0,2.5,2.0,1996.0,107.6,47.5,,
17358,6,67046.0,70.5,890620.0,5.5,2.31,403.69,1995.0,,115336621.0,,5.0,289.5,2.31,57.15,1.5,17358.0,2.0,2.0,3.0,2.0,2.5,2002.5,281.0,85.0,,
17367,7,44679.0,65.0,15706115.0,4.0,3.7,550.0,1999.0,17.53,115995591.0,1.0,5.0,370.0,3.7,70.5,2.0,17367.0,3.0,1.0,3.0,3.0,3.0,2017.5,80.0,66.25,1.0,
1737,4,28699.0,132.5,8959509.5,7.0,1.4,702.0,1997.0,11.29,103315177.5,2.0,5.0,409.9,1.4,67.1,2.5,1737.0,2.5,2.0,2.0,2.5,3.0,2012.5,149.99,130.0,2004.0,
17373,5,45266.0,170.0,16089084.0,9.0,2.64,830.0,1976.0,20.1,116547284.0,2.0,3.0,630.0,2.64,105.0,5.0,17373.0,2.0,2.0,2.0,2.0,5.0,2020.0,101.4,60.0,0.0,
17375,4,53208.0,95.0,15775707.0,13.5,1.92,570.0,2001.0,,106080617.0,1.0,6.5,431.0,,65.35,3.0,17375.0,2.5,0.0,4.0,2.5,3.0,2017.0,63.6,70.0,,
1738,4,18773.5,120.0,243887.0,12.5,0.19,419.0,1979.0,,117082164.0,,3.0,299.0,0.19,49.6,1.0,1738.0,2.0,2.0,,2.0,2.0,1996.0,109.0,,,
17389,18,27115.5,69.695,538995.0,7.0,-0.16,432.20000000000005,1968.5,7.71,116989649.0,1.0,2.5,293.875,-0.16,56.115,1.0,17389.0,3.0,2.0,3.0,3.0,2.0,2005.0,93.0,76.7,1.0,
17392,1,31434.0,80.0,18616486.0,10.0,5.33,579.0,,4.3,116935700.0,1.0,,499.0,5.33,60.0,3.0,17392.0,2.0,0.0,2.0,2.0,2.0,2020.0,,,,
17406,3,29686.0,150.0,695596.0,7.0,0.31,503.75,1915.0,9.69,116962798.0,,1.0,367.5,0.31,62.0,2.0,17406.0,3.0,1.0,,3.0,3.0,1992.0,91.0,,,
17419,1,40733.0,250.0,16895584.0,10.0,1.09,1350.0,,,104396713.0,,,1100.0,,110.0,7.0,17419.0,3.0,3.0,3.0,3.0,5.0,,,,,
17424,2,40734.5,182.0,695596.0,9.5,-0.38,907.0,1999.0,6.58,115170795.0,,5.0,725.0,-0.38,84.7,5.0,17424.0,2.5,,,2.5,3.5,,95.4,,,
17429,2,61809.5,120.0,16213838.0,12.0,-0.305,580.0,1925.0,6.435,115613706.0,1.0,1.0,447.5,-0.305,49.5,3.0,17429.0,1.5,0.0,2.0,1.5,2.0,,134.5,60.0,,
17438,22,61043.5,45.519999999999996,17679657.0,3.0,0.31,438.18,1965.5,11.5,114810866.5,,2.0,311.23,0.31,57.635000000000005,2.0,17438.0,3.0,2.0,5.0,3.0,2.0,2017.0,85.25,74.275,1.0,
1744,15,64371.0,72.0,587238.0,10.0,0.63,437.9,1978.0,7.35,111523253.0,1.0,3.5,305.0,0.63,52.5,2.0,1744.0,2.0,2.0,3.5,2.0,2.0,2020.0,111.0,52.0,0.0,
17440,2,59056.0,95.0,573411.0,13.5,0.0,490.0,1900.0,,64123003.5,,1.0,435.0,,84.0,3.0,17440.0,3.5,0.5,2.0,3.5,4.0,2010.0,,0.0,,
17449,8,14787.0,114.33,8879674.0,7.5,0.39499999999999996,640.7950000000001,2010.5,10.355,117131319.0,1.0,7.5,578.655,0.39499999999999996,68.535,4.0,17449.0,3.0,1.0,2.0,3.0,3.0,2012.0,94.8,62.355,100.0,
17454,1,82332.0,80.0,7306489.0,5.0,0.35,810.0,,9.14,113003358.0,1.0,,660.0,0.35,66.0,5.0,17454.0,3.0,,,3.0,3.0,,72.0,70.0,,
17459,3,50894.0,174.0,695596.0,9.0,0.94,810.0,1995.0,8.51,116080400.0,1.0,5.0,610.0,0.94,85.0,5.0,17459.0,3.0,2.0,2.0,3.0,4.0,2018.0,141.5,,,
17489,55,50947.0,120.0,16602964.0,7.0,1.21,550.0,2008.0,13.56,115406935.0,1.0,7.0,430.0,1.09,50.69,3.0,17489.0,2.0,2.0,4.0,2.0,2.0,2016.0,74.0,84.01,4711.0,
17491,16,35793.5,132.5,381328.0,3.5,0.55,430.0,1977.0,10.66,116858906.5,1.0,3.0,283.555,0.55,56.86,1.0,17491.0,2.5,3.0,5.0,2.5,2.0,2018.5,85.91499999999999,68.93,5.0,
17493,9,28905.0,100.0,927608.0,8.0,1.49,580.0,2006.0,12.58,116360005.0,1.0,6.5,390.0,1.49,70.86,2.0,17493.0,2.0,2.0,4.0,2.0,3.0,2017.0,31.119999999999997,110.0,99.0,
17495,2,38453.5,87.5,6638536.0,4.0,-0.54,579.0550000000001,1984.0,,89502132.5,,3.5,433.555,-0.54,75.37,3.0,17495.0,3.0,1.5,3.0,3.0,3.5,,74.5,116.0,1.0,
17498,2,46531.5,120.0,16742720.0,8.0,3.0549999999999997,442.5,1966.5,,115718426.0,,2.5,322.5,3.0549999999999997,52.745000000000005,2.0,17498.0,2.0,1.0,2.5,2.0,2.0,,125.0,,,
17506,4,31059.0,81.46000000000001,279574.0,2.0,-1.0,353.5,1980.0,,116936111.0,,3.0,273.86,-1.0,65.3,1.0,17506.0,3.0,3.0,4.0,3.0,3.0,,204.0,0.0,1.0,
1762,4,47676.0,95.0,16455643.5,4.0,1.32,341.5,1938.0,3.02,116144660.5,1.0,2.0,246.5,1.32,51.6,1.0,1762.0,2.0,1.5,3.0,2.0,2.0,2019.0,127.45,,30.0,
1768,13,63886.0,80.0,587238.0,7.0,0.51,431.0,1900.0,5.07,114754285.0,1.0,1.0,300.0,0.51,56.99,1.0,1768.0,2.5,2.0,3.0,2.0,2.0,2004.5,126.0,90.0,4371.0,
1771,2,69892.5,70.0,12594796.0,4.5,2.64,245.0,1960.0,-3.8,115113557.0,,2.0,175.0,2.64,34.925,1.0,1771.0,1.0,1.5,2.0,1.0,1.0,,104.0,,,
1773,4,56154.5,67.0,16540046.0,4.5,0.0,449.5,1963.5,5.4,93748270.5,1.0,2.5,299.5,0.0,51.47,1.5,1773.0,2.0,0.5,3.5,2.0,2.0,2020.0,,81.0,,
1774,18,55184.0,167.26,14298015.0,8.0,2.64,525.0,1986.5,-3.8,115949059.5,1.0,4.0,361.275,2.64,66.2,2.0,1774.0,3.0,1.5,3.5,3.0,3.0,2007.0,121.7,,6.0,
1776,1,62228.0,100.0,16654480.0,10.0,-1.26,252.0,1985.0,,115612481.0,,4.0,152.0,-1.26,38.0,1.0,1776.0,1.0,1.0,1.0,1.0,1.0,,,,,
1778,8,58400.0,92.5,469423.0,10.5,0.36,449.5,1968.0,12.66,115806483.5,1.0,2.0,299.0,0.36,68.11,1.0,1778.0,2.0,2.0,3.0,2.0,3.0,2017.0,109.0,70.0,7.0,
1796,178,50653.5,110.0,486065.0,8.0,0.93,516.63,1955.0,7.87,115935522.0,1.0,2.0,362.0,0.93,60.7,2.0,1796.0,2.0,2.0,3.0,2.0,2.0,2018.0,92.405,68.6,26.0,
1805,6,23453.5,165.0,625601.0,7.0,1.125,787.5,1997.0,10.19,116988273.5,1.0,5.0,622.5,1.125,83.55000000000001,5.0,1805.0,3.0,0.0,3.0,3.0,3.5,2020.0,100.5,,,
18055,46,43392.5,182.0,5444194.0,9.0,3.01,995.0,1995.0,7.23,116408687.5,1.0,5.0,852.5,3.01,72.0,6.0,18055.0,3.0,2.0,4.0,3.0,3.0,2019.0,97.0,66.0,1.0,83018.0
18057,29,33430.0,96.5,15496519.0,8.0,3.13,624.0,1934.0,7.6,116605918.0,1.0,1.0,490.0,3.13,48.3,3.0,18057.0,2.0,1.0,3.0,2.0,2.0,2015.5,92.5,52.5,1.0,
18059,8,7496.0,100.6,17009082.5,5.0,2.19,642.5,2020.0,6.19,117294037.5,1.0,9.0,495.0,2.19,51.9,3.0,18059.0,2.0,3.0,5.0,2.0,2.0,2018.0,132.0,77.5,,
18069,2,8960.5,190.0,18116157.0,6.5,2.13,764.5,1960.0,6.55,117242131.5,,2.0,574.5,2.13,63.5,4.0,18069.0,2.75,3.0,4.5,2.5,3.0,2020.0,,,,
1809,90,47841.0,122.5,807453.5,8.0,1.1,500.0,1938.0,10.19,115738964.0,1.0,1.0,342.5,1.1,57.26,2.0,1809.0,2.0,1.5,3.0,2.0,2.0,2015.0,95.0,65.0,3.0,
18106,17,57265.0,80.0,927608.0,7.0,1.25,509.0,1979.0,0.35,114664018.0,1.0,3.0,340.0,1.25,62.0,2.0,18106.0,3.0,5.0,9.5,3.0,3.0,2007.5,95.6,80.0,1.0,
18107,9,26883.0,145.5,1038425.0,5.0,2.12,499.0,1984.5,3.915,115625644.0,1.0,3.5,418.0,3.375,57.9,3.0,18107.0,3.0,2.0,5.0,3.0,2.0,2010.0,73.0,47.5,1.0,
18109,36,37933.0,89.5,522684.0,8.0,1.67,539.78,1981.0,7.9,116793023.0,1.0,4.0,367.5,1.67,57.65,2.0,18109.0,3.0,3.5,5.0,3.0,2.0,2019.5,53.6,81.0,1.0,
18119,16,31438.5,187.4,15726962.0,11.5,2.29,1086.5,1998.0,6.25,116654497.0,1.0,5.0,856.25,2.29,69.31,6.0,18119.0,2.0,1.0,4.0,2.0,3.0,1996.0,103.0,60.0,,
1814,2,64136.0,140.0,4056808.5,7.5,0.26,430.0,,0.505,112396654.5,1.0,,352.5,0.26,68.055,2.0,1814.0,2.5,1.0,4.0,2.5,2.5,2019.0,132.1,,3.0,
18146,6,50673.0,135.0,2443193.0,6.5,1.77,508.0,1984.5,1.63,115390553.0,,4.0,368.0,1.77,61.94,2.0,18146.0,3.0,4.0,5.0,3.0,3.0,2009.5,65.0,75.0,1.0,
18147,30,48714.0,82.5,927608.0,5.0,1.5,549.5,1991.5,5.91,115475767.5,1.0,5.0,399.735,1.5,62.120000000000005,2.5,18147.0,2.75,3.0,5.0,2.5,3.0,2018.5,54.6,74.5,1.0,87372.0
1816,11,53778.0,140.0,15391335.0,6.0,1.14,562.45,2000.0,4.84,115717275.0,1.0,5.5,420.0,1.14,63.5,3.0,1816.0,2.0,1.5,3.0,2.0,3.0,2019.0,79.0,76.2,0.0,
18181,2,31258.5,177.5,17524502.0,17.0,4.39,1067.5,2013.5,3.58,116554659.5,2.0,8.0,862.5,4.39,76.5,6.0,18181.0,3.25,1.0,0.0,3.0,3.5,2020.0,,,,
18182,5,38124.0,142.0,16875127.0,8.0,4.25,654.0,1943.5,6.385,116792512.0,2.0,2.0,500.0,4.25,70.0,3.0,18182.0,3.0,2.5,11.5,3.0,3.0,2016.5,84.0,,,
1819,1,52040.0,120.0,15685685.0,14.0,1.14,520.0,1992.0,4.84,116172014.0,,5.0,415.0,1.14,60.69,3.0,1819.0,2.0,,1.0,2.0,2.0,2018.0,,,,
18190,12,39761.5,73.5,146060.0,6.5,4.22,634.155,2006.5,4.92,116632221.0,17.0,7.0,516.155,4.22,60.035,4.0,18190.0,2.0,1.0,2.0,2.0,2.5,2015.0,30.5,61.5,,
18196,4,43244.5,96.0,16920110.0,13.5,5.105,497.5,1993.0,0.15,115149348.5,1.0,4.5,385.0,5.105,41.004999999999995,2.5,18196.0,2.0,1.0,2.5,2.0,1.5,2016.5,83.15,45.0,7.0,
18198,4,38900.5,170.0,754685.5,19.0,7.67,1134.0,1995.5,4.41,100919089.5,1.5,6.0,919.0,7.67,116.2,6.0,18198.0,3.5,1.5,2.5,3.5,5.0,,92.14999999999999,92.5,1.0,
18209,8,44861.5,150.0,6368607.5,5.5,5.3100000000000005,615.0,2005.0,7.834999999999999,114158855.0,1.0,7.0,535.0,5.3100000000000005,72.5,4.0,18209.0,2.5,1.0,2.0,2.5,3.0,2018.0,111.25,75.0,1.0,
18211,8,39037.0,177.5,8222386.5,11.0,4.984999999999999,855.0,2006.0,6.55,116738167.0,1.0,7.0,951.5,4.984999999999999,68.5,6.0,18211.0,2.0,2.0,2.0,2.0,3.0,2019.0,66.6,,,
18225,8,49999.0,125.0,2843141.5,5.5,4.91,1140.0,2014.0,6.26,116299032.5,1.0,8.0,775.0,4.91,64.745,5.5,18225.0,2.5,1.0,2.0,2.5,3.0,2020.0,95.0,80.0,2.0,
18233,2,43304.5,145.0,8731166.5,10.0,3.78,561.0,1993.5,,116270168.0,1.0,5.0,416.0,3.78,75.745,2.5,18233.0,3.0,2.5,3.0,3.0,3.5,2020.0,69.15,0.0,,
18236,2,41833.5,97.5,15661388.0,6.0,1.815,372.5,,,102539467.5,,,275.0,3.63,46.5,1.5,18236.0,2.5,0.5,2.0,2.5,2.0,2020.0,,,,
1824,5,60668.0,110.0,947629.0,6.0,-0.19,360.0,1910.0,5.93,115666279.0,1.0,1.0,230.0,-0.19,43.89,1.0,1824.0,2.0,2.0,2.0,2.0,2.0,2004.0,71.4,52.0,221.0,
18246,1,29377.0,80.0,15645163.0,7.0,4.29,353.0,,1.81,116967908.0,,,273.0,4.29,52.0,1.0,18246.0,2.0,2.0,2.0,2.0,2.0,2016.0,,,,
18258,3,40154.0,120.0,16455169.0,13.0,3.14,440.0,1997.0,6.02,116737844.0,1.0,5.0,320.0,3.14,42.5,2.0,18258.0,1.0,1.0,2.5,1.0,2.0,2016.0,97.3,,1.0,
18273,91,47094.0,100.0,6950674.0,7.0,3.78,500.0,1977.5,7.09,116320256.0,1.0,3.0,365.0,3.78,60.92,2.0,18273.0,3.0,2.0,3.0,3.0,2.0,2018.0,116.4,70.0,1.0,88925.0
18276,14,48256.5,60.0,4012647.0,13.5,3.71,431.11,1962.0,,116127240.0,20.0,2.0,304.5,3.71,58.0,1.5,18276.0,3.0,1.0,2.0,3.0,2.0,2005.0,124.0,71.275,4448663.0,
1829,2,63070.5,151.135,17666010.0,12.5,0.82,520.635,1906.0,,99715551.0,1.0,1.0,369.5,,68.0,2.5,1829.0,2.0,0.0,1.0,2.0,2.5,2013.0,,,,
18292,1,79474.0,101.28,6950674.0,6.0,3.39,554.28,1976.0,11.07,113783928.0,,3.0,373.0,3.39,67.7,2.0,18292.0,4.0,1.0,4.0,4.0,3.0,2017.0,48.0,80.0,,
18299,4,67738.5,73.5,8844746.5,10.5,3.44,308.33000000000004,1933.5,10.89,108063547.5,1.0,1.5,223.32999999999998,3.44,33.75,1.0,18299.0,1.5,0.5,3.0,1.5,1.0,2004.0,107.4,45.0,1.0,
18311,46,47861.5,80.0,15895571.0,9.5,2.85,572.5,1976.0,5.32,114783620.0,1.0,3.0,437.5,2.85,64.0,3.0,18311.0,3.0,2.0,4.0,3.0,3.0,2020.0,85.0,70.0,,
18314,3,27279.0,,14278579.0,5.0,2.73,330.36,1950.0,,116988455.0,,1.0,273.36,2.73,56.95,1.0,18314.0,2.0,,2.0,2.0,2.0,,84.0,,,
18317,2,32680.5,120.0,399023.0,15.5,2.45,545.0,,,91303443.0,1.0,,425.0,2.45,46.0,3.0,18317.0,2.0,3.0,3.0,2.0,2.0,2018.0,202.0,,,
18320,4,56879.5,106.695,7603093.5,6.5,3.255,460.0,1935.0,,115305768.0,20.5,1.0,285.3,3.255,52.81,1.5,18320.0,2.0,1.0,3.0,2.0,2.0,2008.0,127.33500000000001,62.54,26733.0,
1833,11,52144.0,100.0,16681268.0,7.0,0.67,397.5,1978.0,7.47,114633913.0,1.0,3.0,305.0,0.67,51.7,2.0,1833.0,2.0,1.0,3.0,2.0,2.0,2007.0,82.64,50.0,,
18334,1,7219.0,230.0,18629045.0,18.0,,580.0,,,117299752.0,,,350.0,,78.0,2.0,18334.0,4.5,,,4.0,3.0,2016.0,,,,
18337,1,64012.0,125.0,524814.0,6.0,3.09,,1870.0,-0.33,115521599.0,0.0,1.0,409.0,3.09,59.0,3.0,18337.0,2.0,,,2.0,2.0,2020.0,150.9,,,
18356,25,65314.0,135.0,5517279.0,5.0,3.03,564.5,1984.5,7.01,114453116.0,1.0,4.0,365.0,3.03,60.13,2.0,18356.0,2.0,2.0,3.0,2.0,2.0,2008.0,102.9,90.0,19.5,
18374,1,11638.0,300.0,16456875.0,22.0,3.85,,2008.0,6.63,117197230.0,1.0,7.0,2000.0,3.85,135.0,8.0,18374.0,3.0,,,3.0,6.0,,,200.0,,
18375,2,20933.5,215.5,16203087.0,17.0,4.14,750.0,2018.0,6.45,112866171.0,2.0,9.0,775.0,4.14,85.5,5.0,18375.0,3.0,1.0,2.0,3.0,4.0,,64.0,,,
18435,28,35720.0,104.0,3902449.0,3.0,1.97,519.8299999999999,1977.0,7.34,115899808.5,1.0,3.0,335.14,1.97,60.41,2.0,18435.0,3.0,4.0,5.0,3.0,2.0,2015.0,70.0,67.5,4711.0,
18437,27,47499.0,130.0,2421453.0,6.0,1.86,490.0,1982.0,2.91,111842159.0,1.0,4.0,330.0,1.86,64.1,2.0,18437.0,3.0,2.0,5.0,3.0,3.0,2008.0,78.5,90.5,2.0,
18439,31,61202.0,95.0,4492872.0,8.0,2.65,500.0,1950.0,4.4,112250874.0,1.0,1.0,370.0,2.2649999999999997,47.43,2.0,18439.0,2.0,1.0,3.0,2.0,2.0,2019.0,115.1,57.93,6.0,
1844,11,33520.0,130.0,17395463.0,7.0,0.17,445.29,1969.0,5.13,115404497.0,2.0,2.0,295.0,0.17,59.0,1.0,1844.0,2.0,2.0,2.0,2.0,2.0,2015.0,85.0,56.0,,
18445,4,35050.0,150.0,3020128.5,11.0,2.52,562.5,1974.0,5.125,101986450.0,1.0,3.0,390.0,2.52,71.43,2.5,18445.0,3.5,2.5,3.0,3.5,3.0,2017.0,111.9,100.0,2.0,
18465,2,22577.0,130.0,8260990.5,11.0,1.43,499.5,1932.5,,76924278.5,1.0,1.5,324.5,2.86,69.0,1.5,18465.0,3.0,1.0,3.0,3.0,2.5,2017.0,160.5,90.0,,
18469,5,44609.0,150.0,4492872.0,1.0,1.39,394.2,1964.0,-4.46,116562708.0,,2.0,245.97,1.39,52.0,1.0,18469.0,2.0,2.0,1.0,2.0,2.0,2015.0,95.2,104.5,4711.0,
1847,2,39203.5,135.0,8692615.5,19.0,0.31,579.5,1842.5,-3.34,116665166.0,1.0,3.0,462.0,0.31,68.5,3.0,1847.0,2.5,,,2.5,3.0,2016.0,,,,
1848,1,82315.0,180.0,16975870.0,10.0,-1.47,535.0,,,113006899.0,1.0,,355.0,-1.47,70.57,2.0,1848.0,4.0,3.0,3.0,4.0,3.0,,,,,
18507,7,73502.0,80.0,5776345.0,5.0,2.08,475.0,1996.0,-4.36,111671588.0,1.0,5.0,365.0,2.08,66.44,2.0,18507.0,3.0,1.0,2.5,3.0,3.0,2018.0,116.0,80.0,389.0,
18510,6,73127.5,72.5,16629815.0,6.5,3.0149999999999997,477.5,,-4.82,113283790.0,1.0,,347.5,3.0149999999999997,52.5,2.0,18510.0,2.5,,,2.5,2.0,2019.0,,80.0,366.5,
18513,2,78345.5,147.45,15791163.0,15.5,-1.61,454.82,1960.0,,113660565.0,,2.0,307.5,-1.61,59.21,1.5,18513.0,2.5,2.0,3.0,2.5,2.5,,113.6,,,
18519,12,67949.5,140.0,16629815.0,7.0,2.69,522.5,1970.0,,89921966.5,1.0,2.0,367.5,2.69,65.0,2.0,18519.0,2.5,2.0,2.5,2.5,3.0,2018.0,80.0,90.0,55.0,
18528,11,47322.0,93.5,659307.0,6.0,2.55,444.695,1984.5,5.16,115671342.0,1.0,4.0,329.22,2.55,52.06,2.0,18528.0,2.0,2.5,4.0,2.0,2.0,2001.5,69.0,86.0,7.0,
18546,20,48045.5,155.0,16293348.0,9.0,2.82,685.0,1999.0,8.86,115635991.0,1.0,5.0,516.5,2.82,64.5,4.0,18546.0,3.0,2.0,3.0,3.0,3.0,2019.0,89.0,70.0,1.0,
1855,41,67359.0,100.0,17395463.0,8.0,0.19,444.0,1920.0,4.7,114417703.0,1.0,1.0,300.0,0.19,60.0,1.0,1855.0,2.0,2.0,3.0,2.0,2.0,1999.0,135.0,70.0,7000.0,
18551,3,52220.0,110.0,927608.0,7.0,3.84,455.0,1975.0,6.9399999999999995,93835817.0,0.0,3.0,300.0,3.96,49.0,1.0,18551.0,2.5,1.5,3.0,2.0,2.0,2017.0,84.45,70.0,,
18556,8,44448.0,97.5,13199378.0,11.5,3.355,510.0,1985.5,9.24,111621988.0,1.0,4.0,375.0,4.09,72.75,2.0,18556.0,3.0,3.0,4.0,3.0,3.0,2019.0,90.0,70.0,,
18569,2,57879.0,55.0,107077.0,12.5,0.895,332.5,1985.0,14.39,99910984.5,,4.0,217.5,0.895,38.2,1.0,18569.0,1.5,2.0,3.0,1.5,1.5,,111.0,60.0,633.5,
18573,6,54886.5,95.0,16629815.0,11.5,2.71,477.0,,1.34,116003455.0,1.0,,310.0,2.71,59.1,1.5,18573.0,2.5,2.0,3.0,2.5,2.5,,84.0,60.0,,
18581,2,19514.0,125.0,17605532.5,8.5,2.875,665.0,1998.5,5.64,109383127.5,1.0,5.0,540.0,2.72,63.42,4.0,18581.0,2.5,2.0,2.5,2.5,2.5,2020.0,106.0,,,
18586,2,16937.5,50.0,1145741.0,8.0,2.75,799.0,1997.0,7.47,117149723.5,,5.0,679.0,2.75,70.0,5.0,18586.0,3.0,2.0,2.0,3.0,3.0,,,70.0,,
18609,16,28860.5,142.5,3224253.5,14.0,3.27,702.5,1936.0,10.1,114158789.0,1.0,1.0,547.5,3.27,60.480000000000004,4.0,18609.0,2.0,2.0,5.0,2.0,2.5,2017.5,29.4,,,
1877,22,57249.0,125.0,615617.0,11.5,2.72,486.0,1908.5,7.28,115863529.5,1.0,1.0,328.0,2.72,62.0,2.0,1877.0,2.0,2.0,3.0,2.0,3.0,2010.0,101.0,70.0,4.0,
18842,1,73937.0,55.0,927608.0,9.0,1.72,460.0,,,91664532.0,1.0,,350.0,,53.0,2.0,18842.0,2.0,2.0,2.0,2.0,2.0,2016.0,485.4,55.0,,
1896,8,44560.5,148.0,13466576.0,10.0,2.97,622.5,1995.0,8.46,116497397.0,1.0,5.0,460.0,2.97,70.12,3.0,1896.0,3.0,1.0,3.5,3.0,3.0,2018.0,83.0,57.0,,
1900,14,39069.0,190.0,561259.0,9.0,2.62,1005.0,1994.0,8.75,116692207.0,1.0,5.0,740.0,2.62,95.325,5.0,1900.0,3.5,2.0,3.0,3.5,4.0,2020.0,94.0,54.0,1.0,
1904,3,924.0,110.0,15946152.0,16.0,2.43,510.0,1995.0,4.79,117095431.0,1.0,5.0,410.0,2.43,88.0,3.0,1904.0,3.0,1.0,2.0,3.0,4.0,2013.5,82.0,60.0,,
19053,66,50529.5,135.0,17074871.0,9.0,4.16,675.56,1930.0,9.67,115311103.0,1.0,1.0,510.0,4.16,62.215,4.0,19053.0,2.0,2.0,3.0,2.0,3.0,2019.0,114.30000000000001,70.0,2.0,
19055,31,39512.0,130.0,15901393.0,9.0,3.875,595.0,1930.0,11.18,115366041.0,1.0,1.0,455.0,3.85,59.78,3.0,19055.0,2.0,2.0,4.0,2.0,2.0,2018.0,101.535,70.0,2.0,
19057,17,24138.0,140.0,86040.0,9.0,3.01,460.0,1971.0,6.64,117019341.0,2.0,3.0,320.0,3.01,54.1,2.0,19057.0,3.0,4.0,,3.0,2.0,,77.0,55.0,4711.0,
19059,14,18344.0,173.0,26668.0,7.0,3.73,772.0,2020.0,8.56,117086154.0,1.0,9.0,599.0,3.73,59.260000000000005,4.5,19059.0,2.0,1.0,2.0,2.0,2.0,2013.5,55.0,56.0,4711.0,
19061,40,44199.0,144.2,86040.0,6.0,2.95,471.0,1990.0,9.545,116170746.5,1.0,4.0,320.0,2.95,58.239999999999995,2.0,19061.0,2.75,3.0,4.0,2.5,2.0,2018.5,93.8,70.0,4711.0,
19063,60,55801.0,143.715,86040.0,7.0,3.5700000000000003,465.5,1981.0,6.03,115669208.5,1.0,4.0,307.5,2.92,58.0,2.0,19063.0,3.0,3.0,5.0,3.0,2.0,2001.5,87.0,85.0,4711.0,
19065,2,48257.5,206.25,17746216.0,6.5,4.915,912.25,2019.0,8.29,111539414.5,1.5,9.0,706.0,4.915,84.785,5.0,19065.0,2.75,2.0,2.5,2.5,3.5,,37.6,,,
19067,1,35942.0,75.0,82379.0,16.0,3.14,500.0,1949.0,14.67,113436244.0,1.0,1.0,350.0,3.14,55.0,2.0,19067.0,1.5,1.0,1.0,1.0,2.0,2019.0,,75.0,,
19071,1,28632.0,50.0,4297091.0,3.0,0.66,467.0,1986.0,,116973312.0,1.0,4.0,362.0,0.66,63.0,2.0,19071.0,2.0,2.0,2.0,2.0,3.0,1998.0,,55.0,,
19073,3,35818.0,75.0,17110960.0,1.0,2.05,410.0,1997.0,9.875,116855757.0,2.0,5.0,300.0,2.05,51.81,1.0,19073.0,2.0,1.0,3.0,2.0,2.0,2018.0,175.7,75.0,,
19075,7,44968.0,130.0,17110960.0,4.0,3.02,430.0,1981.5,10.03,116367987.0,1.0,3.5,300.0,3.02,42.0,1.0,19075.0,2.0,1.0,3.0,2.0,2.0,2017.0,114.85,102.5,0.0,
19079,1,39651.0,80.0,18246656.0,15.0,4.31,510.0,,7.26,113876189.0,,,370.0,4.31,62.0,2.0,19079.0,2.0,,,2.0,3.0,,,60.0,,
19086,1,14542.0,50.0,176203.0,9.0,2.01,435.0,1974.0,5.28,117145836.0,1.0,3.0,385.0,2.01,61.0,2.0,19086.0,3.0,,,3.0,3.0,,72.9,,,
19089,6,72180.5,132.5,17107730.0,7.0,3.885,579.2850000000001,1946.0,5.88,108333412.5,1.0,3.5,395.0,3.96,73.555,2.5,19089.0,2.25,2.0,3.0,2.0,3.5,2017.0,,100.0,,
1909,2,64434.0,60.0,16478562.0,8.5,3.2,519.5,1993.5,6.68,97157125.5,1.0,5.5,385.0,3.2,67.5,2.5,1909.0,2.25,0.0,,2.0,3.0,2019.0,113.0,74.5,,
1917,57,42209.0,100.0,7299374.0,9.0,2.22,470.0,1961.0,7.01,115946505.0,1.0,2.0,330.0,2.22,60.15,2.0,1917.0,2.0,1.0,3.0,2.0,2.0,2018.0,97.0,70.0,97.0,
1920,5,72668.0,65.0,5440929.0,8.0,2.39,437.24,1967.0,7.74,111397272.0,1.0,2.0,325.0,2.39,59.42,2.0,1920.0,2.0,1.0,3.0,2.0,2.0,1995.0,106.2,58.31,192.0,
19205,16,52442.0,66.5,15635823.0,2.0,0.5,370.0,1976.0,6.2,115082289.5,2.0,3.0,302.5,0.5,54.595,1.5,19205.0,2.0,1.0,1.0,2.0,2.0,2017.0,93.0,63.0,,
19209,3,49023.0,40.5,15635823.0,2.0,-0.66,,1971.0,6.38,116364125.0,,3.0,285.0,-0.66,52.66,1.0,19209.0,2.0,0.0,,2.0,2.0,,69.0,69.5,,
19215,1,40263.0,130.0,15566460.0,12.0,1.72,394.0,1953.0,,105792166.0,,2.0,264.0,,47.0,1.0,19215.0,2.0,2.0,2.0,2.0,2.0,2002.0,104.5,,,
19217,9,64564.0,58.0,15635823.0,6.0,0.84,335.0,1966.5,,114245955.0,,2.0,331.07,0.84,57.36,2.0,19217.0,3.0,1.0,3.0,3.0,2.0,2010.0,122.0,73.4,3.0,
19230,10,26634.5,140.0,659307.0,4.5,2.44,539.0,1982.0,8.58,115896986.5,1.0,4.0,383.0,2.44,64.535,2.5,19230.0,3.0,2.0,4.0,3.0,3.0,2001.0,77.2,63.5,6.0,
19243,5,23938.0,105.0,26668.0,7.0,2.96,385.0,1963.0,7.7,117022799.0,1.0,2.0,280.0,2.96,45.58,1.0,19243.0,2.0,2.0,3.0,2.0,2.0,2017.0,121.9,40.0,4711.0,
19246,12,51379.5,86.5,16830783.0,11.0,2.37,951.0,2019.0,6.73,116205918.5,2.0,9.0,860.0,2.37,86.02,6.0,19246.0,3.0,1.0,3.0,3.0,4.0,2020.0,55.6,64.0,,
19258,40,44840.0,83.0,3520254.0,9.5,2.2,489.5,1969.0,9.9,115745079.0,1.0,2.0,345.0,2.2,59.135000000000005,2.0,19258.0,2.75,2.0,3.0,2.5,2.0,2015.0,122.0,91.5,0.0,
19260,3,42768.0,60.0,16701757.0,13.0,4.43,512.0,2010.0,,116620486.0,1.5,7.0,392.0,4.43,56.0,2.0,19260.0,2.0,2.0,3.0,2.0,2.0,2015.0,128.0,45.0,,
19273,3,67250.0,60.0,3520254.0,7.0,2.57,460.0,1970.0,,113265656.0,1.0,2.0,350.0,2.57,61.65,2.0,19273.0,3.0,2.0,3.0,3.0,3.0,2011.0,141.0,81.0,,
19288,37,80237.0,159.59,14114396.0,11.0,4.07,886.185,2020.0,5.21,113581009.0,1.0,9.0,690.0,4.07,69.0,5.0,19288.0,2.5,1.0,2.0,2.0,3.0,2020.0,95.65,75.0,,
19294,1,10708.0,150.0,17074588.0,10.0,0.89,295.0,,,117228360.0,1.0,,295.0,0.89,60.0,1.0,19294.0,3.0,1.0,1.0,3.0,2.0,,,,,
19300,13,42538.0,60.0,4832460.0,6.0,2.66,421.0,1977.0,11.24,112768820.0,60.0,3.0,308.0,2.66,60.0,2.0,19300.0,2.0,1.5,3.0,2.0,2.0,2018.0,97.0,62.5,,
19303,3,58672.0,50.0,1219672.0,18.0,1.97,546.0,1999.0,7.995000000000001,95127174.0,1.0,5.0,390.0,0.985,72.0,2.0,19303.0,3.0,2.0,3.0,3.0,3.0,2015.5,150.0,77.5,1.0,
19306,3,64010.0,80.0,16553834.0,12.0,2.04,319.0,1996.0,7.69,108218625.0,1.0,5.0,239.0,2.04,45.0,1.0,19306.0,2.0,1.5,2.0,2.0,2.0,,,100.0,,
19322,25,54839.0,87.5,994998.0,6.0,2.39,481.0,1976.0,20.58,116015553.0,0.0,3.0,335.0,2.39,62.01,2.0,19322.0,3.0,2.0,4.0,3.0,3.0,1998.0,114.0,75.0,33.0,
19339,1,38758.0,77.76,17318211.0,7.0,2.86,467.0,1995.0,,116775507.0,,5.0,305.0,2.86,65.0,2.0,19339.0,3.0,1.0,2.0,3.0,3.0,2020.0,,84.24,,
19348,6,68075.0,52.0,1636911.5,5.0,3.38,394.5,1935.0,22.96,115262285.0,1.0,1.0,277.5,3.38,57.305,1.0,19348.0,2.0,1.0,3.0,2.0,2.0,2020.0,116.2,44.0,,
1936,10,61280.0,137.5,11575110.0,5.5,2.04,482.75,1997.0,6.47,113303552.0,1.0,5.0,377.5,2.2199999999999998,67.185,2.0,1936.0,3.0,2.0,2.0,3.0,3.0,2018.0,115.21,80.0,,
19370,33,41874.0,115.0,9017474.0,7.0,3.99,510.0,1980.0,7.44,116205195.0,1.0,3.0,354.0,3.99,58.37,2.0,19370.0,3.0,2.0,3.0,3.0,2.0,2017.0,103.2,68.0,106.5,
19372,1,82494.0,80.0,2004318.0,10.0,2.45,400.0,1900.0,,112946366.0,2.0,1.0,250.0,2.45,60.0,1.0,19372.0,3.0,,,3.0,2.0,,156.0,70.0,,
19376,3,61488.0,50.0,9017474.0,9.0,5.02,,1970.0,,100750818.0,,2.0,240.0,5.02,47.0,1.0,19376.0,2.0,1.5,,2.0,2.0,,123.5,50.0,,
19386,4,50721.0,159.6,17152887.0,3.5,2.4,775.0,1968.0,,115305214.5,1.0,2.0,418.75,2.4,73.065,2.5,19386.0,3.0,1.0,2.0,3.0,3.0,2020.0,91.3,60.0,,
19395,13,76856.0,95.0,15475325.0,6.0,3.92,450.0,1992.0,9.21,114287464.0,1.0,4.5,300.0,3.92,64.59,1.0,19395.0,3.0,2.0,4.0,3.0,3.0,2018.0,139.7,75.0,2.0,
19406,8,52255.0,72.0,10278692.5,9.0,2.7,473.0,1996.0,5.52,116167897.0,1.0,5.0,334.5,2.7,60.825,2.0,19406.0,2.75,1.5,2.5,2.5,2.5,2018.0,86.5,65.0,212.0,
19412,4,52396.5,127.0,4703659.0,8.5,3.96,542.405,1996.0,,116165515.5,1.0,5.0,374.905,3.96,68.16499999999999,2.5,19412.0,2.5,2.0,3.0,2.5,3.0,2015.0,,59.0,,
19417,5,57302.0,120.0,922662.0,9.0,1.18,499.0,1983.5,16.33,115824849.0,1.0,3.5,379.0,1.1400000000000001,70.0,2.0,19417.0,3.0,1.0,1.0,3.0,3.0,2014.5,111.5,60.5,2369.0,
19439,1,75695.0,52.0,16158287.0,1.0,2.11,337.0,2011.0,4.1,114447441.0,,8.0,250.0,2.11,26.0,1.0,19439.0,1.0,1.0,3.0,1.0,1.0,,72.0,35.0,,
1945,12,63004.0,91.5,977006.0,7.5,2.225,516.5350000000001,1969.0,-15.43,108811790.5,1.0,2.0,361.145,1.455,59.9,2.0,1945.0,3.0,1.0,3.0,3.0,2.0,1997.0,113.0,60.5,1.0,
1968,19,56005.0,127.0,959594.0,10.0,0.65,620.0,1943.5,-13.23,115668558.0,1.0,1.5,439.6,0.65,68.0,3.0,1968.0,2.0,1.0,2.0,2.0,3.0,2018.0,124.8,50.0,1236.5,
1979,24,63406.5,122.5,7299374.0,7.0,1.59,400.0,1959.0,-13.48,114063942.5,1.0,2.0,272.5,1.59,50.95,1.0,1979.0,2.0,2.0,4.0,2.0,2.0,2008.5,92.65,70.0,2.0,
1983,6,52771.0,172.5,8969074.0,4.5,1.53,550.0,1955.0,-12.81,115957154.5,1.5,2.0,377.5,1.53,66.49,2.0,1983.0,3.0,1.0,2.0,3.0,3.0,2000.0,145.39999999999998,,1983.0,
1987,10,49078.0,112.5,16847965.0,7.0,0.82,422.5,1925.5,,110528285.5,2.0,1.0,282.5,0.82,58.075,1.0,1987.0,2.5,1.0,3.0,2.5,2.0,2015.0,89.0,63.0,1.0,
1993,2,60876.5,147.5,259869.0,1.5,0.96,392.5,1963.0,,41865648.5,,2.0,245.0,,56.3,1.0,1993.0,3.0,2.5,4.0,3.0,2.0,,,,47608.0,
1998,1,73576.0,219.0,685197.0,8.0,,604.0,1995.0,,96488170.0,1.0,5.0,385.0,,80.0,2.0,1998.0,3.0,2.0,2.0,3.0,3.0,,105.52,114.0,,
1999,1,71214.0,210.0,685197.0,12.0,1.59,620.0,1995.0,-13.05,67697107.0,1.0,5.0,420.0,1.59,84.0,3.0,1999.0,3.0,3.0,3.0,3.0,4.0,,93.0,100.0,,
20095,1,22348.0,70.0,3249144.0,16.0,,1250.0,1936.0,,117034975.0,,1.0,1130.0,,45.5,7.0,20095.0,2.0,3.0,5.0,2.0,2.0,,,50.0,,
20097,19,50669.0,265.0,5400981.0,12.0,5.51,1771.52,2017.0,12.71,115739926.0,1.0,9.0,1436.38,5.51,83.0,7.0,20097.0,2.0,7.0,5.5,2.0,4.0,,51.2,85.0,,
20099,10,39215.5,180.0,14057169.5,10.0,4.81,1200.0,1964.0,8.12,116253012.0,1.5,2.0,1072.5,4.81,78.31,7.0,20099.0,2.5,2.5,4.0,2.5,3.5,2018.5,78.15,75.5,1.0,
20144,9,21616.0,275.0,17440154.0,11.0,4.32,910.0,1898.0,7.59,117046030.0,,1.0,1750.0,4.32,90.02,8.0,20144.0,3.0,2.0,3.5,3.0,4.0,2019.0,152.5,200.0,1.0,
20146,13,21602.0,200.0,18040149.0,13.0,3.55,1588.0,1905.0,7.23,116455383.0,1.0,1.0,1273.0,3.55,72.0,7.0,20146.0,3.0,1.5,5.0,3.0,3.0,2018.0,104.5,115.0,2.0,
20148,17,19465.0,300.0,17640606.0,14.0,3.55,1992.0,1900.0,7.23,116794448.0,1.0,1.0,1800.0,3.55,112.0,8.0,20148.0,2.0,2.0,4.0,2.0,5.0,2016.0,107.0,200.0,2.0,
20149,19,39068.0,280.0,7126071.0,11.0,4.32,2800.0,1973.0,7.59,115633975.0,1.0,3.0,2395.0,4.32,100.34,9.0,20149.0,2.0,2.0,4.0,2.0,4.0,2018.5,95.0,147.5,12.0,
20175,1,28375.0,80.0,17966845.0,6.0,4.23,710.0,1959.0,6.77,116137580.0,,2.0,630.0,4.23,63.0,5.0,20175.0,2.5,,,2.0,3.0,2015.0,,,,
20249,7,38158.0,180.0,12698776.0,12.0,4.71,1814.5,1938.0,8.97,116791794.0,1.0,1.0,1600.0,4.71,75.0,8.0,20249.0,3.0,3.0,4.0,3.0,3.0,2017.5,170.0,107.5,3301.0,
20251,15,32751.0,180.0,16923771.0,11.0,4.68,1780.0,1973.0,8.97,116844482.0,1.0,3.0,1550.0,4.68,76.22,8.0,20251.0,3.0,2.5,5.0,3.0,3.0,2020.0,96.5,45.0,7.0,
20253,3,27771.0,65.0,17388670.0,11.0,5.25,1180.0,1928.5,8.92,116974929.0,,1.5,1050.0,5.25,70.0,7.0,20253.0,2.0,1.0,5.0,2.0,3.0,2016.0,,0.0,,
20255,3,17514.0,200.0,16989458.0,10.0,4.93,1200.0,1954.5,9.18,117096085.0,,3.0,1000.0,4.93,56.0,6.0,20255.0,2.0,1.0,4.0,2.0,2.0,2017.0,207.6,80.0,,
20257,4,39089.5,110.0,18324477.0,6.0,4.93,825.0,1931.0,9.18,116748679.5,1.0,1.5,702.5,4.93,50.379999999999995,5.0,20257.0,2.0,2.0,4.0,2.0,2.0,2018.0,173.0,65.0,,
20259,4,14846.5,150.0,11947629.5,14.5,4.93,1390.0,1889.0,9.18,117169443.0,1.0,1.0,1226.28,4.93,68.0,7.0,20259.0,3.0,3.0,4.0,3.0,3.0,2018.5,,54.0,,
20354,3,69316.0,277.0,15611113.0,9.0,5.15,3961.0,1930.0,8.81,115172432.0,,2.5,1693.0,5.15,94.0,8.0,20354.0,2.0,3.0,4.5,2.0,4.0,2019.0,,,,
20355,6,23263.5,275.0,16349912.5,11.0,5.47,1396.8600000000001,1900.0,8.81,117024551.5,0.0,1.0,1111.8600000000001,5.47,66.345,7.0,20355.0,2.5,3.0,6.0,2.5,3.0,2019.0,67.0,0.0,,
20357,2,44616.5,250.0,16936639.5,8.5,5.3,1795.0,2015.0,10.56,116378431.0,1.0,8.0,1670.0,5.3,70.0,8.0,20357.0,2.5,1.0,3.0,2.5,3.0,2019.0,,,,
20359,1,22280.0,400.0,14452296.0,10.0,5.41,1750.0,,8.8,117036836.0,,,1350.0,5.41,120.0,7.0,20359.0,3.0,1.0,3.0,3.0,5.0,,,,,
20457,39,47824.0,303.41,15901393.0,10.0,,2547.52,2018.0,,116171058.0,1.0,9.0,2190.0,,101.58,9.0,20457.0,3.0,5.0,7.0,3.0,5.0,2019.0,61.9,90.0,8.0,
20459,4,33381.0,195.0,17536891.0,12.5,5.47,1264.5,1960.0,8.81,116728724.0,,2.0,1007.0,5.47,55.769999999999996,6.5,20459.0,2.25,3.5,7.0,2.0,2.5,2018.5,135.8,60.0,13.0,
20535,11,17868.0,127.0,12606388.0,11.0,5.81,1048.0,1953.0,10.21,116969706.0,0.0,2.0,898.0,5.81,64.54,6.0,20535.0,2.5,2.0,4.0,2.0,3.0,2017.0,119.8,70.0,1.0,
20537,7,30388.0,175.5,22222.0,7.0,6.03,1489.0,1994.0,10.28,116954420.0,1.0,5.0,1225.0,6.03,83.0,7.0,20537.0,3.0,2.0,4.0,3.0,4.0,,92.0,123.0,,
20541,1,68270.0,195.42,240229.0,3.0,3.28,995.42,2019.0,9.22,115236431.0,1.0,9.0,750.0,3.28,79.0,5.0,20541.0,3.0,4.0,4.0,3.0,3.0,,,,,
21029,11,51700.0,170.0,5759162.0,18.0,4.56,1120.0,2018.0,6.42,116025778.0,1.0,9.0,890.0,4.56,70.07,6.0,21029.0,2.5,1.0,4.0,2.0,3.0,2019.0,82.7,35.78,14.0,
21031,12,57500.5,189.93,16644829.0,9.0,4.745,1037.93,2019.0,7.45,115454772.5,1.0,9.0,924.05,4.745,75.5,6.0,21031.0,3.0,2.0,4.0,3.0,3.0,2016.0,121.0,50.0,,83754.0
21033,6,25837.0,233.93,15777197.5,9.5,4.73,1265.0,1977.5,7.45,117000928.5,1.0,3.5,897.5,4.73,78.5,6.0,21033.0,2.25,1.5,2.0,2.0,3.5,2014.0,102.0,80.0,6.0,
21035,16,42019.5,137.5,22222.0,10.0,4.45,1327.0,2016.0,6.42,115090519.0,1.0,9.0,1080.5,4.45,86.05000000000001,7.0,21035.0,3.0,2.5,4.0,3.0,4.0,2007.5,60.0,80.0,3301.0,
21037,1,39943.0,100.0,5375747.0,12.0,3.88,805.0,1975.0,9.8,116751185.0,,3.0,625.0,3.88,79.0,5.0,21037.0,2.0,,,2.0,3.0,,111.7,55.0,,
21039,4,35516.0,230.0,1613896.5,7.5,4.115,1094.0,1992.5,1.4149999999999998,116754181.5,1.0,5.5,910.5,4.115,99.5,6.0,21039.0,3.25,1.0,1.5,3.0,4.5,,37.05,,509414.0,
21073,13,33755.0,100.0,16567751.0,6.0,4.48,598.605,1964.5,8.72,116265907.0,1.0,2.0,430.0,4.48,51.87,3.0,21073.0,2.0,2.0,3.0,2.0,2.0,2018.0,77.1,48.04,4711.0,
21075,9,21481.0,110.0,16914726.0,13.0,4.69,1125.0,1975.0,6.01,116952771.0,1.0,3.0,980.0,4.69,90.0,6.0,21075.0,2.0,1.5,2.5,2.0,4.0,2020.0,142.1,90.0,2361.5,
21077,9,40954.0,208.0,16567751.0,11.0,4.12,1274.725,1970.0,6.77,116699897.0,1.0,2.0,1089.45,4.12,85.72,7.0,21077.0,3.0,1.0,3.0,3.0,4.0,2019.5,118.9,87.0,5220.0,
21079,24,69628.5,205.685,15792994.0,11.5,4.54,1626.69,2017.0,8.72,114978566.5,1.0,9.0,1352.5,4.54,94.24000000000001,7.0,21079.0,3.0,1.5,4.0,3.0,4.0,2019.0,55.0,100.0,5230.0,
21109,5,11711.0,100.0,146060.0,6.0,5.18,657.66,1975.0,8.96,117195639.0,1.0,3.5,517.66,5.18,56.03,4.0,21109.0,2.0,2.0,4.0,2.0,2.0,,144.0,59.0,18.0,
21129,2,54582.5,106.0,4290862.0,11.5,5.7,897.5,1970.0,9.13,115061060.5,,2.0,738.5,5.7,65.87,5.0,21129.0,2.75,1.0,3.0,2.5,3.0,2019.0,42.0,53.0,6.0,
21147,7,33496.0,210.0,667499.0,6.0,4.22,1122.5,2019.0,6.88,116832747.0,1.0,9.0,900.0,4.22,76.08,6.0,21147.0,2.0,1.0,3.0,2.0,3.0,2019.0,141.5,52.5,4.0,
21149,14,39520.0,182.5,15979885.0,13.5,4.22,741.315,2005.5,6.88,115691759.0,1.0,7.0,584.0,4.22,67.5,4.0,21149.0,2.5,3.0,3.0,2.0,3.0,2008.0,64.0,60.0,5210.0,
21215,1,11923.0,70.0,602570.0,12.0,3.04,560.0,1959.0,6.73,117187502.0,,2.0,490.0,3.04,56.0,3.0,21215.0,2.0,3.0,3.0,2.0,2.0,2019.0,137.7,,,
21217,12,48477.0,182.5,3124445.5,7.0,3.94,942.5,2020.0,7.09,116342793.0,1.0,9.0,734.0,3.94,61.5,5.0,21217.0,2.0,1.0,2.0,2.0,3.0,,41.0,115.0,5210.0,
21218,8,16226.5,172.5,3012656.5,10.5,3.94,830.0,1996.0,7.09,117062708.5,1.0,5.0,677.5,3.94,75.5,5.0,21218.0,2.75,1.0,2.0,2.5,3.5,2013.0,105.0,70.0,0.5,
21220,8,28810.5,175.0,8534029.0,9.0,3.94,1063.5,1976.0,7.09,116533915.0,1.0,3.0,861.0,3.94,86.0,5.5,21220.0,3.5,1.0,2.0,3.5,4.0,,151.0,90.5,1.0,
21224,6,29407.5,160.0,5181256.0,13.0,3.66,890.0,1972.0,6.95,116130139.0,1.0,3.0,685.0,3.66,75.5,5.0,21224.0,3.0,0.5,2.0,3.0,3.0,2011.0,153.5,92.5,,
21227,4,50295.5,185.0,12479864.0,12.0,3.07,980.0,1984.0,4.02,116282560.5,1.0,3.5,870.0,3.07,89.875,5.5,21227.0,3.5,1.0,2.0,3.5,3.5,2016.0,112.45,120.0,5240.0,
21244,31,32427.0,152.0,15632791.0,10.0,4.14,1150.8,1997.0,7.69,116518672.0,1.0,5.0,950.0,4.14,86.2,6.0,21244.0,3.0,1.0,3.0,3.0,4.0,2019.5,99.6,100.0,819.0,
21255,17,28825.0,150.0,854311.0,12.0,3.75,855.0,2016.5,6.5,115716796.0,1.0,8.5,660.0,3.75,79.0,5.0,21255.0,3.0,1.0,3.0,3.0,3.0,2019.0,125.0,36.0,2.0,
21258,1,20341.0,120.0,17765208.0,10.0,3.67,520.0,1996.0,3.02,101239631.0,1.0,5.0,400.0,3.67,59.6,2.0,21258.0,2.0,0.0,0.0,2.0,2.0,2017.0,,,,
21266,10,13752.5,210.0,12301616.0,5.5,3.92,1353.5,2018.0,6.63,117181464.0,1.0,9.0,1161.0,3.92,106.36,7.0,21266.0,3.5,1.0,2.0,3.5,4.5,2019.0,45.9,,,
21271,2,46734.5,270.0,14860243.0,14.5,3.075,1120.0,2011.5,6.89,86446300.0,2.0,7.5,1142.5,4.74,120.5,6.5,21271.0,3.0,1.0,1.0,3.0,5.5,2013.0,45.3,,,
21279,1,25446.0,100.0,16161051.0,17.0,3.47,720.0,1972.0,6.16,117006002.0,1.0,3.0,620.0,3.47,73.0,5.0,21279.0,3.0,,,3.0,3.0,,107.7,80.0,,
21335,42,28743.0,100.0,16457087.0,7.0,3.09,690.0,1979.5,5.74,116760111.0,1.0,3.5,560.0,3.09,54.35,4.0,21335.0,2.0,2.0,2.0,2.0,2.0,2017.0,111.0,100.0,2.0,
21337,26,24143.5,170.0,10548007.5,10.0,3.09,1002.0,2012.5,5.74,116778399.0,1.0,8.0,822.5,3.09,77.52000000000001,5.5,21337.0,2.25,2.0,4.0,2.0,3.0,2018.5,61.6,75.0,4711.0,
21339,10,25217.0,115.0,15301124.5,11.5,3.09,802.5,1985.0,5.74,117004990.0,1.0,4.0,637.5,3.09,67.81,5.0,21339.0,2.0,1.0,3.0,2.0,3.0,2020.0,104.1,45.0,56.5,
21354,10,45127.0,155.0,16254058.0,5.0,2.36,805.0,1987.0,1.24,116384910.5,1.0,4.0,630.0,2.36,95.0,5.0,21354.0,3.0,1.0,2.0,3.0,4.0,2016.0,366.7,95.0,21312.0,
21357,8,56394.5,190.0,4536757.5,13.0,3.01,1020.0,1999.0,6.23,115507463.5,1.0,5.0,780.0,3.01,82.5,5.0,21357.0,3.0,2.0,2.0,3.0,4.0,2020.0,122.35,,10.0,
21365,8,47508.0,150.0,7657177.0,12.0,2.79,1050.0,2012.0,4.1,116415096.5,1.0,8.0,865.0,2.79,86.0,6.0,21365.0,3.0,2.0,3.0,3.0,3.5,2016.0,75.55,,,
21368,2,23536.0,117.5,18057494.0,4.0,2.63,492.5,1972.0,1.38,117026654.5,1.0,3.0,375.0,2.63,53.5,2.0,21368.0,2.0,0.0,1.0,2.0,2.0,2017.0,,,,
21376,1,9250.0,80.0,18626317.0,12.0,3.54,460.0,,6.37,117185995.0,,,380.0,3.54,49.0,2.0,21376.0,1.0,1.0,1.0,1.0,2.0,,,,,
21379,1,44405.0,60.0,509034.0,15.0,2.79,760.0,1980.0,7.19,116567371.0,1.0,3.0,700.0,2.79,125.0,5.0,21379.0,3.0,2.0,2.0,3.0,6.0,,107.9,,,
21385,2,53068.5,66.0,9329884.0,9.5,2.21,303.5,1975.0,7.81,112915499.5,,3.0,210.0,2.21,31.755,1.0,21385.0,1.5,1.0,1.0,1.5,1.5,,168.4,55.0,,
21391,2,39504.5,85.0,472822.0,7.0,2.73,800.0,1999.0,4.95,81639675.0,1.0,5.0,630.0,2.73,69.75,5.0,21391.0,3.0,1.0,2.0,3.0,3.0,2015.0,85.8,85.0,7.0,
21394,1,37921.0,125.0,5394580.0,15.0,1.97,,,6.47,116795193.0,,,975.0,1.97,130.0,6.0,21394.0,4.5,1.0,2.0,4.0,6.0,,,125.0,,
21395,2,41270.5,115.0,15519312.0,9.5,3.65,825.0,2019.5,11.29,111361166.5,1.0,9.0,710.0,3.65,75.25,5.0,21395.0,2.5,1.0,1.0,2.5,3.0,,,,,
21397,1,39601.0,150.0,18609750.0,2.0,3.11,680.0,,4.18,116755940.0,1.0,,530.0,3.11,75.0,4.0,21397.0,4.0,1.0,1.0,4.0,3.0,,190.8,,,
21398,1,57701.0,,149247.0,14.0,2.91,,1956.0,,115810072.0,,2.0,540.0,2.91,86.0,4.0,21398.0,3.0,,,3.0,4.0,,312.3,,,
21400,1,39767.0,70.0,423250.0,2.0,2.29,710.0,,-5.66,116753355.0,1.0,,520.0,2.29,78.0,4.0,21400.0,3.0,2.0,2.0,3.0,3.0,,222.0,120.0,,
21406,1,35668.0,130.0,520719.0,2.0,2.52,930.0,,5.17,116861964.0,,,800.0,2.52,124.88,5.0,21406.0,3.0,1.0,2.0,3.0,6.0,,105.5,,400.0,
21423,18,18161.0,150.0,16561637.0,13.5,3.89,910.0,2015.0,7.34,116341047.5,1.0,8.0,755.0,3.89,76.0,5.5,21423.0,3.0,1.0,2.0,3.0,3.0,2019.5,116.3,90.0,21.0,
21435,5,17283.0,180.0,382668.0,4.0,3.57,1300.0,2020.0,6.97,117098452.0,1.0,9.0,1080.0,3.57,90.0,7.0,21435.0,3.0,1.0,2.5,3.0,4.0,2018.0,28.0,,,
21438,1,27450.0,150.0,18599899.0,6.0,3.95,670.0,1974.0,,116987190.0,1.0,3.0,520.0,3.95,70.0,4.0,21438.0,2.0,0.0,1.0,2.0,3.0,,,,,
21439,1,45388.0,150.0,18603967.0,11.0,3.49,1200.0,1975.0,3.84,116544910.0,1.0,3.0,1050.0,3.49,105.0,7.0,21439.0,4.0,1.0,1.0,4.0,5.0,2019.0,,,,
21449,1,5804.0,70.0,17157060.0,0.0,2.69,250.0,1978.0,,117318810.0,1.0,3.0,180.0,2.69,25.0,1.0,21449.0,1.0,,,1.0,1.0,2018.0,,,,
21465,40,33619.0,205.0,499331.0,8.0,3.75,970.0,1995.0,7.5,116853866.5,1.0,5.0,765.0,3.75,79.85,5.0,21465.0,3.0,1.0,2.0,3.0,3.0,2019.5,54.0,80.0,4711.0,
21481,7,33756.0,115.0,1633354.0,8.0,4.09,585.0,1951.0,8.31,115377653.0,1.0,2.0,415.0,4.09,64.77,3.0,21481.0,2.0,1.0,2.0,2.0,3.0,2015.5,177.5,51.0,7452.0,
21483,1,48371.0,140.0,3298941.0,10.0,4.68,578.0,1930.0,,95865891.0,1.0,1.0,438.0,4.68,56.0,3.0,21483.0,2.0,1.0,1.0,2.0,2.0,,144.2,,,
21493,19,40723.0,100.0,15496519.0,9.0,4.11,682.0,1990.0,10.75,113895232.0,1.0,4.0,498.0,4.11,62.86,3.0,21493.0,2.0,2.0,2.0,2.0,3.0,2020.0,103.9,62.5,301.0,
21502,28,50129.0,163.5,633999.0,8.0,4.28,944.5,1980.0,11.98,116054942.0,1.0,3.0,724.0,4.28,75.805,5.0,21502.0,3.0,1.0,3.0,3.0,3.0,2017.0,65.9,70.0,200.0,
21509,6,30779.5,120.0,10325372.0,7.0,3.89,880.0,1982.5,7.14,115849150.0,1.0,3.5,725.0,3.89,71.91,5.0,21509.0,3.0,1.0,3.0,3.0,3.0,,97.0,70.0,101.0,
21514,10,59273.5,70.0,926320.0,8.5,4.49,640.0,2005.0,10.97,115735203.0,1.0,6.0,492.0,4.49,54.625,3.5,21514.0,2.5,0.5,2.0,2.5,2.0,,79.7,75.0,1.0,
21516,1,32572.0,80.0,5325327.0,4.0,6.59,750.0,2003.0,,54145103.0,3.0,6.0,580.0,6.59,95.0,4.0,21516.0,3.0,1.0,1.0,3.0,4.0,2003.0,,90.0,,
21521,1,56954.0,420.0,17514810.0,25.0,3.28,2800.0,1917.0,9.27,115858911.0,,1.0,2380.0,3.28,170.0,9.0,21521.0,6.0,1.0,,5.0,7.0,2019.0,,,,
21522,2,43268.5,120.0,17593790.5,9.0,1.61,690.0,1973.0,-9.25,115920988.0,,3.0,570.0,1.61,61.0,4.0,21522.0,2.75,1.5,2.0,2.5,2.5,2020.0,,,,
21614,27,34985.0,143.0,14773843.0,9.0,3.12,865.0,1987.5,8.37,116637368.0,1.0,4.5,680.0,3.12,76.41,5.0,21614.0,2.0,1.5,3.0,2.0,3.0,2016.5,98.0,69.0,4.0,
21629,13,39915.0,150.0,791505.0,14.0,4.07,890.0,1988.0,8.33,116640665.0,1.0,4.0,790.0,4.07,96.0,5.0,21629.0,3.0,1.0,2.0,3.0,4.0,2020.0,126.6,125.0,4.0,
21635,4,35489.5,182.5,11311704.0,12.0,2.8049999999999997,896.5,2012.0,6.58,109432871.0,1.0,8.0,674.0,2.79,73.35,5.0,21635.0,2.5,2.0,3.0,2.5,3.0,2015.5,89.89500000000001,80.0,3.0,
21640,7,52205.0,150.0,15685725.0,13.0,2.45,730.0,2012.0,7.8,115818948.0,2.0,8.0,770.0,2.45,88.17,5.0,21640.0,3.0,1.0,1.5,3.0,4.0,2020.0,71.0,70.0,4.0,
21641,3,41531.0,160.0,14995422.0,12.0,2.21,937.5,2019.0,6.67,116671099.0,1.5,9.0,750.0,2.21,84.0,5.0,21641.0,2.5,1.0,1.5,2.0,4.0,2020.0,26.7,65.0,,
21647,1,1868.0,60.0,15366600.0,8.0,3.74,920.0,1990.0,5.7,117362110.0,2.0,4.0,860.0,3.74,90.0,6.0,21647.0,3.0,2.0,2.0,3.0,4.0,2020.0,,,,
21680,12,41107.0,163.75,8854011.5,6.5,3.03,722.5,1996.0,7.62,116695361.0,1.0,5.0,557.5,3.03,61.055,4.0,21680.0,2.25,0.0,3.0,2.0,2.5,2014.0,103.2,120.0,4.0,
21682,10,48817.5,162.0,17576811.0,12.0,3.03,760.0,1980.0,7.62,115924077.0,1.0,3.0,565.0,3.03,70.89500000000001,4.0,21682.0,2.5,1.5,3.0,2.5,3.0,2017.5,166.4,90.0,,
21683,1,47734.0,125.0,15590311.0,26.0,3.03,730.0,2008.0,7.62,116414011.0,1.0,7.0,565.0,3.03,57.07,4.0,21683.0,2.0,1.0,1.0,2.0,2.0,,73.0,,,
21684,1,16101.0,375.0,5390037.0,15.0,3.03,1610.0,2015.0,7.62,117119212.0,1.0,8.0,1235.0,3.03,154.2,7.0,21684.0,4.0,2.0,3.0,4.0,7.0,,10.0,,,
21698,5,39385.0,195.0,5390037.0,4.0,3.14,999.0,2019.0,7.68,116759089.0,1.0,9.0,810.0,3.14,85.0,6.0,21698.0,3.0,1.0,3.0,3.0,4.0,2018.0,39.0,,,
21702,2,39670.0,200.0,15326705.0,3.0,1.81,999.0,2020.0,,116643755.0,2.0,9.0,799.0,1.81,94.0,5.0,21702.0,2.5,0.5,2.0,2.5,4.0,,,,,
21706,1,13136.0,170.0,178287.0,6.0,3.77,,2010.0,,98318175.0,,7.0,600.0,,80.0,4.0,21706.0,3.0,1.0,1.0,3.0,3.0,,245.0,50.0,221.0,
21709,2,12955.5,145.0,18061688.0,6.5,2.32,587.5,2008.0,4.55,117189903.0,1.0,7.0,442.5,2.32,51.5,3.0,21709.0,2.0,1.0,1.0,2.0,2.0,1997.0,107.0,,,
21717,1,43959.0,60.0,5410553.0,1.0,2.55,,,7.06,116574269.0,1.0,,590.0,2.55,97.0,4.0,21717.0,2.0,,,2.0,4.0,,113.0,,,
21720,8,53570.5,155.0,17372760.5,10.5,2.04,727.5,1909.0,3.91,115603390.0,1.0,1.0,472.5,2.04,76.0,3.0,21720.0,2.75,1.5,2.0,2.5,3.0,2018.5,133.55,92.5,,
21723,1,60096.0,200.0,791505.0,22.0,3.54,595.0,1928.0,11.7,115666489.0,1.0,1.0,395.0,3.54,47.0,2.0,21723.0,2.0,1.0,1.0,2.0,2.0,2020.0,181.6,,3.0,
21726,2,43887.0,200.0,17576811.0,8.5,3.89,640.0,1995.0,10.19,116575330.5,,5.0,440.0,3.89,65.0,2.5,21726.0,1.5,0.5,2.0,1.5,2.5,,149.2,85.0,,
21737,2,40903.5,100.0,714139.0,10.0,3.7,650.0,1960.5,,69971545.5,1.0,2.0,495.0,,103.0,3.5,21737.0,4.0,1.0,1.0,4.0,5.0,,159.75,130.0,,
21762,2,41781.0,140.0,16624306.5,7.5,5.535,960.0,2012.0,12.16,93281574.0,2.0,8.0,820.0,5.44,85.0,6.0,21762.0,3.0,1.0,1.0,3.0,4.0,2012.0,21.0,,,
21769,2,54612.0,210.0,13910176.0,17.0,2.68,720.0,1930.0,,116024581.0,1.0,1.0,510.0,2.68,105.0,4.0,21769.0,4.0,1.0,1.0,4.0,5.0,,141.4,,,
21785,1,40498.0,180.0,16631440.0,11.0,2.0,740.0,1930.0,,108620528.0,,1.0,560.0,2.0,90.0,4.0,21785.0,4.0,,,4.0,4.0,1990.0,347.9,80.0,,
21789,1,39339.0,110.0,15644168.0,8.0,2.42,525.0,2010.0,7.41,67145505.0,1.0,7.0,415.0,2.42,59.8,3.0,21789.0,2.0,1.0,1.0,2.0,2.0,2017.0,,,,
22041,15,23922.0,100.0,15766649.0,8.0,5.07,969.5,2016.5,8.3,116887373.0,1.0,9.0,800.0,5.07,48.25,5.0,22041.0,2.0,1.0,4.0,2.0,2.0,2018.0,53.7,50.0,2624.0,
22043,5,26216.0,250.0,16072747.0,9.0,4.68,1560.0,1999.0,7.69,116916631.0,1.0,5.5,1290.0,4.68,94.0,7.0,22043.0,3.0,2.0,3.0,3.0,4.0,2020.0,82.05,130.0,725.5,
22045,24,22203.0,177.5,17433176.0,11.0,4.62,1212.0,2019.0,8.26,117012588.0,1.0,9.0,1064.0,4.62,75.125,7.0,22045.0,3.0,1.0,3.0,3.0,3.0,2015.5,124.0,78.0,4711.0,
22047,7,24530.0,122.0,17061980.0,6.0,5.07,937.0,1975.5,8.3,116866567.0,1.0,3.0,705.0,5.07,63.0,5.0,22047.0,2.0,1.0,4.0,2.0,3.0,2020.0,112.0,69.5,633.0,
22049,3,45317.0,185.0,16284674.0,17.0,6.1,1300.0,1955.0,9.52,104456958.0,1.0,2.0,1050.0,5.585,76.0,7.0,22049.0,3.0,3.0,4.0,3.0,3.0,2014.0,73.0,90.0,,
22081,7,21551.0,185.43,17192190.0,12.0,5.58,1624.72,2015.0,9.79,117046420.0,1.0,8.0,1350.99,5.58,80.0,7.0,22081.0,2.0,1.0,4.5,2.0,3.0,2020.0,56.7,94.15,2.0,
22082,1,25292.0,170.0,16831135.0,0.0,5.58,1120.0,,9.79,117006881.0,,,950.0,5.58,40.0,6.0,22082.0,1.0,24.0,28.0,1.0,1.0,,,,,
22083,12,27591.0,118.5,15381502.0,6.0,5.58,1100.0,1950.0,9.79,116839407.0,1.0,1.0,952.5,5.58,60.5,6.0,22083.0,2.0,2.0,5.0,2.0,2.5,2019.5,177.5,67.0,131.0,
22085,19,23573.0,300.0,17102358.0,13.0,4.25,2848.495,1960.0,7.49,116944977.0,1.0,2.0,1900.0,4.25,93.0,8.0,22085.0,3.5,1.5,3.5,3.0,4.0,2015.0,159.55,176.33,2.0,
22087,17,40286.0,315.0,15978611.0,14.0,5.5,1590.0,1955.0,9.31,114855111.0,1.0,2.0,1380.0,5.5,72.0,7.0,22087.0,3.0,2.0,4.0,3.0,3.0,2017.0,106.0,95.0,2.0,
22089,13,36041.0,130.0,17440154.0,11.0,5.12,920.0,1959.5,9.61,116744737.0,1.0,2.0,830.0,5.12,60.0,6.0,22089.0,2.0,2.0,4.0,2.0,2.0,2019.5,95.85,60.0,4.0,
22111,8,15881.5,130.0,15827651.0,4.5,5.385,789.025,1981.0,9.135000000000002,116956945.5,1.0,4.0,615.525,5.385,60.44,4.5,22111.0,2.0,3.0,4.0,2.0,2.5,,91.35,66.0,1.0,
22113,2,20503.0,175.0,9578937.5,10.0,3.6,1022.5,1994.5,6.68,117063899.0,1.0,5.5,847.5,3.6,72.5,5.0,22113.0,2.5,2.0,2.0,2.5,3.0,,,,,
22117,3,27830.0,160.0,1084394.0,18.0,4.73,1111.0,1965.0,8.65,114947562.0,,2.0,921.0,4.73,55.0,6.0,22117.0,2.0,2.0,2.0,2.0,2.0,2019.0,109.5,60.0,,
22119,1,52841.0,300.0,15583160.0,0.0,4.73,1400.0,1970.0,8.65,116142986.0,1.0,2.0,1100.0,4.73,65.0,7.0,22119.0,2.0,2.0,2.0,2.0,3.0,,,,,
22143,8,27028.5,241.0,11335834.0,11.0,4.7,1258.0,2007.0,7.4,116983110.0,1.0,7.0,998.0,4.7,85.39500000000001,6.0,22143.0,3.0,3.0,4.5,3.0,4.0,2020.0,89.0,70.0,4711.0,
22145,15,18924.0,159.0,2553179.0,7.0,4.62,912.3,2018.0,7.4,117006965.0,1.0,9.0,749.6,4.62,71.39,5.0,22145.0,2.5,3.0,3.0,2.0,3.0,2016.5,169.05,74.0,6.0,
22147,11,21455.0,110.5,387724.0,7.0,4.7,900.0,1986.0,7.4,116805230.0,1.0,4.0,762.22,4.7,70.0,5.0,22147.0,2.5,2.0,3.0,2.0,3.0,2020.0,122.0,90.0,1017.0,
22149,10,21010.0,212.5,10918003.0,16.0,4.7,1450.0,1989.5,7.4,116988999.0,1.0,4.5,1085.0,4.7,97.5,7.0,22149.0,2.75,0.0,2.0,2.5,4.0,2018.5,88.0,110.0,1.5,
22159,10,39652.5,222.5,15482028.0,12.5,4.67,1097.0,1995.0,7.88,116454979.0,1.0,5.0,876.0,4.67,78.5,6.0,22159.0,3.0,1.0,3.0,3.0,3.0,2019.0,106.55,80.0,,
22175,4,28389.5,175.0,2981636.5,12.0,4.58,1175.0,1977.5,7.81,86408364.5,1.0,3.5,870.0,4.58,82.5,6.0,22175.0,2.5,1.0,2.0,2.5,3.5,2013.5,138.6,110.0,,
22177,8,42965.5,185.0,6832494.0,8.5,4.58,1195.54,2017.0,7.81,116615712.5,1.0,9.0,988.54,4.58,73.10499999999999,6.5,22177.0,2.0,1.0,3.0,2.0,3.0,2012.0,73.0,74.5,,
22179,4,18864.5,201.3,7970984.0,8.5,4.6899999999999995,982.0,1982.0,8.254999999999999,112650133.5,1.0,4.0,830.0,4.6899999999999995,78.595,6.0,22179.0,3.25,0.0,,3.0,3.5,,148.1,83.805,4711.0,
22296,1,63889.0,380.0,17137278.0,14.0,4.92,1780.0,2015.0,8.0,115525950.0,1.0,8.0,1400.0,4.92,86.65,7.0,22296.0,3.0,2.0,2.0,3.0,4.0,,41.22,,,
22297,8,8704.0,220.0,16540055.5,12.5,4.92,1900.0,2017.5,8.0,116417591.0,1.0,9.0,1345.0,4.92,78.55,7.0,22297.0,2.5,2.5,3.5,2.5,3.5,2011.0,56.15,157.5,444.0,
22299,8,39423.5,195.0,17131094.5,12.0,4.89,1562.5,1942.5,8.76,116686204.0,1.0,1.5,998.5,4.89,66.93,6.0,22299.0,3.0,1.0,2.0,3.0,2.5,2020.0,130.2,100.0,,
22301,20,24240.0,160.0,15443500.5,12.0,4.89,1550.0,1954.0,8.76,116730446.5,1.0,2.0,1382.5,4.89,66.5,7.0,22301.0,2.25,2.0,5.0,2.0,3.0,2017.0,115.05,75.0,3.0,
22303,20,14004.5,247.5,17433176.0,11.0,4.89,1634.5,2012.0,8.76,117047754.0,1.0,8.0,1459.0,4.89,89.02000000000001,7.0,22303.0,3.0,1.5,4.5,3.0,4.0,2019.0,56.0,84.0,13.0,
22305,9,23085.0,200.0,17881078.0,13.0,5.93,1410.0,2011.0,10.2,117028772.0,0.5,8.0,1210.0,5.93,90.0,7.0,22305.0,3.0,3.0,5.0,3.0,4.0,2020.0,64.4,190.0,,
22307,11,18064.0,107.5,14206267.0,9.0,5.93,895.0,1956.0,10.2,117022687.0,,2.0,720.0,5.93,45.0,5.0,22307.0,2.0,2.0,4.0,2.0,2.0,2020.0,134.0,58.0,14.0,
22309,4,42670.0,137.57,7783565.0,9.0,5.63,1054.94,1964.5,9.725,116251464.0,0.5,2.0,836.78,5.63,67.60499999999999,6.0,22309.0,3.0,1.0,4.0,3.0,3.0,2020.0,82.19999999999999,65.0,1.0,
22335,16,19579.5,186.5,15766649.0,9.0,4.9,1584.9299999999998,2017.0,9.48,115769350.0,1.0,9.0,1329.0,4.9,82.49000000000001,7.0,22335.0,3.0,1.5,3.0,3.0,3.5,2019.0,35.0,100.0,,
22337,4,22295.5,178.5,17720005.5,8.5,4.68,1239.5,2020.0,8.245000000000001,116278319.5,1.0,9.0,1054.5,4.68,80.70500000000001,6.5,22337.0,2.25,1.5,3.0,2.0,3.5,2020.0,107.5,72.5,,
22339,6,15793.0,220.0,10628882.5,10.0,4.59,1107.25,1970.0,7.4,116963136.0,1.0,2.0,882.25,4.59,81.235,6.0,22339.0,2.75,2.0,3.0,2.5,3.5,2016.0,202.75,92.0,142.0,
22359,8,45359.5,300.0,681031.0,9.5,3.77,1520.0,1999.5,6.41,116002364.0,1.5,5.5,1306.49,3.77,99.095,7.0,22359.0,3.0,1.0,2.0,3.0,4.0,2015.5,80.0,130.0,,
22391,27,67191.0,180.0,17394532.0,13.0,3.86,1785.0,2017.0,7.12,114982381.0,1.0,9.0,1520.0,3.855,97.65,8.0,22391.0,3.0,2.0,2.5,3.0,4.0,2018.0,35.0,90.0,2611.0,
22393,6,45531.5,158.5,15256164.0,9.0,4.51,975.0,1936.5,7.06,114884281.5,1.0,1.0,788.0,4.51,63.19,5.0,22393.0,2.75,1.0,3.0,2.5,2.5,,179.0,100.0,131.0,
22395,7,48317.0,235.0,16438048.0,15.0,4.51,1385.0,1985.0,7.06,113253373.0,1.0,4.0,1150.0,4.51,104.98,7.0,22395.0,2.5,2.0,3.0,2.0,5.0,2015.0,144.3,100.0,,
22397,6,35665.5,205.0,8974978.0,14.5,3.67,1173.5,2002.5,6.51,115930301.5,1.0,5.5,893.5,3.67,81.225,6.0,22397.0,2.5,1.0,2.0,2.5,3.5,2008.5,78.0,73.5,2.0,
22399,13,29750.0,201.37,17279431.0,12.0,4.07,1440.0,1992.0,6.84,116920571.0,1.0,5.0,1106.9,4.07,91.53,7.0,22399.0,3.0,1.0,3.0,3.0,4.0,2016.5,119.85,115.0,9.5,70012.0
22415,6,14879.0,103.5,2309443.0,11.5,4.8,883.0,2008.0,8.05,117074187.5,1.0,7.0,716.0,4.8,56.5,5.0,22415.0,2.0,2.0,3.0,2.0,2.0,,49.5,67.0,1.0,
22417,6,34806.5,174.0,8347.0,10.0,4.8,1314.5549999999998,2008.0,8.05,115716778.5,1.0,7.0,1049.5549999999998,4.8,94.43,6.5,22417.0,3.0,1.5,3.0,3.0,4.0,,75.6,100.0,445566.0,
22419,14,27555.5,194.01999999999998,17430867.0,8.0,4.81,1237.3200000000002,2019.0,8.05,116355775.0,1.0,9.0,1024.88,4.81,84.245,6.5,22419.0,2.0,2.0,4.0,2.0,4.0,2019.0,30.0,70.0,1.0,
22453,2,49037.5,197.5,5759162.0,10.0,4.48,1415.0,2020.0,7.63,116232556.5,1.0,9.0,1217.5,4.48,74.5,6.5,22453.0,2.5,1.0,,2.5,3.0,,,,9.0,
22455,9,7681.0,180.0,15463352.0,10.0,4.25,1070.0,1978.0,7.28,117137888.0,1.0,3.5,820.0,4.25,63.0,6.0,22455.0,2.0,2.0,2.5,2.0,3.0,2018.5,166.0,75.0,,
22457,8,37400.0,145.0,16986577.5,6.5,4.15,1136.0,2019.0,7.59,115802521.0,1.0,9.0,928.5,4.15,68.5,6.0,22457.0,2.5,2.0,4.0,2.5,2.5,2019.5,43.9,61.6,,
22459,13,29978.0,230.0,17932252.0,10.0,4.18,1280.0,1984.0,7.59,116958607.0,1.0,4.0,1000.0,4.18,83.0,6.0,22459.0,3.0,1.0,2.0,3.0,4.0,2019.0,153.5,100.0,7.0,
22523,28,21381.0,154.0,5394580.0,9.5,4.54,1116.04,2018.0,7.34,116904459.5,1.0,9.0,909.4,4.54,65.575,6.0,22523.0,2.0,1.0,3.0,2.0,3.0,2018.5,52.0,81.5,11262.0,
22524,1,46196.0,136.0,17643976.0,9.0,4.21,642.0,1958.0,11.88,112887904.0,,2.0,340.0,4.21,67.13,2.0,22524.0,3.0,2.0,2.0,3.0,3.0,,141.0,166.0,1.0,
22525,10,50711.0,167.5,950544.0,9.5,5.2,1442.365,2014.0,8.71,116234741.5,1.0,8.0,1141.9650000000001,5.2,82.565,7.0,22525.0,3.0,2.0,4.0,3.0,4.0,,131.0,133.0,131.0,90190.0
22527,18,30989.0,160.0,3037348.0,13.0,5.2,920.25,2016.0,8.71,116761691.5,1.0,9.0,737.5,5.2,55.0,5.0,22527.0,2.0,2.0,4.0,2.0,2.0,2020.0,47.0,65.0,9.0,
22529,13,21783.0,190.0,16567751.0,11.0,4.9,1695.0,1991.5,8.37,117043965.0,1.0,5.0,1425.0,4.9,87.0,7.0,22529.0,3.0,2.0,3.5,3.0,4.0,2019.5,124.0,120.0,15.5,
22547,3,14110.0,228.8,17311230.0,14.0,4.0,1087.0,2008.0,8.47,117151906.0,1.0,7.0,898.0,4.0,80.12,6.0,22547.0,3.0,3.0,3.0,3.0,3.0,2018.0,79.9,,,
22549,8,28093.5,180.0,8881179.0,11.5,4.34,1565.0,1986.0,7.68,116976294.0,1.0,4.0,1300.0,4.34,82.5,7.5,22549.0,3.0,1.0,2.5,3.0,4.0,2014.0,63.1,45.0,3.0,
22559,30,12280.0,176.5,15559511.5,11.0,4.295,1181.5,2018.0,7.77,117122857.0,1.0,9.0,964.0,4.31,71.65,6.0,22559.0,2.0,2.0,3.0,2.0,3.0,2018.0,54.9,72.0,4711.0,90189.0
22587,9,45232.0,150.0,16695682.0,9.0,3.58,2370.0,1936.0,6.89,116207760.0,1.0,1.0,1990.0,3.58,100.0,8.0,22587.0,3.0,2.0,3.0,3.0,4.0,2018.0,153.0,125.0,,
22589,2,31062.0,183.5,577455.5,8.0,4.09,1646.0,2014.5,8.45,115515410.5,1.0,8.0,1365.0,4.09,88.055,7.0,22589.0,2.25,3.0,2.5,2.0,4.0,,44.915,145.0,400.0,
22605,15,50289.0,400.0,17908322.0,8.0,3.51,2275.0,1960.0,6.88,116174109.0,1.0,2.0,1950.0,3.51,113.46,8.0,22605.0,3.0,1.0,2.0,3.0,5.0,2019.0,175.0,120.0,73.0,
22607,12,19756.5,215.0,17456332.5,10.5,3.95,1320.0,1965.0,8.3,116972270.0,1.0,2.0,1157.5,3.95,78.5,7.0,22607.0,3.0,1.0,2.0,3.0,3.5,2020.0,194.7,90.0,1.0,
22609,9,36082.0,320.0,16105520.0,20.0,4.33,1335.0,1993.0,7.68,114850024.0,1.0,5.0,1170.0,4.33,81.0,7.0,22609.0,2.0,1.5,3.0,2.0,4.0,2017.5,146.475,70.0,931191186.0,
22719,1,67260.0,100.0,17667752.0,12.0,4.58,1105.0,1962.0,7.81,115295238.0,,2.0,925.0,4.58,65.91,6.0,22719.0,2.5,2.0,2.0,2.0,3.0,2019.0,127.0,80.0,,
22761,13,22702.0,204.0,17433176.0,7.0,4.9,1297.685,1972.0,8.48,117031649.0,1.0,3.0,1195.0,4.9,76.0,7.0,22761.0,2.5,2.0,4.0,2.0,3.0,2018.0,122.0,76.02,15.0,
22763,10,23436.0,212.0,16667212.0,10.0,3.51,1678.5,2014.0,6.88,116984861.0,1.0,8.0,1444.0,3.51,93.3,7.0,22763.0,3.0,2.5,5.5,3.0,4.0,2015.0,62.35,86.0,2411.0,
22765,9,52938.0,120.0,16430242.0,11.0,4.24,1075.0,2015.0,8.3,115674031.0,1.0,8.0,1000.0,4.24,70.0,6.0,22765.0,3.0,2.0,4.0,3.0,3.0,2016.5,59.25,80.0,356.5,
22767,8,36760.0,280.0,476224.5,12.5,5.11,1999.9,2010.0,8.37,116829166.0,1.0,7.0,1815.45,5.11,114.2,8.0,22767.0,3.75,1.0,3.0,3.5,5.0,2010.0,70.5,160.0,10.0,
22769,11,58437.0,147.0,15840936.0,10.0,5.24,740.0,2016.0,9.2,114104558.0,,9.0,593.0,5.24,21.46,4.0,22769.0,1.0,2.0,6.0,1.0,1.0,2015.0,43.1,50.0,,
22844,12,48132.0,137.5,329644.0,7.0,3.97,935.0,1974.0,10.19,116119458.5,1.0,3.0,643.6700000000001,3.97,70.31,5.0,22844.0,2.25,0.0,7.0,2.0,3.0,2017.5,122.5,90.0,4711.0,
22846,6,46368.0,102.5,3060255.0,11.0,3.97,932.5,1992.0,10.19,116238731.0,1.0,5.0,768.0,3.97,74.9,5.5,22846.0,2.75,1.0,2.5,2.5,3.0,2019.0,102.0,62.5,,
22848,20,29125.0,129.5,15256164.0,10.0,3.97,998.0,1999.0,10.19,115877558.0,1.0,5.0,856.5,3.97,69.625,6.0,22848.0,2.25,1.0,2.5,2.0,3.0,2016.5,88.4,91.5,8.0,
22850,14,45143.5,125.0,17008310.5,15.0,4.08,1016.0,2019.0,10.19,116531558.0,1.0,9.0,852.5,4.08,64.4,6.0,22850.0,2.0,1.0,3.0,2.0,3.0,2019.0,66.0,70.0,22.0,
22851,6,33625.0,274.115,4074716.0,19.0,3.97,1124.565,1971.0,10.19,116209555.0,,3.0,883.45,3.97,87.205,6.0,22851.0,3.5,3.0,14.0,3.5,3.5,2019.5,122.4,40.0,9570.0,
22869,16,35918.0,149.0,400355.0,6.5,3.65,1023.0,1995.0,8.13,116768682.0,1.0,5.0,753.0,3.65,78.91,5.0,22869.0,3.0,1.0,2.0,3.0,3.5,,83.0,110.0,300.0,
22880,63,33153.0,150.0,15381248.0,11.0,4.14,927.0,1966.0,7.88,116673453.0,1.0,2.0,699.0,4.14,72.0,5.0,22880.0,3.0,2.0,3.0,3.0,3.0,2015.5,117.0,71.565,8.5,89505.0
22885,6,43475.5,185.0,12449091.5,10.5,4.24,855.0,1972.0,7.03,115953607.5,1.0,3.0,692.5,4.24,73.045,5.0,22885.0,2.5,1.0,2.0,2.0,3.0,2018.0,138.4,,,
22889,2,83761.0,190.0,12646176.0,6.0,3.335,903.0,1966.0,,89797592.5,,2.0,713.0,,80.5,5.5,22889.0,2.75,1.5,2.0,2.5,3.5,,27.0,,,
22926,50,31944.5,170.0,4290862.0,8.0,3.76,1100.0,2019.0,7.05,116889743.5,1.0,9.0,905.2,3.76,73.25999999999999,6.0,22926.0,3.0,1.5,3.0,3.0,3.0,2020.0,56.8,87.0,10.0,
22927,5,67192.0,240.0,15485887.0,15.0,3.64,1290.0,2000.5,7.32,115332375.0,1.0,6.5,985.0,3.64,78.0,6.0,22927.0,2.0,1.0,2.0,2.0,3.0,2016.0,136.1,67.5,33.0,
22929,1,80030.0,180.0,785429.0,8.0,3.69,680.0,1971.0,7.71,113643841.0,,3.0,500.0,3.69,76.2,3.0,22929.0,3.0,1.0,4.0,3.0,3.0,2015.0,180.7,,,
22941,7,34414.0,170.0,3298941.0,14.0,4.11,893.0,1972.0,7.23,116886727.0,1.0,3.0,735.0,4.11,73.0,5.0,22941.0,3.0,2.0,3.0,3.0,3.0,2019.0,122.0,65.0,,
22946,9,59516.0,130.0,15428648.0,12.0,3.78,1055.0,2018.0,4.71,114875791.0,1.0,9.0,790.0,3.78,85.0,5.0,22946.0,3.0,1.0,2.0,3.0,4.0,2017.0,46.0,115.0,6.0,
22949,9,59778.0,203.0,12646176.0,7.0,3.82,1045.0,2019.0,7.9,115407711.0,1.0,9.0,854.0,3.82,79.14,6.0,22949.0,3.0,1.5,3.0,3.0,3.0,2014.0,97.1,76.5,206.5,
22956,1,47969.0,85.0,43474.0,4.0,3.21,,1991.0,,116394519.0,1.0,5.0,420.0,3.21,49.5,3.0,22956.0,1.0,2.0,2.0,1.0,2.0,,125.7,53.0,,
22962,1,1704.0,230.0,22992.0,13.0,4.94,1225.0,2013.0,4.66,117366309.0,,8.0,995.0,4.94,80.1,6.0,22962.0,3.0,,,3.0,3.0,,58.4,,,
22965,3,47210.0,150.0,3298941.0,6.0,4.13,750.0,1991.0,7.25,92939459.0,1.0,5.0,600.0,4.13,90.0,4.0,22965.0,3.0,1.0,1.0,3.0,4.0,2017.0,128.3,,,
23552,15,49186.0,200.0,16434092.0,13.0,5.16,790.0,1953.0,8.95,116252409.0,,2.0,740.0,5.16,58.0,5.0,23552.0,2.0,2.0,4.0,2.0,2.0,2020.0,99.7,80.0,1.0,
23554,13,32662.0,140.0,5438756.0,7.0,4.55,730.0,1936.0,8.47,116120913.0,,1.0,608.3,4.55,67.78,5.0,23554.0,3.0,1.0,3.5,3.0,3.0,2015.0,100.9,77.0,7.0,
23556,8,24412.5,97.5,17100705.5,6.0,4.55,597.0,1960.0,8.47,117015164.5,1.0,2.0,425.0,4.55,53.935,3.0,23556.0,2.0,1.0,2.5,2.0,2.0,2016.0,180.0,47.5,,
23558,13,38450.0,100.0,15639834.0,7.0,5.02,657.0,1970.0,9.56,116765815.0,1.0,2.0,495.0,5.02,57.57,3.0,23558.0,2.0,2.5,3.0,2.0,2.0,2019.0,132.0,70.0,,
23560,7,12503.0,123.0,15639834.0,7.0,5.01,617.0,1962.0,8.76,116998803.0,,2.0,489.0,5.01,62.0,3.0,23560.0,2.5,1.5,3.0,2.0,3.0,2018.5,173.5,65.0,,
23562,9,10807.0,163.0,5438756.0,10.0,4.7,730.0,1964.0,8.58,117098803.0,1.0,2.0,530.0,4.7,69.0,4.0,23562.0,2.0,1.0,2.0,2.0,3.0,2012.0,110.15,60.0,4711.0,
23564,18,19158.0,200.0,821219.0,9.5,4.86,1105.0,1910.0,8.58,117079233.0,,1.0,1025.0,4.86,75.83500000000001,7.0,23564.0,2.75,1.0,3.0,2.5,3.0,2018.0,17.0,80.0,4711.0,
23566,15,22695.0,103.0,5456710.0,7.0,4.88,610.0,1958.0,7.68,116833468.0,1.0,2.0,460.0,4.88,52.4,3.0,23566.0,2.0,2.0,3.0,2.0,2.0,2019.0,161.0,60.0,4009015.0,
23568,5,41615.0,200.0,17665335.0,8.0,4.88,1070.0,1972.0,7.68,116027944.0,1.0,3.0,910.0,4.88,88.0,6.0,23568.0,2.0,1.0,2.5,2.0,4.0,2006.0,142.8,200.0,,89204.0
23569,4,10461.5,126.0,10989877.5,8.5,4.87,740.0,1962.5,4.32,117084078.5,1.0,2.0,568.0,4.87,74.5,4.0,23569.0,3.0,3.0,3.0,3.0,3.5,2020.0,110.8,70.0,0.0,
23570,15,47004.0,105.0,16348809.0,10.0,4.84,938.5,1986.5,8.66,116136145.0,1.0,4.5,725.0,4.84,63.0,5.0,23570.0,2.0,1.0,2.0,2.0,3.0,2017.0,108.75,90.0,1.0,
23611,30,70957.5,135.36,17264945.0,9.0,5.35,797.5,2020.0,11.9,114962847.5,1.0,9.0,735.0,5.35,46.975,5.0,23611.0,2.0,1.0,3.0,2.0,2.0,2019.0,60.0,90.0,23.0,
23617,4,6826.0,175.0,12529709.5,10.0,4.78,1020.0,2020.0,10.81,117280205.5,1.0,9.0,862.5,4.78,81.5,6.0,23617.0,3.0,1.0,1.0,3.0,3.5,,36.0,70.0,2222.0,
23619,1,3135.0,,18578421.0,36.0,4.51,1830.0,1852.0,,117351347.0,,1.0,1830.0,4.51,240.0,8.0,23619.0,6.0,0.0,1.0,5.0,7.0,,,,,
23623,1,35066.0,110.0,18087430.0,15.0,4.71,960.0,1900.0,12.28,116036548.0,1.0,1.0,850.0,4.71,85.0,6.0,23623.0,4.0,2.0,2.0,4.0,4.0,2020.0,,,,
23627,2,27127.5,190.0,18303908.0,3.5,3.47,915.0,1979.5,,116982001.5,1.0,3.5,725.0,3.47,78.42,5.0,23627.0,3.0,0.5,2.0,3.0,3.0,2015.5,77.3,,,
23628,1,73352.0,91.0,5456710.0,1.0,3.03,626.0,1963.0,,62691405.0,,2.0,465.0,,61.48,3.0,23628.0,2.5,1.0,2.0,2.0,3.0,,,70.0,,
23669,8,24638.0,250.0,10461483.0,13.0,5.06,1355.0,2010.0,12.3,116983198.5,1.0,7.0,1137.365,5.06,81.74000000000001,7.0,23669.0,3.0,2.0,3.0,3.0,4.0,2019.0,95.0,102.5,,
23683,12,34717.0,166.0,9913975.0,14.0,6.14,941.5,1985.0,12.79,116630136.5,1.0,3.5,841.0,6.14,64.5,5.5,23683.0,2.0,1.0,2.0,2.0,3.0,2019.0,167.8,80.0,,
23684,1,27638.0,368.0,17018569.0,3.0,6.14,2168.0,2013.0,12.79,116985455.0,2.0,8.0,1800.0,6.14,160.0,8.0,23684.0,11.0,0.0,2.0,5.0,7.0,,,,,
23701,25,48313.0,180.0,15940320.0,5.0,5.33,1092.0,2019.0,9.2,116388335.0,1.0,9.0,871.0,5.33,95.95,6.0,23701.0,3.0,1.0,1.0,3.0,4.0,2020.0,17.73,80.0,1.0,
23714,12,39868.0,127.5,4442571.0,10.0,4.97,675.0,1972.5,10.06,116185143.5,1.0,3.0,552.5,4.97,64.89,4.0,23714.0,2.25,3.0,3.0,2.0,3.0,2014.5,140.0,90.0,20.0,
23717,1,36322.0,90.0,17080527.0,3.0,4.85,1185.0,1895.0,9.25,116845957.0,1.0,1.0,985.0,4.85,106.0,6.0,23717.0,3.0,2.0,2.0,3.0,5.0,2020.0,,110.0,,
23730,7,38408.0,120.0,849666.0,5.0,4.53,708.0,1972.0,12.62,116757600.0,1.0,3.0,554.0,4.53,65.21,4.0,23730.0,2.5,1.0,2.0,2.0,3.0,2020.0,171.6,68.25,7.0,
23738,1,1788.0,150.0,17869646.0,7.0,4.67,700.0,1962.0,9.27,117363563.0,1.0,2.0,550.0,4.67,60.0,4.0,23738.0,3.0,1.0,1.0,3.0,2.0,2018.0,,,,
23743,2,34550.5,263.75,10893697.0,9.0,5.88,1529.75,2020.0,10.89,116868306.0,,9.0,1266.0,5.88,105.5,7.0,23743.0,3.5,1.0,,3.5,5.0,,,,1.0,
23749,2,18571.0,235.0,8977982.5,10.0,4.16,770.0,1977.0,12.765,117095097.5,1.5,3.5,535.0,4.16,72.8,3.5,23749.0,3.5,1.0,1.0,3.5,3.0,2006.0,179.3,,,
23750,1,79818.0,250.0,18461184.0,15.0,4.84,1250.0,1910.0,8.66,113685369.0,1.0,1.0,1000.0,4.84,80.0,6.0,23750.0,3.0,1.0,1.0,3.0,3.0,2014.0,,,,
23758,4,37082.0,128.5,604405.0,1.0,2.99,472.5,1967.0,,82558019.0,,2.5,344.0,,45.685,2.0,23758.0,2.0,2.0,,2.0,2.0,,125.0,,5.0,
23769,6,34540.0,124.0,3001072.5,6.5,4.91,685.0,1984.5,12.08,116722119.5,1.0,4.0,555.0,4.91,60.285,4.0,23769.0,2.5,1.0,2.5,2.5,2.5,2018.0,118.0,76.0,4.0,
23774,12,25523.0,134.5,15386603.0,8.5,5.33,636.5,1973.0,10.46,116892428.0,1.0,3.0,461.5,5.33,53.03,3.0,23774.0,2.0,1.0,1.5,2.0,2.0,2020.0,166.3,36.645,3.0,
23795,14,33080.0,205.0,15234793.0,9.5,3.97,905.0,1977.0,9.18,116885718.5,1.0,3.0,700.0,3.97,73.0,5.0,23795.0,3.0,2.0,3.0,3.0,3.0,2015.0,146.0,75.0,20.0,
23812,4,36963.5,180.0,537556.0,2.0,3.59,850.0,1968.0,8.06,116391345.5,1.0,2.0,677.5,3.59,73.2,4.5,23812.0,2.5,3.0,4.0,2.5,3.5,2013.0,,,,
23813,1,25627.0,80.0,17514096.0,7.0,1.1,490.0,,3.55,117004484.0,,,410.0,1.1,68.0,3.0,23813.0,2.5,,,2.0,3.0,,,,,
23816,1,21281.0,62.0,16943950.0,7.0,3.47,380.0,1970.0,8.52,117051319.0,,2.0,245.0,3.47,37.18,1.0,23816.0,1.0,1.0,,1.0,1.0,,225.0,73.0,1.0,
23823,2,65868.5,91.5,3298941.0,5.0,3.04,439.5,1998.0,-8.68,108584786.5,1.0,5.0,348.0,3.04,43.0,2.0,23823.0,1.5,1.0,,1.5,2.0,,99.6,,,
23826,1,39756.0,,7377347.0,10.0,2.6,,1910.0,5.21,116754293.0,2.0,1.0,1100.0,2.6,165.0,7.0,23826.0,6.0,,,5.0,7.0,,78.65,,,
23843,15,44108.0,95.0,359595.0,4.0,3.75,640.0,1975.0,5.92,115213414.0,1.0,3.0,527.0,3.75,62.5,4.0,23843.0,2.0,1.0,2.5,2.0,3.0,2020.0,115.0,74.5,918011.0,
23845,2,27423.5,90.0,12948477.0,13.5,3.91,920.0,1914.0,11.1,114855116.0,1.0,1.0,767.5,3.91,102.5,5.5,23845.0,3.0,1.0,2.0,3.0,4.5,,109.2,122.5,,
23847,1,84629.0,240.0,3298941.0,18.0,3.88,1126.0,1998.0,,102690553.0,1.0,5.0,818.0,3.88,125.0,6.0,23847.0,4.5,1.0,2.0,4.0,6.0,,152.0,,,
23858,2,15152.0,205.5,16052813.5,14.0,3.88,890.0,1967.5,5.72,117153300.5,,5.0,809.0,3.88,71.5,5.5,23858.0,2.75,1.5,2.0,2.5,3.0,2019.0,133.85,,,
23869,1,29842.0,165.0,5364888.0,19.0,3.01,1315.0,1900.0,5.94,116960463.0,1.0,1.0,1100.0,3.01,160.0,7.0,23869.0,3.5,,,3.0,7.0,,160.9,,,
23879,21,26815.0,150.0,15601937.0,7.0,3.25,622.0,1967.0,9.37,116991421.0,1.0,2.0,444.0,3.25,63.68,3.0,23879.0,2.0,1.0,2.0,2.0,3.0,2018.0,157.0,57.5,,
23881,3,39920.0,100.0,15500801.0,11.0,4.51,720.0,1954.0,15.22,109807804.0,1.0,3.0,580.0,4.09,78.0,4.0,23881.0,3.0,1.0,2.0,3.0,3.0,2018.0,149.1,0.0,,
23899,4,42230.5,75.0,15837110.0,1.0,3.05,567.5,2020.0,,113667723.5,0.5,9.0,443.5,3.05,55.5,2.5,23899.0,2.0,1.5,2.5,2.0,2.5,,90.6,50.0,1.0,
23909,16,35701.5,77.5,1924949.0,5.5,3.8,629.75,1973.0,9.59,116604572.5,1.0,3.0,470.0,3.8,60.0,3.0,23909.0,2.0,2.5,2.5,2.0,2.0,2019.5,173.0,60.0,23000.0,
23911,1,4167.0,200.0,12296684.0,10.0,2.38,1140.0,2018.0,,117335860.0,1.0,9.0,940.0,2.38,92.0,6.0,23911.0,3.0,,,3.0,4.0,,,,,
23923,2,42967.0,77.5,3307126.0,10.0,0.325,445.0,2015.0,8.06,105960499.5,1.0,8.0,445.0,0.65,59.5,3.0,23923.0,2.0,0.5,2.5,2.0,2.5,2015.0,128.0,,1.0,
23936,30,43154.5,117.5,590817.0,8.0,0.67,492.5,1980.5,11.64,116342629.0,0.0,3.5,338.0,0.67,57.915,2.0,23936.0,2.0,2.0,3.0,2.0,2.0,2012.0,93.0,70.0,2.0,
23942,3,19618.0,150.0,16206350.0,8.0,2.52,1020.0,1875.0,13.15,117068920.0,1.0,1.0,870.0,2.52,96.0,6.0,23942.0,3.0,3.0,3.0,3.0,4.0,2020.0,,,,
23946,4,58023.5,217.5,319791.0,12.0,1.04,1037.5,1998.0,11.88,115119995.5,1.0,5.0,795.0,1.04,79.2,5.0,23946.0,3.0,1.0,1.0,3.0,3.5,2003.0,94.5,,20191119.0,
23948,4,18354.0,92.0,15635823.0,3.5,0.73,580.0,1925.0,10.32,116714186.5,1.0,1.0,279.28,0.73,45.629999999999995,1.5,23948.0,1.75,2.0,3.0,1.5,2.0,2017.0,81.0,47.5,,
23966,39,34783.0,100.0,700932.0,7.0,2.37,460.0,1976.0,11.82,116546330.0,1.0,3.0,330.0,2.37,48.0,2.0,23966.0,2.0,2.0,3.0,2.0,2.0,2016.5,111.0,60.0,1.0,
23968,22,58275.5,83.45,103736.0,7.0,1.14,512.5,1956.0,9.62,115585490.5,1.0,2.0,347.805,1.14,57.995000000000005,2.0,23968.0,2.0,3.0,4.0,2.0,2.0,1998.0,78.0,67.715,2.0,
23970,14,27860.5,100.0,9131274.0,8.5,2.12,477.5,1952.5,8.42,116920414.5,1.0,1.5,352.5,2.2,55.370000000000005,2.0,23970.0,2.0,1.0,3.0,2.0,2.0,2019.0,103.05,59.0,1.0,
23972,5,28469.0,45.0,17299540.0,8.0,0.75,333.0,1973.5,8.04,115437088.0,1.0,2.5,222.0,0.75,26.0,1.0,23972.0,2.0,3.0,3.0,2.0,1.0,2019.0,120.6,45.0,0.5,
23974,6,58230.0,80.0,9131274.0,4.5,0.5900000000000001,366.12,1974.0,,115783617.0,1.0,3.0,253.62,0.5900000000000001,43.4,1.0,23974.0,2.0,1.0,2.0,2.0,1.5,2015.0,114.4,60.0,20.0,
23992,3,28514.0,120.0,18003901.0,18.0,1.37,569.0,1978.0,-0.18,116974515.0,2.0,3.0,469.0,1.37,59.0,3.0,23992.0,3.0,1.0,3.0,3.0,2.0,,125.8,,,
23996,3,60644.0,150.0,700749.0,8.0,1.04,554.0,1990.0,10.53,115667664.0,1.0,4.0,394.0,1.04,58.0,2.0,23996.0,2.0,2.0,2.0,2.0,2.0,2010.0,115.0,90.0,27.0,
23999,1,34322.0,33.0,16637443.0,10.0,1.03,232.0,1992.0,8.24,116887405.0,1.0,5.0,166.0,1.03,25.57,1.0,23999.0,1.0,3.0,4.0,1.0,1.0,2018.0,73.5,33.0,,
24103,11,21955.0,100.0,17017967.0,10.0,3.42,760.0,1957.0,9.11,117042266.0,1.0,2.0,660.0,3.42,60.31,5.0,24103.0,2.0,3.0,4.5,2.0,2.0,2018.5,131.3,79.5,1.0,
24105,29,21905.0,150.0,15578171.0,10.0,3.35,963.5,1930.0,6.69,116934889.0,1.0,1.0,850.0,3.35,79.74,6.0,24105.0,3.0,3.0,4.0,3.0,3.0,2019.0,121.0,90.0,40.0,
24106,6,33534.0,89.0,1179601.5,7.5,3.49,747.15,1949.0,7.41,116801268.0,1.0,1.5,584.575,3.49,78.255,4.0,24106.0,3.0,1.0,3.0,3.0,3.5,2019.0,90.5,80.0,2.0,
24107,5,23200.0,100.0,8115894.0,8.0,2.75,754.0,1965.5,5.99,117028122.0,1.0,2.0,544.0,2.75,67.0,4.0,24107.0,2.5,2.5,3.0,2.0,3.0,2009.0,69.9,54.5,51000.0,
24109,7,40348.0,97.0,146060.0,7.0,4.16,649.0,1974.0,4.99,116013064.0,1.0,3.0,457.0,4.16,64.0,3.0,24109.0,2.0,6.5,6.0,2.0,3.0,2019.0,89.0,69.5,25500.0,
24111,2,46117.0,99.0,262340.0,7.5,2.92,515.29,1989.0,4.82,116184678.0,,4.5,812.145,2.92,93.97,4.5,24111.0,3.25,,,3.0,4.0,2019.0,128.0,42.0,,
24113,18,48471.5,98.0,11409230.0,8.5,3.89,706.0,1938.5,5.86,116176011.0,1.0,1.0,571.5,3.89,62.5,4.0,24113.0,2.75,2.0,4.0,2.5,2.5,2018.0,131.7,91.0,,
24114,16,25066.0,85.0,9461746.5,7.0,3.37,616.25,1910.0,6.79,116139857.5,0.5,1.0,500.0,3.37,52.0,3.5,24114.0,2.0,2.0,4.5,2.0,2.0,2019.0,120.5,50.0,2.0,
24116,12,36400.5,91.0,237852.0,7.0,3.27,589.0,1960.0,7.48,116589523.0,,2.0,520.865,3.27,60.955,3.5,24116.0,2.0,4.5,5.0,2.0,2.5,2018.0,111.0,56.0,57.0,
24118,5,10705.0,70.0,15441169.0,10.0,3.52,730.0,1908.0,7.01,117227709.0,1.0,1.0,590.0,3.52,48.0,4.0,24118.0,2.0,2.0,5.0,2.0,2.0,2018.0,87.0,70.0,,
24119,7,15806.0,100.0,13984876.0,9.0,4.62,750.0,1969.0,8.51,116943814.0,1.0,2.0,530.0,4.62,71.0,4.0,24119.0,2.5,2.5,3.0,2.0,3.0,2018.0,141.2,70.0,1.0,
24143,37,34893.0,89.0,388013.0,6.0,3.59,484.5,1954.0,5.09,116387164.0,,2.0,345.0,3.59,47.94,2.0,24143.0,2.0,2.0,3.0,2.0,2.0,2019.0,150.5,57.0,4.0,
24145,1,10737.0,140.0,16976288.0,10.0,2.75,760.0,1960.0,6.34,117226598.0,1.0,2.0,620.0,2.75,60.0,5.0,24145.0,2.0,1.0,2.0,2.0,2.0,2012.0,,,,
24146,4,38686.5,75.0,8172002.5,6.0,3.36,640.0,1943.0,4.32,116387037.5,1.0,1.0,344.5,3.36,49.5,2.0,24146.0,2.0,1.5,1.5,2.0,2.0,2020.0,139.55,50.0,60500.0,
24148,14,23513.0,87.0,985924.0,7.5,3.62,506.445,1959.0,4.05,116492198.0,,2.0,388.0,3.62,47.57,2.0,24148.0,2.0,2.0,3.0,2.0,2.0,2019.0,93.0,53.0,60000.0,
24149,16,13705.5,109.0,1924949.0,7.0,3.84,797.4649999999999,1963.0,5.2,117140146.5,1.0,2.0,494.5,3.84,62.5,3.0,24149.0,2.0,1.0,2.0,2.0,3.0,2018.0,152.3,49.0,53000.0,78137.0
24159,23,27276.0,100.0,801001.0,6.0,3.58,697.5,1968.0,5.415,116613809.0,1.0,2.0,620.0,3.58,63.87,5.0,24159.0,2.5,1.0,4.0,2.0,3.0,2018.0,157.0,62.5,281258.5,
24161,6,37507.0,139.5,146060.0,4.0,4.44,820.5,1970.0,8.24,116181387.5,1.0,2.5,590.5,4.44,77.245,4.5,24161.0,2.75,2.0,2.0,2.5,3.0,,130.0,65.0,,
24211,3,40859.0,102.0,980490.0,9.0,4.92,935.0,1937.0,3.86,116702734.0,1.0,2.0,510.0,4.92,78.0,4.0,24211.0,4.0,2.5,2.5,4.0,3.0,,187.25,150.0,2.0,
24214,2,45394.5,220.0,9526631.5,9.5,3.6550000000000002,560.0,1974.5,6.9,111320885.0,3.0,3.5,1035.0,3.6550000000000002,144.5,5.5,24214.0,4.75,0.0,2.0,3.5,4.5,2015.5,145.8,,6.0,
24217,3,24140.0,200.0,4350374.0,10.0,5.63,1080.0,1982.0,2.83,116980629.0,1.0,4.0,630.0,6.715,78.0,5.0,24217.0,2.5,2.0,2.0,2.0,3.0,2015.0,122.7,90.0,,
24220,1,28880.0,150.0,15578171.0,25.0,4.08,,2018.0,8.12,116971769.0,1.0,9.0,1240.0,4.08,99.37,7.0,24220.0,3.0,4.0,,3.0,4.0,,29.6,,,
24223,4,24325.0,122.5,17570779.0,5.0,5.17,685.0,1966.0,4.58,106046716.0,6.0,2.5,520.0,5.17,64.155,4.0,24223.0,2.75,1.0,4.0,2.5,3.0,2019.0,147.8,60.0,1600.0,
24226,7,3514.0,230.0,3635867.0,9.0,5.02,1225.0,2002.0,3.09,117346298.0,1.0,6.0,995.0,5.02,76.0,6.0,24226.0,3.0,1.0,2.0,3.0,3.0,2018.0,18.0,90.0,116.0,
24229,2,22964.5,125.0,17668371.0,17.5,3.8,988.5,,6.58,113906198.0,1.0,,831.0,3.8,82.97,5.5,24229.0,3.0,2.0,2.0,3.0,4.0,2020.0,,65.0,,
24232,2,81782.5,125.0,1388633.5,5.5,3.62,595.08,1936.5,2.45,91857461.5,1.0,1.5,535.04,4.42,72.81,3.5,24232.0,2.5,0.5,2.0,2.5,3.0,2014.0,158.85,127.5,,
24235,4,21424.0,145.0,15613571.5,15.0,5.02,930.0,1965.5,3.33,117069544.5,1.0,2.5,740.0,5.02,69.91499999999999,5.0,24235.0,2.5,2.5,3.0,2.5,2.5,2018.0,137.5,77.5,,
24241,1,3628.0,,12598203.0,4.0,5.93,680.0,,,94644462.0,1.0,,440.0,5.93,88.0,3.0,24241.0,3.0,1.0,,3.0,4.0,,,,100.0,
24248,2,30093.0,205.0,8901094.5,10.0,4.97,840.0,1964.5,4.96,116864366.0,,2.0,635.0,4.97,68.515,5.0,24248.0,3.0,2.0,3.0,3.0,2.5,2019.5,110.0,115.0,3.0,
24256,3,55666.0,200.0,16792129.0,20.0,4.03,940.0,1873.0,1.76,110380375.0,2.0,1.0,740.0,4.03,98.0,5.0,24256.0,3.0,,,3.0,4.0,2018.0,132.1,,,
24257,1,710.0,250.0,18630494.0,22.0,,1150.0,,,117359774.0,2.0,,900.0,,120.0,6.0,24257.0,3.0,2.0,2.0,3.0,5.0,2017.0,,,,
24306,7,41664.0,125.0,16943950.0,8.0,4.4,558.0,1959.0,2.12,116016018.0,,2.0,374.0,4.4,58.57,2.0,24306.0,2.0,1.5,3.0,2.0,2.0,,160.35,76.0,2.0,
24321,3,59077.0,80.0,16943950.0,6.0,4.61,623.0,1984.0,-0.61,112288259.0,,4.0,453.0,4.61,76.0,3.0,24321.0,3.0,2.5,,3.0,3.0,,186.0,90.0,1.0,
24326,2,3984.0,85.0,16898972.5,8.5,3.435,789.0,1958.0,-1.74,98876079.0,1.5,2.0,549.5,3.435,82.5,3.5,24326.0,3.5,,,3.5,3.5,,115.5,110.0,28.0,
24340,27,16482.0,118.5,5394580.0,8.0,4.01,804.0,1967.0,8.21,116998745.0,1.0,2.0,650.0,4.01,74.93,5.0,24340.0,3.0,2.0,2.5,3.0,3.0,2017.0,106.1,79.5,3.0,
24363,1,2005.0,125.0,614941.0,11.0,4.05,,,,117360984.0,,,375.0,4.05,50.0,2.0,24363.0,2.0,,,2.0,2.0,,,,,
24376,5,40549.0,130.0,16344012.0,7.0,3.03,600.0,1953.5,7.53,114747850.0,1.0,3.0,400.0,3.03,55.0,2.0,24376.0,2.0,0.5,1.5,2.0,2.0,2020.0,215.905,45.0,,
24392,2,5217.0,50.0,15064189.0,3.5,2.92,415.0,1901.5,8.22,117324286.0,1.0,1.0,492.5,2.92,65.5,3.5,24392.0,2.5,,,2.5,3.0,,,50.0,,
24395,10,15127.5,166.0,17481877.0,11.5,4.675000000000001,660.0,2020.0,7.99,117130358.0,1.0,9.0,660.0,4.675000000000001,80.0,5.0,24395.0,3.0,0.5,2.0,3.0,3.5,2020.0,123.0,134.0,45000.0,
24404,1,52065.0,150.0,18590245.0,10.0,2.62,865.0,1978.0,5.48,116171111.0,1.0,3.0,715.0,2.62,85.0,5.0,24404.0,2.0,,2.0,2.0,4.0,2014.0,,,,
24409,2,48034.0,55.0,4254744.0,13.5,5.455,762.5,,,82589213.5,1.5,,537.5,5.455,66.92,3.5,24409.0,2.5,0.0,2.0,2.5,2.5,2019.5,,65.0,,
24521,1,72735.0,127.0,17552601.0,2.0,3.78,1548.0,2019.0,8.1,114794249.0,1.0,9.0,1373.0,3.78,105.64,7.0,24521.0,3.0,,,3.0,5.0,,29.0,48.0,,
24534,49,32901.0,115.0,7986175.0,8.0,5.14,610.0,1970.0,12.87,116770835.0,1.0,2.0,485.0,5.14,70.93,3.0,24534.0,2.5,1.0,3.0,2.0,3.0,2019.0,143.75,94.5,1.5,
24535,1,67353.0,159.0,16388642.0,3.0,4.99,1439.0,2020.0,3.33,115303108.0,,9.0,1280.0,4.99,96.55,7.0,24535.0,3.0,1.0,2.0,3.0,4.0,,40.1,,,
24536,11,50333.0,105.0,329644.0,8.0,6.58,662.5,1964.0,13.89,116281439.0,1.0,2.0,480.0,6.58,64.1,3.0,24536.0,3.0,1.0,2.0,3.0,3.0,2019.0,167.0,100.0,1.0,
24537,7,34827.0,110.0,4873489.0,14.0,5.14,675.05,1970.5,12.83,116881713.0,1.0,2.5,450.0,5.14,63.03,3.0,24537.0,2.5,1.5,3.5,2.0,3.0,2017.0,124.0,67.5,1.5,
24539,15,35284.0,95.0,980490.0,8.0,4.84,655.0,1995.0,12.44,116453525.0,1.0,5.0,500.0,4.84,74.0,3.0,24539.0,3.0,1.0,3.0,3.0,3.0,2016.0,78.0,73.0,126.5,
24558,19,68657.0,220.0,1203095.0,9.0,4.23,1060.0,2018.0,9.28,115216604.0,1.0,9.0,810.0,4.23,85.3,6.0,24558.0,3.0,3.0,3.0,3.0,4.0,2019.0,42.7,50.14,105.5,
24568,52,43551.5,140.0,785429.0,9.5,3.76,1005.0,2019.0,7.66,116220848.0,1.0,9.0,832.25,3.76,80.42,6.0,24568.0,3.0,1.0,3.0,3.0,3.5,2020.0,61.0,68.0,350350.0,
24576,16,35058.5,175.0,15699538.0,10.5,3.7800000000000002,1050.0,2019.5,8.5,116738625.0,1.0,9.0,867.5,3.79,84.22999999999999,6.0,24576.0,3.0,1.0,2.0,3.0,4.0,2019.0,29.5,50.0,3.0,
24582,9,26152.0,120.0,3146085.0,7.0,3.99,974.55,2019.0,7.37,116998872.0,1.5,9.0,709.1,3.99,73.0,5.0,24582.0,3.0,1.0,2.0,3.0,3.0,2016.0,175.2,80.0,4711.0,
24594,1,54080.0,150.0,9015975.0,11.0,3.12,675.0,1994.0,4.63,116053314.0,,5.0,435.0,3.12,83.0,3.0,24594.0,4.0,2.0,2.0,4.0,4.0,,142.7,90.0,,
24598,1,29163.0,89.0,17671090.0,3.0,3.56,658.0,1993.0,5.42,116969614.0,,5.0,462.0,3.56,71.05,3.0,24598.0,3.0,0.0,2.0,3.0,3.0,,79.0,74.0,,
24601,3,58305.0,165.0,16943950.0,8.0,4.39,665.0,1975.0,-0.6,115781599.0,1.0,3.5,500.0,4.39,61.56,3.0,24601.0,2.5,1.0,,2.0,3.0,,115.0,100.0,,
24610,1,80932.0,98.0,3298941.0,7.0,3.37,396.0,1968.0,2.68,113271665.0,,2.0,298.0,3.37,42.0,1.0,24610.0,1.0,8.0,,1.0,2.0,,121.0,,,
24613,1,10711.0,,18154142.0,7.0,4.2,650.0,,4.47,117227835.0,,,650.0,4.2,94.0,5.0,24613.0,3.0,,,3.0,4.0,,,,,
24616,1,60658.0,70.0,16540985.0,7.0,3.7,495.0,1930.0,,104047379.0,1.0,1.0,385.0,,70.0,2.0,24616.0,1.0,1.0,2.0,1.0,3.0,,200.7,45.0,,
24619,1,51671.0,120.0,16729660.0,9.0,2.71,675.4,1972.0,3.72,116197884.0,1.0,3.0,455.0,2.71,68.0,3.0,24619.0,3.0,,,3.0,3.0,,,100.4,,
24640,1,15190.0,80.0,134629.0,13.0,1.72,950.0,2006.0,,78861861.0,,7.0,750.0,,100.0,5.0,24640.0,4.0,,,4.0,4.0,,171.6,120.0,,
24641,2,16914.5,82.5,7760488.5,11.5,2.885,925.0,1995.5,1.085,75047098.0,2.0,5.0,512.5,2.885,77.85,3.0,24641.0,3.0,1.5,2.0,3.0,3.5,,110.5,90.0,,
24647,1,40133.0,170.0,5352857.0,0.0,3.19,680.0,,,90684220.0,,,510.0,3.19,95.0,4.0,24647.0,4.0,,,4.0,4.0,,,,,
24736,1,79299.0,86.0,16943950.0,11.0,3.03,837.0,1974.0,7.53,113818938.0,,3.0,475.0,3.03,100.59,3.0,24736.0,5.0,2.0,2.0,5.0,4.0,,131.0,276.0,1.0,
24757,1,76862.0,100.0,17136645.0,13.0,4.11,,1974.0,5.31,114288830.0,,3.0,465.0,4.11,75.39,3.0,24757.0,3.0,3.0,9.0,3.0,3.0,,189.0,95.0,,
24768,40,26238.0,100.0,1924949.0,8.5,4.11,625.0,1973.0,5.31,116931923.5,1.0,3.0,399.5,4.11,62.5,2.0,24768.0,3.0,1.0,2.0,3.0,3.0,2020.0,144.0,90.0,15000.0,
24782,5,32095.0,105.0,15251609.0,16.0,4.05,640.0,2000.0,6.18,116860505.0,1.0,5.0,495.0,4.05,71.0,3.0,24782.0,3.0,1.0,2.0,3.0,3.0,2019.0,193.4,106.5,7000.0,
24783,1,46057.0,150.0,105578.0,4.0,4.31,,2020.0,5.54,38102209.0,,9.0,1150.0,4.31,115.0,7.0,24783.0,3.0,,,3.0,5.0,,,,,
24784,3,47982.0,73.0,9015975.0,4.0,3.09,450.0,1966.0,5.21,116394131.0,,2.0,277.0,3.09,42.6,1.0,24784.0,2.0,1.0,2.0,2.0,2.0,2015.0,178.5,100.0,,
24787,2,29100.0,120.0,17550820.0,12.5,3.77,735.0,2050.0,4.84,113610283.0,1.0,9.0,615.0,3.77,70.5,4.5,24787.0,2.5,1.0,2.0,2.5,3.0,2016.0,49.3,,,
24790,2,28690.5,197.5,13112428.0,5.5,4.345,787.5,1975.0,7.43,116701133.5,,3.0,545.0,4.345,86.0,4.0,24790.0,3.5,0.0,2.0,3.5,3.5,2010.0,117.4,90.0,,
24794,1,84208.0,90.0,1145723.0,1.0,4.42,463.37,2019.0,5.26,112166176.0,,9.0,313.37,4.42,59.69,2.0,24794.0,2.0,0.0,2.0,2.0,2.0,,,60.0,,
24796,1,34547.0,,16698844.0,14.0,2.39,349.0,2018.0,7.07,106860471.0,,9.0,0.0,2.39,23.0,1.0,24796.0,1.0,,1.0,1.0,1.0,,91.0,,,
24814,1,22304.0,245.0,18621606.0,9.0,2.44,925.0,,,117036007.0,,,680.0,2.44,120.0,5.0,24814.0,3.0,,,3.0,5.0,,,,,
24837,44,47462.0,115.0,15388370.0,8.5,3.32,654.03,1970.0,7.48,116006814.0,1.0,2.0,572.5,3.32,82.785,4.0,24837.0,3.0,1.5,3.0,3.0,4.0,2016.0,107.5,82.5,3.0,
24848,3,69667.0,90.0,15293420.0,2.0,3.23,644.0,1960.0,10.37,114835979.0,8.0,2.0,490.0,3.23,79.0,3.0,24848.0,3.5,1.0,2.0,3.0,3.0,2017.0,224.0,91.5,,
24852,1,7549.0,160.0,18628965.0,30.0,5.49,600.0,1978.0,,117296367.0,1.0,3.0,440.0,5.49,85.0,3.0,24852.0,2.5,0.0,1.0,2.0,4.0,2020.0,,,,
24855,1,61572.0,60.0,16436407.0,0.0,1.82,400.0,,7.35,108128789.0,,,310.0,1.82,31.0,2.0,24855.0,1.0,1.0,1.0,1.0,1.0,,,40.0,,
24897,1,20558.0,85.0,15388370.0,10.0,9.41,,1985.0,,117061556.0,1.0,4.0,800.0,9.41,100.0,5.0,24897.0,3.0,,,3.0,4.0,,70.5,100.0,,
24937,64,45822.5,100.0,16374466.0,8.0,4.98,678.0,1912.0,4.18,116017084.5,1.0,1.0,522.5,4.98,63.0,4.0,24937.0,3.0,2.0,3.0,3.0,3.0,2019.0,122.64,85.0,0.0,
24939,71,40520.0,90.0,7660177.0,10.0,4.92,669.0,1910.0,2.935,115969165.0,1.5,1.0,500.0,4.92,66.0,3.0,24939.0,3.0,2.0,3.0,3.0,3.0,2018.0,138.35,75.0,1.0,
24941,19,33372.0,97.0,1924949.0,10.0,5.01,815.0,1959.0,6.01,116358867.0,1.0,2.0,565.0,5.01,62.0,4.0,24941.0,3.0,1.0,3.5,3.0,3.0,2016.0,102.7,65.0,15000.0,
24943,34,37934.5,102.5,8865673.0,9.0,4.56,675.0,1967.5,5.449999999999999,116716593.0,1.0,2.5,494.0,4.56,67.5,3.0,24943.0,2.75,1.0,3.0,2.5,3.0,2020.0,114.0,75.0,2.0,
24944,29,44088.0,110.0,1217804.0,10.0,4.24,815.0,1983.0,2.72,116557605.0,1.0,4.0,600.0,4.24,73.83,4.0,24944.0,3.0,2.0,2.0,3.0,3.0,2019.5,135.0,74.5,1500.0,
24955,5,69532.0,130.0,16436407.0,11.0,3.34,1392.5,1976.0,6.44,115149171.0,1.0,3.0,735.0,3.34,89.0,5.0,24955.0,4.0,2.0,3.0,4.0,4.0,2014.0,108.5,100.0,,
24960,18,36435.0,131.0,5484211.5,7.0,3.68,900.0,1966.0,7.94,116835370.5,1.0,2.0,622.5,3.68,72.0,4.5,24960.0,3.0,1.0,1.5,3.0,3.0,2017.0,141.0,79.5,25624.5,
24963,5,36055.0,80.0,17671432.0,20.0,3.57,860.0,2019.0,7.98,116818074.0,1.0,9.0,719.0,3.57,73.61,5.0,24963.0,3.0,0.5,1.0,3.0,3.0,2020.0,79.0,62.0,,90125.0
24966,4,57366.5,77.5,9916357.5,18.0,2.9749999999999996,687.5,2017.0,10.01,114963126.0,0.5,9.0,522.5,2.88,74.82,3.5,24966.0,3.0,1.0,2.0,3.0,3.0,2016.0,,60.0,,
24972,3,9276.0,225.0,18076100.0,10.0,3.3,970.0,1992.0,6.55,115522305.0,1.0,5.0,740.0,3.3099999999999996,125.0,5.0,24972.0,3.0,,,3.0,6.0,2018.5,,,,
24975,4,14161.0,82.0,18425516.0,15.5,2.72,862.3,1960.0,11.3,117149063.5,1.0,2.0,682.3,2.72,67.785,5.0,24975.0,2.5,0.5,1.0,2.5,3.0,2005.0,116.0,75.0,,
24976,1,20950.0,160.0,18622852.0,14.0,2.91,670.0,2006.0,8.47,117054683.0,,7.0,510.0,2.91,67.0,4.0,24976.0,3.0,1.0,2.0,3.0,3.0,2018.0,,,,
24977,3,10958.0,63.0,18271926.0,23.0,2.16,853.0,2019.0,5.33,117220080.0,1.0,9.0,740.0,2.16,95.0,5.0,24977.0,3.0,1.0,1.0,3.0,4.0,2014.5,99.5,80.0,,
24980,4,61021.0,106.5,18239253.0,29.5,0.69,957.5,2020.0,4.41,115654362.5,1.0,9.0,785.0,0.69,82.37,5.5,24980.0,3.0,0.0,,3.0,3.5,,29.6,66.0,,
24983,3,3609.0,200.0,17759839.0,0.0,2.79,730.0,2017.0,8.64,106555451.0,2.0,9.0,600.0,2.85,65.0,4.0,24983.0,2.0,1.0,1.0,2.0,3.0,2017.0,,,,
24986,1,4313.0,60.0,3396308.0,22.0,3.69,770.0,,4.74,117334032.0,1.0,,650.0,3.69,81.1,5.0,24986.0,3.0,0.0,0.0,3.0,4.0,,,60.0,,
24997,2,61750.0,90.0,16436407.0,8.0,2.34,880.0,2020.0,8.79,115272925.5,1.0,9.0,725.0,2.34,76.28,5.0,24997.0,2.5,,3.0,2.5,3.5,,,50.0,,
24999,1,6698.0,125.0,1214160.0,12.0,2.55,1095.0,2020.0,,117305436.0,1.0,9.0,970.0,2.55,88.0,6.0,24999.0,3.0,,,3.0,4.0,,13.0,,,
25076,1,20351.0,140.0,17308628.0,1.0,1.63,810.0,2006.0,2.75,117062914.0,,7.0,670.0,1.63,77.0,5.0,25076.0,3.0,2.0,2.0,3.0,3.0,,,,,
25335,34,43192.0,154.0,1168672.0,6.0,3.68,803.79,1973.0,6.81,116511313.5,1.0,3.0,640.58,3.68,68.27000000000001,5.0,25335.0,3.0,2.0,3.0,3.0,3.0,2018.5,103.69999999999999,76.0,5.0,
25336,18,42932.5,166.5,16364633.0,10.0,3.68,896.0,1993.0,6.81,116213428.5,1.0,5.0,675.0,3.68,70.5,5.0,25336.0,2.75,1.0,2.0,2.5,3.0,2019.0,85.4,120.0,3.0,
25337,11,24036.0,189.0,472644.0,7.0,3.68,704.44,1993.0,6.81,117021468.0,1.0,5.0,540.0,3.68,67.91,4.0,25337.0,2.5,2.5,2.5,2.0,3.0,2016.0,122.0,59.0,4711.0,
25346,1,30272.0,200.0,15486580.0,12.0,4.2,1100.0,,6.41,115520159.0,1.0,,900.0,4.2,110.0,6.0,25346.0,4.0,1.0,1.0,4.0,5.0,,,,,
25348,19,24119.0,88.0,15475325.0,6.0,4.82,480.0,1961.0,15.72,117013970.0,1.0,2.0,323.0,4.82,53.02,2.0,25348.0,2.0,1.0,2.0,2.0,2.0,2020.0,208.5,75.0,1.0,
25355,9,24085.0,100.0,16830189.0,17.0,3.55,715.0,1971.0,6.64,117020306.0,1.0,3.0,560.0,3.55,65.92,4.0,25355.0,2.5,2.0,3.0,2.0,3.0,2019.5,147.5,84.0,2.0,
25358,5,33728.0,150.0,16525397.0,15.0,4.91,800.0,1993.0,13.28,116607173.0,2.0,5.0,600.0,4.91,85.0,4.0,25358.0,2.5,2.0,2.0,2.0,4.0,2017.0,96.5,58.0,,
25364,2,18246.5,200.0,7926946.0,13.0,3.18,887.5,1999.0,,117130947.5,2.0,5.0,737.5,3.18,127.5,5.0,25364.0,3.0,1.0,,3.0,5.0,,,,,
25365,1,77944.0,200.0,615503.0,12.0,3.71,,,8.19,114072082.0,1.0,,925.0,3.71,132.0,6.0,25365.0,4.5,1.0,,4.0,6.0,,,200.0,2.0,
25373,1,11679.0,105.0,18515580.0,8.0,2.69,645.0,1905.0,0.13,117195608.0,1.0,1.0,540.0,2.69,69.5,4.0,25373.0,2.0,,,2.0,3.0,2020.0,,,,
25377,1,14937.0,105.0,18505086.0,21.0,6.29,1130.0,1995.0,1.85,117106865.0,1.0,5.0,850.0,6.29,143.89,6.0,25377.0,4.0,0.0,1.0,4.0,6.0,2019.0,106.9,175.0,,
25421,31,20542.0,161.0,16255091.0,8.0,3.76,930.0,1981.5,8.1,116867784.0,1.0,3.5,756.0,3.76,72.24,5.0,25421.0,3.0,1.0,3.0,3.0,3.0,2019.0,99.0,84.5,1.0,
25436,33,18525.0,160.0,5394580.0,7.0,4.2,831.0,1977.5,6.41,117023317.0,1.0,3.5,649.0,4.2,73.38,5.0,25436.0,3.0,1.0,3.0,3.0,3.0,2019.5,113.3,75.0,4122.0,
25451,22,32598.0,162.5,4420374.5,10.0,3.26,975.6949999999999,1997.0,7.59,116609239.5,1.0,5.0,816.5,3.26,76.80000000000001,6.0,25451.0,3.0,1.0,2.0,3.0,3.0,2017.0,90.0,100.0,41.0,
25462,8,34633.0,134.6,5370265.5,13.0,3.79,1178.85,2003.0,8.02,116618924.0,1.0,6.0,1075.0,3.79,92.58,6.5,25462.0,3.0,1.0,2.0,3.0,4.0,,117.1,99.0,5240.0,
25469,13,17289.0,210.0,710363.0,11.0,3.73,995.0,1990.0,8.21,117086197.0,1.0,4.0,765.0,3.73,86.0,5.0,25469.0,3.0,1.0,2.0,3.0,4.0,2018.0,113.65,72.0,1.0,
25474,2,49528.0,175.0,7728676.0,9.0,3.67,857.0,1990.0,6.13,116279812.0,1.0,4.5,659.5,3.67,70.565,5.0,25474.0,2.0,1.0,2.5,2.0,3.0,2006.0,102.1,,300.0,
25479,1,45303.0,80.0,18516527.0,12.0,4.28,795.0,1982.0,8.75,116546625.0,,4.0,645.0,4.28,68.5,5.0,25479.0,2.0,,,2.0,3.0,,124.0,70.0,,
25482,1,60588.0,200.0,18252758.0,7.0,2.99,870.0,1961.0,6.91,115668218.0,,2.0,670.0,2.99,71.2,5.0,25482.0,4.0,2.0,3.0,4.0,3.0,2020.0,,,,
25488,1,13309.0,240.0,498040.0,11.0,3.7,1040.0,1980.0,4.53,117127939.0,,3.0,800.0,3.7,100.0,5.0,25488.0,4.0,1.0,,4.0,4.0,,156.9,,70.0,
25489,1,81743.0,230.0,5786350.0,17.0,2.71,1040.0,2017.0,,102641658.0,1.0,9.0,810.0,2.71,80.93,6.0,25489.0,3.0,1.0,2.0,3.0,3.0,,22.1,,,
25492,3,6390.0,70.0,15301924.0,13.0,3.57,820.5,1925.0,11.33,117311306.0,1.0,1.0,496.0,3.57,62.0,3.0,25492.0,2.0,0.5,2.0,2.0,3.0,2019.0,238.0,70.0,,
25494,1,77308.0,235.0,16661843.0,18.0,3.65,1025.0,1907.0,4.4,114188246.0,1.0,1.0,790.0,3.65,90.8,5.0,25494.0,3.0,,,3.0,4.0,2004.0,,,,
25495,1,35557.0,150.0,17295104.0,7.0,3.31,810.0,2016.0,,116864661.0,1.0,9.0,660.0,3.31,67.05,5.0,25495.0,2.0,1.0,1.0,2.0,3.0,,37.2,,1.0,
25499,2,24764.5,157.5,9574437.5,9.5,3.33,770.0,1997.5,7.46,117016361.5,1.0,5.0,604.5,3.33,64.89,4.5,25499.0,2.25,2.0,2.0,2.0,2.5,,104.0,,,
25524,45,45364.0,117.6,15474807.0,9.0,4.21,632.5,1970.0,11.88,115718080.0,1.0,2.5,475.0,4.21,71.0,3.0,25524.0,3.0,2.0,3.0,3.0,3.0,2008.0,118.0,80.0,1.0,
25541,25,48809.0,90.0,15474807.0,6.0,2.74,505.0,1994.0,11.31,115200568.0,1.0,5.0,384.48,2.74,61.0,2.0,25541.0,2.0,1.0,2.0,2.0,3.0,2017.0,167.0,72.5,5.0,
25547,1,66994.0,230.0,15304256.0,11.0,4.52,879.0,,12.05,115340794.0,1.0,,649.0,4.52,118.1,5.0,25547.0,3.0,0.0,2.0,3.0,5.0,2019.0,,,300.0,
25548,6,48643.5,80.0,4370149.5,10.0,4.52,409.0,1951.0,12.05,115909796.5,1.0,2.0,297.0,4.52,40.0,1.0,25548.0,2.0,2.0,3.0,2.0,1.0,2020.0,189.0,80.0,3.0,
25551,1,74104.0,105.0,16943950.0,6.0,3.42,565.0,1960.0,13.79,114663880.0,,2.0,320.0,3.42,60.41,2.0,25551.0,2.5,1.0,1.0,2.0,2.0,,,140.0,1.0,
25554,6,53606.0,142.5,17595358.5,9.0,3.87,580.0,1972.0,12.78,114162565.0,1.0,3.0,385.0,3.87,67.0,2.0,25554.0,2.5,2.0,2.0,2.0,3.0,2019.0,125.0,80.0,,
25560,1,7957.0,95.0,1002600.0,15.0,3.69,985.0,2020.0,11.06,117289727.0,1.0,9.0,800.0,3.69,90.0,5.0,25560.0,3.0,1.0,1.0,3.0,4.0,2020.0,50.0,40.0,,
25566,9,62041.0,90.0,15993648.0,10.0,4.69,548.175,1974.0,11.11,115618609.0,1.0,3.0,350.0,4.69,62.5,2.0,25566.0,2.5,2.0,2.0,2.0,3.0,2019.0,151.15,80.0,1.0,
25569,1,23063.0,140.0,1002600.0,8.0,4.18,670.0,1997.0,12.27,117028764.0,1.0,5.0,530.0,4.18,98.0,4.0,25569.0,3.0,1.0,1.0,3.0,4.0,,107.3,,,
25572,1,64024.0,80.0,15811585.0,4.0,6.5,462.0,,10.03,115521152.0,,,282.0,6.5,50.97,1.0,25572.0,2.0,1.0,,2.0,2.0,,252.0,90.0,650.0,
25576,1,22477.0,45.0,15811585.0,7.0,4.91,470.0,1981.0,,117033827.0,1.0,4.0,355.0,4.91,58.78,2.0,25576.0,2.0,1.0,,2.0,2.0,2020.0,,70.0,310.0,
25578,1,43146.0,80.0,615503.0,10.0,0.0,,,,58537231.0,1.0,,460.0,,70.0,3.0,25578.0,2.5,1.0,,2.0,3.0,,109.0,80.0,2.0,
25582,1,52515.0,100.0,15811585.0,7.0,6.17,899.0,,,116163566.0,1.0,,650.0,6.17,122.0,5.0,25582.0,3.0,,,3.0,6.0,,,149.0,10.0,
25693,1,82676.0,187.0,18412979.0,14.0,1.16,837.0,2019.0,,112897703.0,1.0,9.0,650.0,1.16,74.0,5.0,25693.0,3.0,1.0,2.0,3.0,3.0,,,,,
25704,3,39284.0,220.0,15873670.0,11.0,2.09,750.0,1963.0,9.71,116762312.0,1.0,2.0,530.0,2.09,96.0,4.0,25704.0,3.0,1.0,,3.0,4.0,,208.60000000000002,,,
25709,4,35720.5,200.0,8042652.5,8.0,2.62,740.0,1978.0,2.0,104204687.0,,3.0,550.0,2.62,90.295,4.0,25709.0,3.5,3.0,1.5,3.5,3.5,,132.3,95.0,4.0,
25712,1,34449.0,75.0,279569.0,6.0,1.37,406.0,1959.0,11.43,35735805.0,,2.0,266.0,1.37,53.06,1.0,25712.0,3.0,2.0,2.0,3.0,2.0,,198.0,65.0,13.0,
25729,1,20453.0,105.0,483481.0,7.0,3.61,370.0,1960.0,,117062300.0,,2.0,255.0,3.61,52.5,1.0,25729.0,2.0,,1.0,2.0,2.0,,122.0,,,
25746,29,22537.0,121.0,15874335.0,8.0,2.27,683.4,1968.0,13.81,116773318.0,1.0,2.0,550.0,2.27,68.68,4.0,25746.0,3.0,1.0,2.0,3.0,3.0,2019.0,143.8,80.0,,
25761,9,56815.0,72.5,14699392.0,9.0,4.57,550.0,1997.5,14.72,115911521.0,1.0,5.0,490.0,4.57,50.0,3.0,25761.0,2.5,2.0,2.0,2.0,2.0,2018.0,124.9,30.0,4.0,
25767,2,39567.0,107.5,9914634.0,13.0,2.98,600.0,1966.5,14.29,116660151.0,2.0,4.5,460.0,2.98,77.5,3.0,25767.0,3.0,0.0,1.0,3.0,3.5,2020.0,,90.0,,
25770,1,36661.0,47.0,16943950.0,4.0,1.98,302.0,1970.0,9.08,116822938.0,,2.0,211.0,1.98,30.18,1.0,25770.0,1.0,0.0,,1.0,1.0,,,44.0,1.0,
25774,2,15994.0,102.0,9932874.0,1.0,2.645,257.03,1968.0,,117159744.0,,2.0,155.03,2.645,29.909999999999997,1.0,25774.0,1.0,0.5,2.0,1.0,1.0,,179.14999999999998,46.0,,
25776,1,70744.0,150.0,18214554.0,5.0,,475.0,1929.0,,114976946.0,1.0,1.0,325.0,,60.0,2.0,25776.0,3.0,,,3.0,2.0,,152.6,80.0,,
25779,1,15575.0,180.0,15766939.0,4.0,2.58,630.0,1920.0,,117126067.0,,1.0,450.0,2.58,85.0,3.0,25779.0,2.0,,,2.0,4.0,,,,,
25782,1,1793.0,116.0,9932874.0,2.0,1.89,309.08,1967.0,,117364474.0,,2.0,193.08,1.89,35.72,1.0,25782.0,1.0,1.0,1.0,1.0,1.0,2013.0,138.6,53.0,,
25792,1,29869.0,147.0,9932874.0,1.0,3.34,331.52,1967.0,,116959691.0,,2.0,184.52,3.34,38.47,1.0,25792.0,2.0,1.0,2.0,2.0,1.0,,252.8,67.0,,
25795,1,38979.0,80.0,18214554.0,6.0,2.33,,1953.0,,116772043.0,1.0,2.0,330.0,2.33,54.0,2.0,25795.0,2.0,,,2.0,2.0,,139.0,,,
25813,19,18736.0,191.0,717423.0,9.0,4.97,712.0,1982.0,6.3,117026830.0,1.0,3.5,517.0,4.97,78.0,4.0,25813.0,3.0,1.0,3.0,3.0,3.0,2018.5,100.9,101.0,4711.0,
25821,5,59348.0,90.0,16436407.0,5.0,3.69,590.0,1990.0,6.48,114193841.0,1.0,4.0,520.0,3.69,65.7,4.0,25821.0,2.0,2.0,2.5,2.0,3.0,,176.4,75.0,,
25826,3,24632.0,118.96,87480.0,5.0,5.19,818.0,2018.0,7.6,117012705.0,,9.0,680.0,5.19,69.36,5.0,25826.0,2.0,0.0,,2.0,3.0,,68.75,85.0,,
25836,1,68105.0,220.0,16571799.0,17.0,5.89,820.0,1993.0,3.69,115258850.0,1.0,5.0,600.0,5.89,87.0,4.0,25836.0,3.0,1.0,1.0,3.0,4.0,2017.0,,,,
25840,2,31531.5,95.0,17903331.0,6.0,4.88,577.5,1966.0,5.87,116544899.5,1.0,2.0,395.0,4.88,62.605000000000004,2.0,25840.0,3.5,1.5,2.0,3.5,3.0,2020.0,109.0,87.5,,
25856,1,44763.0,259.0,18507513.0,11.0,9.93,859.0,1602.0,,116555206.0,2.0,1.0,600.0,9.93,100.0,4.0,25856.0,3.0,,2.0,3.0,4.0,,,100.0,,
25866,2,55010.0,102.5,15784823.0,16.0,5.615,834.0,2020.0,5.36,115997408.0,1.5,9.0,668.0,5.615,82.0,5.0,25866.0,2.5,1.0,1.0,2.5,3.5,,34.7,92.0,0.0,
25870,1,44640.0,110.0,18601357.0,5.0,4.44,890.0,2020.0,,116433643.0,1.0,9.0,780.0,4.44,74.0,5.0,25870.0,3.0,,,3.0,3.0,,,,,
25878,1,68049.0,120.0,17254214.0,15.0,6.06,775.0,2017.0,,96004952.0,,9.0,655.0,6.06,74.0,5.0,25878.0,2.5,,,2.0,3.0,,,,,
25879,1,66754.0,48.0,15508591.0,12.0,3.88,580.0,1914.0,4.66,115364621.0,1.0,1.0,530.0,3.88,61.0,4.0,25879.0,2.5,1.0,1.0,2.0,3.0,2019.0,161.0,50.0,,
25885,1,11783.0,150.0,18626495.0,9.0,,550.0,,,117189451.0,1.0,,400.0,,66.0,2.0,25885.0,2.0,0.0,1.0,2.0,3.0,,,,,
25899,15,50040.0,150.0,18239253.0,5.0,4.35,800.0,2000.0,5.04,116325331.0,1.0,5.0,609.0,4.35,81.74,5.0,25899.0,3.0,1.0,2.5,3.0,4.0,2020.0,110.45,69.0,4711.0,
25917,10,33090.5,106.5,4299359.5,6.0,4.17,583.34,1961.0,4.04,116879067.5,1.0,2.0,400.0,4.17,64.745,2.0,25917.0,2.5,1.0,2.0,2.5,3.0,2020.0,154.0,92.0,4711.0,
25924,1,74397.0,0.0,1041655.0,12.0,2.8,375.0,2012.0,6.36,107098916.0,7.0,8.0,375.0,2.8,18.0,2.0,25924.0,1.0,0.0,2.0,1.0,1.0,,,0.0,,
25938,2,29692.0,69.0,445570.0,3.0,6.92,722.095,2001.0,8.24,116941982.5,1.0,6.0,566.095,6.92,75.245,3.5,25938.0,3.0,0.5,2.0,3.0,3.5,,58.1,67.0,,
25980,8,53202.0,165.0,16120533.0,9.5,3.34,1128.28,2004.0,6.34,116126285.0,1.0,6.0,1105.0,3.34,65.94500000000001,6.5,25980.0,2.0,1.5,2.0,2.0,3.0,2016.5,155.0,102.745,,
25992,2,57669.0,105.0,10476406.0,3.5,4.36,835.0,1980.5,6.27,115854315.5,1.0,3.5,730.0,4.36,28.0,5.5,25992.0,1.5,1.5,2.5,1.5,1.0,2016.0,,,,
25996,1,91.0,200.0,18630982.0,12.0,6.26,1190.0,,6.12,117387253.0,1.0,,990.0,6.26,65.0,6.0,25996.0,2.0,,,2.0,3.0,,,,,
25997,2,55828.0,80.0,1263426.0,26.5,3.43,1870.0,1938.0,10.14,93130994.5,1.0,1.0,1710.0,3.43,51.525000000000006,8.0,25997.0,2.5,1.5,2.0,2.5,2.0,2017.5,79.0,80.0,16.5,
26121,23,40569.0,140.0,15123788.0,6.0,3.7,760.0,1972.0,6.25,116673313.0,1.0,3.0,600.0,3.7,64.4,4.0,26121.0,2.0,1.0,2.0,2.0,3.0,2020.0,171.0,150.0,616161.0,
26122,23,25437.0,184.0,15298434.0,12.0,3.23,850.0,2009.0,5.07,117005688.0,1.0,7.0,720.0,3.23,68.0,5.0,26122.0,2.0,2.0,3.0,2.0,3.0,2018.0,130.2,,3.0,
26123,23,36944.0,187.0,15342817.0,11.0,3.99,814.5,1971.5,5.57,116649764.0,1.0,3.0,592.0,3.99,68.0,4.0,26123.0,3.0,1.0,3.0,3.0,3.0,2017.0,104.78,25.0,3.0,
26125,11,27897.0,180.0,5360872.0,12.0,3.8200000000000003,860.0,1992.0,6.26,114937661.0,1.0,5.0,625.0,3.81,70.35,5.0,26125.0,3.0,1.0,2.0,3.0,3.0,2019.0,93.6,,4.0,
26127,18,18304.0,94.5,9043474.0,7.0,3.675,725.0,2019.0,6.25,117086532.5,1.0,9.0,755.0,3.675,68.5,5.0,26127.0,3.0,1.0,2.0,3.0,3.0,2019.0,35.85,97.0,261.0,
26129,22,30605.0,135.0,5360872.0,5.0,4.06,804.0,1990.0,6.95,116771600.0,1.0,4.0,564.0,4.06,67.14500000000001,4.0,26129.0,2.0,2.0,2.0,2.0,3.0,2019.5,137.0,45.0,9000.5,
26131,36,35446.0,150.0,5360872.0,7.0,3.31,800.0,1984.0,5.88,116779854.0,1.0,4.0,631.5,3.31,79.235,5.0,26131.0,3.0,2.0,3.0,3.0,3.0,2018.0,140.4,40.0,1000.0,
26133,16,35769.5,150.0,5936971.0,8.5,3.46,694.5,2015.0,5.77,114423599.0,1.0,8.0,672.5,3.46,71.305,5.0,26133.0,3.0,1.0,2.5,3.0,3.0,2018.0,54.1,42.5,,
26135,20,24656.5,150.0,16021841.0,4.5,3.61,885.0,2015.0,5.37,116853254.0,1.0,8.0,657.5,3.61,71.85499999999999,5.0,26135.0,2.0,1.0,2.0,2.0,3.0,2015.0,83.5,0.0,3.0,
26137,1,72612.0,125.0,340523.0,6.0,3.83,450.0,,5.85,114818261.0,,,325.0,3.83,22.0,2.0,26137.0,1.0,1.0,2.0,1.0,1.0,,,50.0,,
26160,30,46200.5,155.0,901976.5,9.0,4.39,950.0,2004.0,5.23,116423489.5,1.0,6.0,695.0,4.39,81.425,5.0,26160.0,3.0,1.0,2.0,3.0,3.5,2017.0,98.5,,4.0,
26169,5,47981.0,150.0,134784.0,7.0,2.25,790.0,1998.0,5.65,116394189.0,,5.0,500.0,2.25,70.0,3.0,26169.0,3.0,2.0,2.0,3.0,3.0,,102.1,0.0,,
26180,12,51525.5,161.0,526495.0,10.0,4.43,900.0,1999.5,5.26,115946400.5,1.0,5.5,711.5,4.43,88.0,5.0,26180.0,3.0,1.0,2.0,3.0,4.0,,103.5,,2.0,
26188,5,37768.0,150.0,16414787.0,7.0,3.98,900.0,1999.0,3.32,115449611.0,1.0,5.0,600.0,3.98,80.0,4.0,26188.0,3.0,1.5,2.0,3.0,3.0,2016.0,81.05,,4.0,
26197,6,48181.5,160.0,16906446.5,7.0,2.5,784.0,2015.0,6.7,116201887.0,1.0,8.5,569.0,2.5,71.0,4.0,26197.0,2.0,1.0,2.0,2.0,3.0,,46.75,70.0,,
26203,2,42111.0,172.5,8188491.0,7.0,2.5700000000000003,,2002.5,7.76,116221116.5,,6.5,535.0,2.5700000000000003,89.61500000000001,3.5,26203.0,3.25,1.0,2.0,3.0,4.0,2017.0,92.35,,949494.0,
26209,4,34579.5,165.0,15225866.5,13.5,3.17,,1986.0,8.71,116737885.5,1.0,4.0,560.0,3.17,77.0,4.0,26209.0,3.0,1.0,1.0,3.0,3.5,,170.4,65.0,,
26215,3,35985.0,204.0,189216.0,26.0,3.95,944.0,2018.0,4.58,114036093.0,1.0,9.0,740.0,3.95,81.0,5.0,26215.0,2.0,1.0,,2.0,4.0,,5.2,,7.0,
26219,1,34780.0,135.0,134784.0,8.0,2.61,,2019.0,,116882195.0,,9.0,600.0,2.61,78.0,4.0,26219.0,3.0,,,3.0,3.0,,,,,
2625,185,65114.0,75.0,16934131.0,8.0,1.92,440.0,1977.0,6.73,115254813.0,1.0,3.0,320.0,1.92,60.88,2.0,2625.0,2.0,3.0,5.0,2.0,2.0,2001.0,85.0,60.0,1.0,
2627,7,34459.0,151.0,5838470.0,13.0,1.11,569.0,1889.0,4.300000000000001,116886377.0,1.0,1.0,382.0,1.11,70.53,2.0,2627.0,2.0,1.0,2.0,2.0,3.0,2019.5,223.7,79.6,50.0,
26316,10,66954.0,90.0,16125237.0,9.5,5.14,575.0,1965.0,6.09,115344509.5,1.0,2.0,492.5,5.14,82.17,3.0,26316.0,3.0,1.0,1.5,3.0,4.0,2010.0,185.5,163.0,,
2633,1,70078.0,100.0,17812481.0,11.0,1.85,375.0,1997.0,,102242213.0,1.0,5.0,275.0,,35.3,1.0,2633.0,1.5,1.0,1.0,1.0,1.0,1997.0,,,,
26340,2,15356.5,100.0,16849055.0,3.5,5.06,430.0,1996.0,7.44,117165509.0,,5.0,385.0,5.06,69.0,2.5,26340.0,2.5,2.0,2.0,2.5,2.5,2020.0,,,,
26345,1,65142.0,130.0,14560173.0,4.0,4.42,,1907.0,5.21,111476557.0,,1.0,490.0,4.42,69.0,3.0,26345.0,1.0,,,1.0,3.0,,108.9,,,
26364,1,10669.0,150.0,18627359.0,16.0,5.62,650.0,1996.0,,117230735.0,,5.0,500.0,5.62,90.0,3.0,26364.0,4.0,1.0,1.0,4.0,4.0,2020.0,,,,
26382,33,42005.0,90.0,15774828.0,9.0,5.18,460.0,1930.0,9.14,116060460.0,1.0,1.0,360.0,5.44,60.0,2.0,26382.0,2.5,2.0,3.0,2.0,2.0,2020.0,140.0,59.5,6.0,
26384,21,63409.0,97.0,14933796.0,9.0,5.54,620.0,1962.0,9.24,115066969.0,1.0,2.0,437.99,5.54,69.8,3.0,26384.0,3.0,2.0,3.0,3.0,3.0,2018.5,152.45,57.5,100.0,
26386,5,23380.0,99.0,314177.0,9.0,5.18,465.0,1941.0,8.78,117025703.0,,1.0,395.0,5.18,59.68,2.0,26386.0,2.5,0.0,1.0,2.0,2.0,2019.5,300.5,,4.0,
26388,43,49695.0,98.0,15774828.0,8.0,4.85,429.25,1940.0,8.76,115205748.0,1.0,1.0,315.0,4.85,54.48,2.0,26388.0,2.5,1.0,2.0,2.0,2.0,2020.0,204.1,68.5,13194327.0,
26389,17,42968.0,107.0,15774828.0,7.0,5.18,500.0,1939.0,8.37,116367923.0,1.0,1.0,346.0,5.18,63.31,2.0,26389.0,3.0,1.5,2.0,3.0,3.0,,199.6,78.0,51.5,
26409,9,52237.0,90.0,16830189.0,13.0,5.18,611.0,1971.0,7.0,115947681.0,1.0,3.0,411.0,5.18,70.83,3.0,26409.0,3.0,1.0,2.0,3.0,3.0,2019.5,194.5,100.0,300.0,
26419,1,10372.0,92.0,16830189.0,29.0,4.68,649.0,1969.0,3.52,117240444.0,,2.0,473.0,4.68,73.42,3.0,26419.0,3.0,1.0,3.0,3.0,3.0,2020.0,170.6,84.0,,
26427,7,44003.0,140.0,5413053.0,7.0,5.72,730.0,2019.0,5.52,116573849.0,1.0,9.0,600.0,5.72,88.0,4.0,26427.0,3.0,1.5,2.0,3.0,4.0,,59.0,,,
26434,2,32884.0,80.0,8182601.0,19.0,4.35,494.5,1995.0,4.96,106442882.0,1.0,5.0,374.5,5.31,60.5,2.0,26434.0,2.5,0.5,1.0,2.5,2.5,2020.0,130.3,75.0,,
26441,6,23359.5,92.5,15940597.5,9.0,4.625,490.0,2018.0,6.36,116085809.0,1.0,9.0,570.0,4.63,75.78999999999999,4.0,26441.0,3.0,1.0,1.5,3.0,3.0,2016.0,30.0,50.0,,
26446,1,48985.0,145.0,5413053.0,7.0,5.32,595.0,1978.0,9.24,116364761.0,,3.0,450.0,5.32,85.0,3.0,26446.0,3.0,,,3.0,4.0,,,,,
26452,1,46319.0,80.0,16890448.0,10.0,3.83,575.0,1939.0,5.77,116456239.0,,1.0,495.0,3.83,75.0,3.0,26452.0,3.0,,,3.0,3.0,,231.2,,,
26506,17,42572.0,120.0,543571.0,8.0,3.59,551.0,1988.5,7.72,116609669.0,0.0,4.0,530.0,3.59,71.0,4.0,26506.0,2.0,1.0,2.0,2.0,3.0,2015.0,168.3,110.0,2.5,
26524,5,19767.0,90.0,17310890.0,12.0,3.78,600.0,2016.0,6.9,114090545.0,1.0,9.0,590.0,3.78,89.0,4.0,26524.0,3.0,1.0,2.0,3.0,4.0,2016.0,35.0,,,
26529,4,55419.0,95.0,311417.0,3.0,1.62,,2020.0,7.37,115980200.5,1.0,9.0,785.0,1.62,87.0,5.0,26529.0,3.0,0.5,1.0,3.0,3.5,,22.0,,,
26532,1,5546.0,70.0,16685628.0,11.0,2.38,,1972.0,7.87,117323270.0,2.0,3.0,570.0,2.38,102.0,4.0,26532.0,3.0,,,3.0,5.0,2015.0,87.6,,1.0,
26553,2,70214.5,188.0,5759057.0,5.0,2.64,520.0,,6.38,114795866.5,1.0,,350.0,2.64,60.93,2.0,26553.0,2.0,0.5,1.0,2.0,2.5,,,,,
26603,22,42716.5,97.0,16830189.0,12.0,2.48,615.0,1968.0,8.68,116100440.0,1.0,2.0,426.0,2.48,70.0,3.0,26603.0,3.0,1.0,3.0,3.0,3.0,2018.0,135.9,101.0,7.0,
26605,3,45503.0,100.0,18590030.0,9.0,2.48,783.405,1995.0,8.68,116528517.0,1.0,6.0,620.0,2.48,87.86,5.0,26605.0,4.0,1.0,1.0,4.0,4.0,2017.0,112.4,,7.0,
26607,2,24712.0,137.5,6216764.0,6.5,3.825,550.0,1965.5,8.68,108178887.5,1.0,2.5,382.5,2.48,50.0,2.0,26607.0,2.0,,,2.0,2.0,,166.4,,7.0,
26629,1,36792.0,50.0,987533.0,18.0,2.67,770.0,1960.0,6.59,116825944.0,2.0,2.0,650.0,2.67,100.0,5.0,26629.0,4.0,1.0,2.0,4.0,4.0,2018.0,,70.0,,
26632,1,5548.0,80.0,18589848.0,6.0,1.7,540.0,1978.0,4.0,117323323.0,,3.0,380.0,1.7,57.0,2.0,26632.0,3.0,,,3.0,2.0,,183.3,80.0,,
26639,8,42019.0,125.0,553631.5,10.0,2.36,655.0,1991.0,7.89,115377854.5,1.0,5.0,512.5,2.36,77.5,3.5,26639.0,3.0,1.0,1.0,3.0,3.0,2017.5,172.0,125.0,,
26655,53,31401.0,180.0,1038796.0,8.0,4.52,757.5,2019.0,5.2,116936347.0,1.0,9.0,575.0,4.52,76.0,4.0,26655.0,3.0,2.0,3.0,3.0,3.0,2015.5,40.29,,4.0,
26670,1,60919.0,,145917.0,9.0,2.41,,1975.0,5.77,115656181.0,,3.0,330.0,2.41,55.0,2.0,26670.0,2.0,1.0,,2.0,2.0,,,,4.0,
26676,2,50069.0,72.5,17301947.0,5.5,2.15,425.0,1979.0,2.3,94522317.5,,3.0,352.5,2.15,70.0,2.0,26676.0,3.0,1.0,1.0,3.0,2.5,,,,,
26683,1,38400.0,70.0,12304297.0,13.0,1.67,,1999.0,8.75,109408716.0,1.0,5.0,475.0,1.67,82.0,3.0,26683.0,3.0,,,3.0,4.0,,152.8,,,
26689,10,57528.0,160.0,72809.0,16.0,4.01,,2007.0,5.66,115852987.5,1.0,7.0,557.5,4.01,84.095,4.0,26689.0,2.5,2.0,2.0,2.5,4.0,2017.0,36.6,,,
26721,34,61194.0,102.0,18143252.0,8.0,-0.43,683.0,1961.5,1.585,115652366.0,1.0,2.0,420.0,-0.43,69.5,3.0,26721.0,3.0,1.0,2.0,3.0,3.0,2016.5,170.5,89.0,57000.0,
26723,2,43445.0,130.0,16980773.5,6.5,-0.18500000000000003,,,3.78,116030425.5,1.0,,385.0,-0.18500000000000003,52.5,2.0,26723.0,2.0,2.0,,2.0,2.0,2020.0,90.0,,,
26725,10,58039.5,116.5,18143252.0,6.5,-0.42,625.5,1970.0,0.6,113762241.5,1.0,2.0,435.5,-0.42,71.0,2.5,26725.0,2.5,2.0,4.0,2.5,3.0,2019.0,128.0,116.0,,
26736,1,18402.0,60.0,5759057.0,16.0,2.83,,,6.86,117085995.0,1.0,,450.0,2.83,50.0,3.0,26736.0,3.0,0.0,1.0,3.0,2.0,,,,,
26759,3,27319.0,80.0,18143252.0,4.0,4.55,1200.0,1980.0,6.86,116987647.0,1.0,3.0,770.0,4.55,125.0,5.0,26759.0,4.0,1.0,1.0,4.0,6.0,2017.0,191.35,,,
26789,18,29549.0,100.0,15347629.0,6.0,3.81,740.0,2018.0,3.96,116921237.5,1.0,9.0,590.0,3.79,76.31,4.0,26789.0,3.0,1.0,2.0,3.0,3.0,2007.5,111.9,64.0,55000.0,
2681,3,50316.0,200.0,222054.0,8.0,1.67,520.0,1923.0,,116294102.0,2.0,1.0,320.0,1.67,75.0,2.0,2681.0,3.0,1.0,4.0,3.0,3.0,,225.7,65.0,,
26817,10,59359.0,140.0,16506934.0,9.5,1.85,305.0,2017.0,4.2,115313575.0,1.0,9.0,450.0,1.85,82.0,2.5,26817.0,3.0,1.0,3.0,3.0,3.5,,200.1,,,
26826,5,48488.0,90.0,5383511.0,11.0,2.71,600.0,1975.5,8.55,113180917.0,1.0,3.0,650.0,2.71,104.0,5.0,26826.0,4.0,2.5,1.5,4.0,5.0,2014.0,200.865,,,
26831,4,64864.5,80.0,16307667.0,4.5,3.84,570.0,2018.0,0.02,115171118.5,,9.0,485.0,3.84,69.0,3.5,26831.0,3.0,1.0,1.0,3.0,3.0,2014.0,62.9,60.0,,
26842,2,64925.0,57.5,6447095.0,17.0,1.99,405.0,1982.0,-1.41,115364819.5,1.0,3.5,415.0,1.99,81.5,2.5,26842.0,2.5,,,2.5,3.5,,159.2,,,
26844,5,70257.0,60.0,16506934.0,6.0,2.77,10.0,1994.0,3.71,115029013.0,1.0,5.0,10.0,2.77,50.0,1.0,26844.0,2.0,,,2.0,2.0,,163.4,100.0,,
26845,1,24327.0,130.0,17978538.0,14.0,5.83,990.0,2017.0,,117015034.0,1.0,9.0,860.0,5.83,136.0,6.0,26845.0,4.0,,,4.0,6.0,,20.1,,,
26871,5,17766.0,140.0,17502955.0,8.0,3.13,980.0,2019.5,7.91,115248793.0,1.0,9.0,780.0,3.13,83.0,5.0,26871.0,2.0,2.5,2.5,2.0,4.0,,31.0,70.0,,
2689,1,68959.0,103.5,680541.0,7.0,2.71,,2000.0,5.31,98016298.0,,5.0,345.0,2.71,69.0,2.0,2689.0,2.0,,,2.0,3.0,,104.4,,,
26897,1,38159.0,70.0,5325089.0,14.0,1.07,,2018.0,11.03,116791802.0,1.0,9.0,450.0,1.07,71.41,3.0,26897.0,2.0,2.0,,2.0,3.0,,,,,
26901,1,31008.0,50.0,18617206.0,9.0,3.82,520.0,1991.0,3.88,116943684.0,1.0,5.0,470.0,3.82,97.0,3.0,26901.0,3.0,1.0,2.0,3.0,4.0,,119.94,,,
26919,7,55053.0,159.0,770328.0,3.0,1.92,491.0,1969.5,6.25,115219562.0,1.0,2.5,295.0,2.43,58.2,1.0,26919.0,2.0,1.0,2.5,2.0,2.0,2019.0,123.7,70.0,1.5,
2692,9,63256.0,165.0,5838470.0,8.0,1.78,500.0,1972.0,4.33,115541558.0,1.0,2.5,380.0,1.78,71.0,2.0,2692.0,3.0,1.5,4.0,3.0,3.0,2018.0,138.8,92.5,1.0,
26931,3,55584.0,97.5,770328.0,8.0,2.81,330.0,2008.0,6.39,115702263.0,,7.0,205.0,2.81,18.1,1.0,26931.0,1.0,2.0,,1.0,1.0,,81.7,,1.0,
2694,1,67050.0,170.0,5838470.0,16.0,2.6,,,,115337949.0,,,470.0,2.6,92.0,3.0,2694.0,3.0,,3.0,3.0,4.0,,,,,
26954,40,46331.0,100.0,498085.0,7.0,2.9,540.5,1947.0,6.62,115301971.5,1.0,1.5,370.0,2.9,67.775,2.0,26954.0,2.75,1.0,2.0,2.5,3.0,2020.0,176.0,80.0,269.0,
26969,2,63547.5,200.0,371622.5,9.0,2.36,870.0,1994.0,8.1,106518306.5,1.0,5.5,577.5,2.36,93.7,4.0,26969.0,3.5,1.0,1.0,3.5,4.5,2014.0,86.75,,7.0,
2699,1,72691.0,60.0,13466576.0,4.0,2.05,505.0,1992.0,,114797892.0,1.0,5.0,390.0,2.05,65.0,2.0,2699.0,3.0,0.0,,3.0,3.0,,142.0,55.0,,
2708,45,59931.0,90.0,578777.0,8.0,2.1,433.0,1966.0,13.06,115558118.0,1.0,2.0,315.0,2.1,64.0,2.0,2708.0,3.0,2.0,3.0,3.0,3.0,2010.0,89.0,75.0,502.0,
27211,5,50339.0,139.5,16830189.0,13.0,4.01,664.5,1986.5,6.0,116296054.0,1.0,4.5,450.0,4.01,74.0,3.0,27211.0,3.0,1.0,2.0,3.0,3.0,2018.5,128.45,83.0,,
27232,2,60975.5,110.0,17695733.0,7.0,2.87,657.5,2017.0,4.15,115684131.5,1.0,9.0,602.5,2.87,75.0,4.0,27232.0,3.0,,,3.0,3.0,,,,,
27239,1,55665.0,,50896.0,0.0,4.3,,1971.0,4.06,115966080.0,,3.0,227.75,4.3,50.61,1.0,27239.0,2.0,,,2.0,2.0,,181.0,,,
27245,4,56454.5,110.0,16843082.5,7.5,1.695,430.0,1998.0,3.52,115292488.0,1.0,5.0,370.0,1.62,70.5,2.5,27245.0,2.0,3.0,2.0,2.0,3.0,,115.0,,2.0,
2727,5,62223.0,120.0,12970376.0,7.0,1.89,374.0,1905.0,14.4,115439232.0,,1.0,240.0,1.89,50.9,1.0,2727.0,2.0,1.0,,2.0,2.0,,116.55,60.0,,
27283,11,35742.0,135.5,16437325.0,10.0,3.22,770.0,1986.0,5.2,116859914.0,1.0,4.0,570.0,3.22,75.0,4.0,27283.0,3.0,1.0,2.0,3.0,3.0,2017.0,108.0,70.0,47000.0,
2730,6,65494.0,59.035,7196087.0,8.5,2.42,395.0,1983.0,18.1,87707906.0,1.0,4.0,252.0,2.51,56.955,1.0,2730.0,2.0,2.5,5.0,2.0,2.5,2000.0,143.0,65.0,,
27305,1,24993.0,,7335035.0,12.0,3.54,700.0,2003.0,,117009776.0,,6.0,575.0,3.54,113.5,4.0,27305.0,3.0,0.0,,3.0,5.0,,,,,
27318,1,84892.0,190.0,801203.0,13.0,5.36,932.0,2019.0,,111758156.0,,9.0,742.0,5.36,106.0,5.0,27318.0,4.0,,,4.0,5.0,,,,,
27321,1,45685.0,200.0,511766.0,0.0,,,,,91509751.0,,,600.0,,80.0,4.0,27321.0,3.0,0.0,2.0,3.0,3.0,2016.0,,,,
27324,1,40742.0,150.0,18608406.0,0.0,5.27,570.0,,3.9,116716071.0,,,420.0,5.27,80.0,3.0,27324.0,3.0,3.0,3.0,3.0,3.0,,,,,
2733,1,62388.0,135.0,5440929.0,11.0,2.32,531.0,,,115601175.0,,,396.0,2.32,82.5,2.0,2733.0,3.0,1.0,2.0,3.0,4.0,,,,,
27330,2,1667.0,,50896.0,0.5,3.72,,1988.5,,117366967.5,,4.5,254.485,3.72,56.89999999999999,1.0,27330.0,2.0,,,2.0,2.5,,165.0,,,
27336,2,78507.0,106.0,8424707.5,5.0,4.72,590.52,1920.0,2.92,113850504.5,1.0,1.0,367.52,4.72,83.1,2.0,27336.0,3.5,1.0,3.0,3.5,3.5,,123.0,117.0,,
27356,21,22413.0,175.0,804238.0,9.0,4.02,735.0,1984.0,5.15,116674376.0,1.0,4.0,560.7,4.02,78.08,4.0,27356.0,3.0,2.0,2.5,3.0,3.0,2020.0,80.0,80.0,2.0,
2736,1,70775.0,45.0,293623.0,8.0,1.45,280.0,1900.0,,112682209.0,,1.0,180.0,1.45,36.0,1.0,2736.0,2.0,0.0,3.0,2.0,1.0,1996.0,137.4,55.0,50.0,
27367,1,30614.0,130.0,652388.0,3.0,3.41,530.0,1993.0,4.41,116951614.0,1.0,5.0,400.0,3.41,47.49,2.0,27367.0,2.0,2.0,2.0,2.0,2.0,2020.0,90.0,60.0,2.0,
27374,6,47336.0,95.0,16943950.0,8.5,3.89,497.5,1972.0,,115503612.5,1.0,3.0,330.0,3.89,62.995,2.0,27374.0,2.75,2.0,2.0,2.5,2.5,2018.0,142.0,75.0,14.0,
27383,1,7966.0,60.0,18172660.0,18.0,3.61,550.0,1967.0,4.64,117288500.0,,2.0,490.0,3.61,54.66,3.0,27383.0,2.0,1.0,1.0,2.0,2.0,,,,,
27389,1,5926.0,100.0,17326416.0,3.0,3.03,400.0,,,117315518.0,1.0,,400.0,3.03,55.0,2.0,27389.0,2.0,0.0,0.0,2.0,2.0,2020.0,,,,
2739,3,43497.0,65.0,14696596.0,7.0,3.35,355.0,1930.0,,116605122.0,,1.0,240.0,3.35,47.16,1.0,2739.0,2.0,1.5,,2.0,2.0,,159.0,55.0,,
27404,10,24122.5,100.0,17742887.5,9.0,3.93,660.0,1971.0,5.71,117021376.0,1.0,3.0,550.0,3.93,69.0,4.0,27404.0,3.0,1.0,2.0,3.0,3.0,2014.0,165.15,84.5,,
27412,7,68220.0,260.0,17038434.0,2.0,3.23,1100.0,2020.0,4.55,115240065.0,1.0,9.0,670.0,3.23,73.92,5.0,27412.0,3.0,1.0,1.0,3.0,3.0,,,,,
27432,5,38439.0,140.0,16631440.0,14.0,2.7,693.95,1900.0,4.33,116786941.0,1.0,1.0,379.9,2.7,50.51,2.0,27432.0,1.0,1.0,1.0,1.0,2.0,2020.0,209.6,39.0,,
27472,24,55136.5,150.0,1011915.0,8.0,3.99,786.1500000000001,1910.0,10.01,115695862.5,1.0,1.0,507.5,3.99,75.54,3.5,27472.0,2.5,2.0,2.0,2.5,3.0,2019.0,141.0,77.0,4711.0,
27474,10,12383.0,121.5,2266084.5,8.0,3.99,617.435,1979.0,10.01,117197644.0,1.0,3.0,405.0,3.99,67.405,2.5,27474.0,3.0,2.0,5.0,3.0,3.0,,63.35,95.0,,
27476,2,38173.5,285.0,17540377.5,11.5,3.99,1070.0,2006.0,10.01,115928643.5,2.0,6.5,1410.0,3.99,103.15,7.0,27476.0,2.5,4.0,7.0,2.5,4.5,,75.0,,,
2748,1,77879.0,120.0,16975870.0,11.0,3.5,400.0,,,114084826.0,,,280.0,3.5,55.0,1.0,2748.0,2.0,4.0,4.0,2.0,2.0,,,,,
27568,75,49977.0,117.0,13086914.0,9.0,2.97,614.5,1954.5,9.35,115783017.0,1.0,2.0,439.0,2.97,68.1,3.0,27568.0,2.5,2.0,4.0,2.0,3.0,2018.0,117.85,75.0,6156.5,
27570,79,50973.0,110.0,14749967.0,8.0,3.05,500.0,1957.0,9.51,114741429.0,0.0,2.0,350.0,3.05,59.55,2.0,27570.0,2.0,2.0,4.0,2.0,2.0,2019.0,145.25,75.5,74.5,
27572,12,53879.5,90.0,57147.0,5.5,3.15,415.0,2008.5,6.46,114884255.5,1.0,7.0,259.0,3.15,38.055,1.0,27572.0,1.0,1.0,3.0,1.0,1.0,2014.5,89.05,69.0,,
27574,34,43410.0,111.0,57147.0,6.0,3.05,488.0,1963.0,9.51,115138307.0,1.0,2.0,295.0,3.05,59.585,1.0,27574.0,3.0,2.5,2.0,3.0,2.0,2019.0,88.8,76.5,,
27576,39,53696.0,100.0,15256118.0,9.0,2.65,457.25,1951.0,8.39,115189149.0,0.0,2.0,302.0,2.65,57.0,2.0,27576.0,2.0,2.0,4.0,2.0,2.0,2017.5,150.2,76.2,45.0,
27578,27,25563.0,105.0,57147.0,4.0,3.16,533.0,1966.0,8.6,116788626.0,1.0,2.0,346.0,3.16,65.6,2.0,27578.0,3.0,2.0,2.0,3.0,3.0,2019.0,96.5,88.0,,
27580,11,46678.0,120.0,14749967.0,6.0,2.65,570.0,1968.0,8.39,116383607.0,1.0,2.0,420.0,2.65,67.98,3.0,27580.0,2.5,2.0,3.0,2.0,3.0,2019.5,130.9,96.0,56000.0,
27607,6,37531.5,177.75,14375739.5,10.5,3.855,569.3,1984.0,10.72,115142805.0,0.5,4.0,460.25,3.89,68.31,3.0,27607.0,3.0,1.5,2.5,3.0,3.0,2018.5,77.35,55.0,,
27612,3,30595.0,165.0,8785076.0,19.0,3.58,860.0,1994.0,8.06,116952362.0,1.0,5.0,695.0,3.58,95.0,5.0,27612.0,4.0,1.0,2.0,4.0,4.0,2019.0,146.10000000000002,80.0,,
27619,4,50636.5,150.0,16871268.0,9.5,3.15,795.0,2001.5,8.12,115957320.5,1.0,6.0,760.0,3.15,99.2,5.5,27619.0,3.0,1.0,1.5,3.0,4.0,,110.95,,,
27624,7,49710.0,100.0,16490719.0,11.0,5.074999999999999,720.0,1975.0,10.9,115439642.0,1.5,3.0,600.0,5.13,80.0,4.0,27624.0,3.0,1.0,2.0,3.0,3.0,2017.0,90.6,,,
2763,87,63946.0,112.5,12970376.0,8.0,1.72,435.0,1907.5,10.68,115178825.0,1.0,1.0,302.0,1.72,67.2,2.0,2763.0,3.0,2.0,3.0,3.0,3.0,2013.0,118.87,80.0,754.0,
27639,2,48898.5,120.0,16440482.0,8.5,2.71,410.0,1974.5,10.455,113005803.0,,3.0,290.0,2.71,41.0,1.5,27639.0,1.5,2.0,2.5,1.5,1.5,2016.0,160.2,,,
27711,5,40362.0,150.0,8887874.0,13.0,3.28,820.0,2014.0,6.75,116715441.0,1.0,8.0,760.0,3.28,89.0,5.0,27711.0,3.0,1.0,2.0,3.0,4.0,,115.0,109.0,,
27721,6,22611.5,160.0,8022922.5,7.0,3.36,695.0,1970.5,8.09,114532258.0,1.0,3.0,592.5,3.36,60.0,4.5,27721.0,2.5,1.0,1.5,2.5,2.5,2019.0,169.2,80.0,,
27729,1,31779.0,140.0,16850471.0,10.0,4.63,740.0,2015.0,6.91,116929952.0,,8.0,460.0,4.63,80.0,3.0,27729.0,4.0,0.0,2.0,4.0,3.0,,274.0,140.0,86.0,
27749,11,49938.0,116.0,12591121.0,6.0,3.27,595.0,1966.0,9.85,115003837.0,1.0,2.0,475.0,3.26,70.0,3.0,27749.0,3.0,1.0,3.0,3.0,3.0,2014.0,173.9,85.0,4.0,
27751,11,28752.0,120.0,17646864.0,9.0,2.89,710.0,1996.0,9.19,116883141.0,1.0,5.0,590.0,2.89,82.14,4.0,27751.0,3.0,1.0,2.0,3.0,4.0,2019.0,86.85,42.0,3.0,
27753,13,45078.0,150.0,16150157.0,10.0,3.19,710.0,1970.0,10.28,116390644.0,1.0,2.0,600.0,3.19,76.9,4.0,27753.0,3.0,1.0,2.0,3.0,3.0,2016.0,155.0,100.0,2.0,
27755,6,50524.5,117.0,13081655.5,12.0,3.5949999999999998,529.95,1974.0,10.99,115583398.5,1.0,3.0,392.73,3.62,54.125,2.5,27755.0,3.0,1.0,3.0,3.0,2.0,2019.0,126.8,66.0,,
27777,7,23270.0,125.0,18602524.0,4.0,1.91,587.5,1988.0,6.71,117027530.0,1.0,4.0,420.0,1.91,62.0,3.0,27777.0,2.0,1.0,1.0,2.0,3.0,2018.5,109.0,20.0,,
2779,6,45970.5,64.7,582325.0,8.0,2.9,393.0,1964.5,10.42,105041479.5,,2.0,252.5,2.9,56.87,1.0,2779.0,2.5,3.0,3.5,2.5,2.0,2017.5,89.0,103.8,,
27793,15,41669.0,140.0,15827120.0,9.0,2.52,815.0,2019.0,7.7,116667651.0,1.0,9.0,700.0,2.52,81.0,5.0,27793.0,3.0,1.0,2.0,3.0,4.0,2019.0,35.4,40.0,28309.0,
27798,5,42616.0,130.0,5394580.0,3.0,2.75,845.0,2019.0,8.13,116637931.0,1.0,9.0,590.0,2.75,85.0,4.0,27798.0,3.0,1.0,2.0,3.0,4.0,2018.0,39.4,70.0,,
27801,5,21692.0,90.0,15745753.0,11.0,2.23,752.5,1987.0,,116201167.0,2.0,4.0,690.0,2.23,112.0,5.0,27801.0,3.0,1.0,1.0,3.0,5.0,2013.0,160.55,,1.0,
27804,1,55207.0,150.0,115292.0,13.0,2.11,675.0,1962.0,11.65,115991828.0,,2.0,525.0,2.11,70.0,4.0,27804.0,4.0,,,4.0,3.0,,201.9,,,
2782,7,68688.0,140.0,12970376.0,3.0,2.34,390.0,1930.0,14.35,115216451.0,,1.0,250.0,2.34,58.7,1.0,2782.0,2.0,1.5,3.0,2.0,2.0,,208.7,78.0,,
2785,11,79812.0,75.0,15532177.0,6.0,2.17,410.0,1982.0,17.27,89723528.0,1.0,4.0,280.0,3.11,58.51,1.0,2785.0,2.0,2.0,3.0,2.0,2.0,2017.0,90.0,70.0,2.0,
2799,3,57988.0,130.0,12970376.0,7.0,2.9,398.0,1940.0,10.42,115802605.0,,1.0,316.0,2.9,54.62,2.0,2799.0,3.0,2.0,,3.0,2.0,,,60.0,,
28193,2,35481.0,67.5,17865776.0,5.0,3.19,795.0,,7.98,116408456.5,,,660.0,3.19,57.0,5.0,28193.0,2.5,3.0,4.0,2.5,2.0,2019.0,,67.5,,
28195,47,26785.0,150.0,5764345.0,11.0,2.45,950.0,2013.0,8.46,116899705.0,1.0,8.0,820.0,2.45,73.0,6.0,28195.0,2.0,2.5,4.0,2.0,3.0,2019.0,111.0,90.0,11.0,
28197,8,35053.0,110.0,8207127.0,10.0,2.64,557.5,1957.0,5.76,116718408.0,0.0,2.0,415.3,2.64,49.305,2.5,28197.0,2.75,1.0,3.0,2.5,2.0,2019.0,176.0,45.5,,
28199,25,21636.0,150.0,14545849.0,7.0,3.19,925.0,2019.0,7.99,117033782.0,1.0,9.0,750.0,3.19,70.0,5.0,28199.0,2.0,2.0,4.0,2.0,3.0,2019.0,71.6,80.0,0.0,
28201,41,34901.0,140.0,146060.0,8.0,2.79,830.0,1995.0,7.85,116802530.0,1.0,5.0,680.0,2.79,70.0,5.0,28201.0,3.0,2.0,3.0,3.0,3.0,2016.0,66.0,60.0,33.0,
28203,32,40147.5,178.0,15308956.0,8.5,2.23,869.0,1960.0,5.99,116242635.0,1.0,2.0,690.0,2.23,63.625,5.0,28203.0,2.0,2.0,3.0,2.0,3.0,2019.0,113.5,51.915,3.0,
28205,22,28949.0,120.0,16200853.0,10.0,3.06,790.0,1964.5,7.7,113352843.5,1.0,2.0,665.0,3.06,62.0,5.0,28205.0,2.0,1.0,3.0,2.0,2.5,2018.0,142.65,64.5,13.5,
28207,13,20265.0,147.5,7377582.0,7.0,2.76,645.0,1993.0,8.03,117063522.0,1.0,5.0,495.0,2.76,58.0,3.0,28207.0,2.0,2.0,3.0,2.0,2.0,2020.0,97.0,52.5,2.0,
28209,32,28200.5,235.0,1036573.0,9.5,2.32,1518.0,1972.0,6.34,116934663.0,1.0,3.0,987.5,2.32,96.25,6.0,28209.0,3.0,2.0,3.0,3.0,4.0,2019.0,125.5,32.5,2502.0,
28211,29,38411.0,170.0,16217453.0,10.0,2.46,920.5,1994.0,6.5,116740516.0,1.0,5.0,750.0,2.46,75.0,5.0,28211.0,2.0,2.0,3.0,2.0,3.0,2017.0,106.89,50.0,1.5,
28213,18,28829.0,170.0,16607624.0,9.5,2.87,962.5,1962.0,7.31,116827848.5,0.5,2.0,765.0,2.87,82.535,5.0,28213.0,3.0,1.0,3.0,3.0,3.5,2016.5,143.95,108.5,4711.0,
28215,28,25541.5,109.0,15972131.5,8.0,2.8,780.0,1964.0,6.905,117000580.0,1.0,2.0,560.0,2.8,59.2,4.0,28215.0,2.0,2.0,3.0,2.0,2.5,2016.0,161.0,42.5,6.0,
28217,56,35198.5,185.0,15901393.0,11.5,2.49,1111.98,2017.0,6.37,116672884.0,1.0,9.0,902.13,2.49,78.66499999999999,6.0,28217.0,3.0,3.0,4.0,3.0,3.0,2015.5,63.4,81.35,6.0,
28219,12,38943.5,117.0,146060.0,6.5,2.71,545.0,1983.5,7.39,116728754.0,,4.0,408.53,2.71,57.345,3.0,28219.0,2.0,1.0,2.0,2.0,2.0,,148.0,50.0,,
28237,13,32611.0,111.0,146060.0,9.0,1.86,556.875,1971.0,5.02,116563199.0,0.5,3.0,395.0,1.86,59.48,2.0,28237.0,2.0,3.0,3.0,2.0,2.0,2013.5,123.0,63.5,202.0,
28239,20,47668.0,120.0,146060.0,8.5,3.05,695.0,1974.0,5.26,116368643.0,,3.0,432.56,3.05,62.385,3.0,28239.0,2.0,2.0,3.0,2.0,3.0,2018.5,90.5,82.5,2.0,
28259,19,20777.0,103.0,57147.0,6.0,2.88,634.0,1970.0,6.0,116919034.0,1.0,2.0,459.0,2.88,62.95,3.0,28259.0,3.0,3.0,4.5,3.0,3.0,2019.0,123.0,72.0,1.0,
2826,215,64730.0,128.0,15506739.0,10.0,2.31,485.0,1900.0,8.8,114653396.0,1.0,1.0,355.0,2.31,70.0,2.0,2826.0,2.0,2.0,4.0,2.0,3.0,2015.0,92.9,71.0,2.0,
2827,46,31592.5,116.0,5427549.0,9.0,2.24,443.635,1966.5,8.86,116898665.5,0.5,2.0,305.315,2.24,60.15,2.0,2827.0,3.0,2.0,3.0,3.0,2.0,2019.0,104.0,70.0,20.0,
28277,12,36808.5,190.0,390346.5,9.0,2.62,725.6,1970.0,5.63,115975208.0,1.0,2.0,495.1,2.62,69.71000000000001,3.5,28277.0,3.0,2.0,2.5,3.0,3.0,2010.0,106.0,56.0,0.0,
28279,11,43892.0,185.3,661751.0,10.0,1.36,1011.055,2016.5,6.64,116552459.0,1.0,8.5,850.0,1.36,80.58,6.0,28279.0,2.0,0.0,3.0,2.0,3.0,2019.0,123.65,75.0,10100016.5,
2828,27,54387.0,147.0,5427549.0,7.0,2.18,457.0,1982.5,8.8,116043679.0,,4.0,304.46,2.18,70.39,2.0,2828.0,3.0,4.0,5.0,3.0,3.0,2017.0,78.5,78.0,4711.0,
2829,5,55162.0,140.0,15816508.0,11.0,1.05,430.0,,18.16,115992065.0,1.0,,290.0,1.05,70.0,1.0,2829.0,2.0,0.0,2.0,2.0,3.0,2019.0,,,,
28307,4,19968.0,115.0,9509729.0,9.0,2.83,617.5,1984.0,6.5,117067370.0,,4.0,462.5,2.83,53.8,3.0,28307.0,1.75,1.5,1.0,1.5,2.0,2020.0,76.0,59.0,47000.0,
28309,10,23822.5,155.0,15842104.5,10.5,2.12,717.5,1966.0,6.24,116790080.0,1.0,2.0,560.0,2.12,63.5,4.0,28309.0,3.0,1.5,3.0,3.0,3.0,2016.5,160.75,,1.0,
28325,9,38639.0,150.0,820936.0,8.0,2.83,755.0,1992.5,5.9,116777470.0,1.0,5.5,585.0,2.83,65.71,4.0,28325.0,3.0,2.0,3.0,3.0,3.0,2020.0,103.0,74.0,,
28327,7,24799.0,113.5,57147.0,8.0,2.86,617.0,1957.0,6.49,117011215.0,2.0,2.0,468.0,2.86,64.19,3.0,28327.0,3.0,0.0,4.0,3.0,3.0,,91.73,66.5,,
28329,23,35248.0,123.0,356475.0,8.0,2.9,666.0,1971.5,6.49,116014922.0,1.0,3.0,487.0,2.9,64.0,3.0,28329.0,3.0,2.0,2.5,3.0,3.0,2019.0,106.0,71.0,2.0,
28355,17,37198.0,150.0,16519942.0,10.0,1.96,759.5,1995.5,5.45,115420804.0,1.0,5.0,675.0,1.96,77.0,5.0,28355.0,3.0,1.0,2.0,3.0,3.0,2018.0,99.9,55.0,2.0,
28357,27,39086.0,150.0,10427175.0,11.0,2.74,852.93,1968.0,6.19,116394524.0,1.0,2.0,610.0,2.74,75.0,5.0,28357.0,3.0,2.0,2.5,3.0,3.0,2018.0,122.5,77.0,2019017104.0,
28359,24,48613.5,135.0,15185987.5,8.0,2.71,790.0,1987.0,6.56,115886677.0,1.0,4.0,555.0,2.71,57.769999999999996,4.0,28359.0,2.25,1.0,3.0,2.0,2.0,2019.0,90.8,72.5,1.0,
28717,12,32555.5,140.0,3365948.0,9.0,2.26,715.0,1971.5,5.57,116817425.5,1.0,2.5,547.5,2.26,74.5,4.0,28717.0,3.0,1.0,2.0,3.0,3.0,2019.0,97.25,53.5,3.5,
28719,14,29365.5,98.5,146060.0,6.0,2.12,490.0,1963.0,5.2,116758923.0,2.0,2.0,377.0,2.12,51.730000000000004,2.5,28719.0,2.0,2.0,3.0,2.0,2.0,2010.0,183.0,47.5,,
28755,13,57539.0,120.0,541558.0,9.0,2.77,576.4,1967.0,3.31,115284311.0,1.0,2.0,435.67,2.77,64.0,3.0,28755.0,3.0,1.5,3.0,3.0,3.0,2013.0,154.0,39.0,2.0,
28757,16,52575.5,94.0,146060.0,7.0,2.05,477.8,1982.0,5.84,115998303.0,1.0,4.0,327.94,2.05,62.78,2.0,28757.0,2.0,1.0,2.0,2.0,3.0,2008.0,127.0,44.0,,
28759,12,43050.5,130.5,146060.0,6.5,1.74,703.54,1967.0,5.53,116405040.5,1.0,2.0,540.04,1.74,72.41499999999999,4.0,28759.0,3.0,1.0,2.0,3.0,3.0,,107.0,48.0,,
28777,4,37968.5,142.5,7798208.0,8.0,1.9249999999999998,580.6949999999999,1965.0,3.115,116437153.5,,2.0,425.695,1.9249999999999998,54.730000000000004,3.0,28777.0,2.5,2.0,3.0,2.5,2.0,2020.0,162.0,45.0,,
28779,11,51002.0,175.0,5777474.0,11.0,2.84,750.0,1971.0,3.51,115378042.0,1.0,2.5,590.0,2.84,80.9,4.0,28779.0,3.0,1.5,2.0,3.0,3.0,2016.0,126.15,93.5,7448.0,
28790,6,54807.0,172.945,17215795.5,17.0,3.07,810.0,1978.0,7.635,115090227.5,1.0,3.5,750.0,3.07,103.5,5.5,28790.0,3.5,1.0,1.5,3.5,4.5,,125.4,81.88,,
28816,12,21441.5,185.0,14055867.0,14.0,3.92,987.5,1991.0,7.14,116930224.5,1.0,5.0,825.0,3.92,100.0,5.5,28816.0,3.0,1.0,3.0,3.0,4.0,2015.0,50.4,80.0,0.0,
28832,22,36235.5,180.0,15826126.0,10.0,3.59,1020.0,1990.5,6.42,116808333.5,1.0,4.5,777.5,3.59,86.89500000000001,5.0,28832.0,3.0,1.0,2.0,3.0,4.0,2020.0,62.5,168.0,0.0,
28844,25,33316.0,160.0,17296470.0,11.0,4.36,1065.0,2012.0,6.86,116872247.0,1.0,8.0,849.0,4.36,85.17,6.0,28844.0,3.0,1.0,2.0,3.0,4.0,2018.0,69.0,50.0,6.0,
28857,11,65734.0,160.0,1924949.0,9.0,3.97,860.0,1999.0,6.34,115405087.0,1.0,5.5,549.0,3.97,73.09,4.0,28857.0,3.0,1.5,2.0,3.0,3.0,2019.0,129.0,70.0,47000.0,
28865,20,41695.0,200.0,16217453.0,10.0,3.53,1000.0,2011.0,10.31,116039109.0,1.0,8.0,785.0,3.53,91.0,5.0,28865.0,3.0,1.0,2.0,3.0,4.0,2005.0,102.0,80.0,1.0,
28867,4,33584.5,150.0,15376939.0,13.5,3.24,1370.0,2019.0,6.96,116900648.5,1.0,9.0,1080.0,3.24,118.19,7.0,28867.0,3.0,0.5,2.0,3.0,5.0,,,140.0,,
28870,5,48525.0,150.0,15835716.0,7.0,3.03,650.0,2007.0,2.87,116385007.0,1.0,7.0,600.0,3.03,90.0,4.0,28870.0,2.0,1.0,2.0,2.0,4.0,2019.5,24.549999999999997,,,
28876,10,34103.5,150.0,17270687.0,11.5,3.16,610.5,1970.0,6.96,116895000.5,1.5,2.0,465.6,3.16,61.9,3.0,28876.0,2.5,1.0,1.5,2.5,3.0,,91.6,75.0,4711.0,
28879,3,64434.0,120.0,17038434.0,7.0,2.96,840.0,2019.0,7.38,115496693.0,1.0,9.0,690.0,2.96,75.0,5.0,28879.0,3.0,1.0,1.0,3.0,3.0,2020.0,47.0,50.0,,
2894,10,67821.0,61.0,17782299.0,4.0,2.14,442.0,1973.0,13.39,114230587.5,1.0,3.0,301.0,2.14,67.0,1.5,2894.0,3.0,2.0,4.0,3.0,2.5,2019.0,106.0,90.0,,
2899,3,81078.0,100.0,16511535.0,7.0,1.72,337.5,1992.0,18.71,113374331.0,1.0,5.0,245.0,1.72,50.0,1.0,2899.0,2.0,1.0,3.0,2.0,2.0,,264.5,130.0,,
2906,18,72383.0,82.5,3037560.5,10.0,2.68,440.26,1980.0,10.79,109619008.5,1.0,3.0,330.875,2.68,58.925,2.0,2906.0,3.0,2.0,3.0,3.0,2.0,1994.0,70.0,65.0,,
29221,33,40004.0,168.0,5565602.0,11.0,4.99,810.0,1973.0,9.84,116055445.0,1.0,3.0,650.0,4.99,83.3,5.0,29221.0,3.0,2.0,3.0,3.0,4.0,2020.0,129.0,120.0,3.0,
29223,18,24463.0,180.0,16257725.0,10.0,4.99,745.0,1963.0,9.84,116920332.5,1.0,2.0,454.5,4.99,68.0,3.0,29223.0,3.0,1.0,2.0,3.0,3.0,2018.5,88.7,115.0,292.0,
29225,15,28032.0,130.0,9043474.0,9.0,4.99,655.0,1992.0,9.84,116951915.0,1.0,4.5,550.0,4.99,78.0,4.0,29225.0,3.0,2.0,2.0,3.0,3.0,2020.0,102.0,50.0,3.0,
29227,5,26430.0,105.0,8334675.0,11.0,4.99,751.0,1970.0,9.84,116994060.0,1.0,2.5,531.0,4.99,80.0,4.0,29227.0,3.0,1.0,1.5,3.0,3.0,,157.4,90.5,3.0,
29229,7,39294.0,150.0,16968463.0,12.0,4.99,790.0,1968.5,9.84,114560534.0,1.0,2.5,590.0,4.99,84.0,4.0,29229.0,4.0,1.0,2.0,4.0,4.0,2013.0,192.0,90.0,1.0,
2923,4,54395.5,120.0,17254898.5,17.0,2.055,435.0,1980.5,,115284721.5,1.0,3.5,315.0,2.055,58.0,1.5,2923.0,3.0,2.0,3.0,3.0,2.0,2012.0,,,,
2929,2,30778.0,122.0,8421199.0,7.5,2.39,432.4,1994.5,13.24,116633458.5,1.0,5.5,310.4,2.39,64.39,2.0,2929.0,3.0,1.0,2.0,3.0,2.5,2014.0,118.31,,,
29303,11,66622.0,167.5,5192873.0,8.0,3.68,560.0,1962.0,9.26,115368592.0,1.0,2.0,400.0,3.68,83.49,2.0,29303.0,3.0,1.0,1.0,3.0,4.0,2019.5,159.1,85.0,,
29308,7,22690.0,120.0,826071.0,7.0,4.58,685.0,2020.0,9.13,114648918.0,1.0,9.0,620.0,4.58,84.0,5.0,29308.0,3.0,1.0,1.0,3.0,4.0,2019.0,40.7,,,
29313,2,66648.5,110.0,4574644.0,9.5,4.575,790.0,2018.0,6.5200000000000005,114977781.0,1.0,9.0,810.0,4.575,106.75,5.5,29313.0,3.5,1.0,2.5,3.5,5.0,,57.0,,3.0,
29320,7,63207.0,120.0,5192873.0,7.0,4.1,430.0,1960.0,5.64,114068721.0,1.0,2.0,350.0,4.1,59.0,2.0,29320.0,2.0,1.0,1.0,2.0,2.0,2019.0,185.6,100.0,15.0,
29323,3,17060.0,180.0,15303004.0,12.0,4.49,730.0,1979.0,2.39,117100027.0,,3.0,500.0,4.49,83.0,3.0,29323.0,3.0,1.5,2.0,3.0,4.0,2019.0,161.0,,3.0,
29328,9,42555.0,88.0,5192873.0,9.0,5.3,525.0,1965.0,9.11,113541394.0,1.0,2.0,385.0,5.3,66.54,2.0,29328.0,3.0,1.5,2.0,3.0,3.0,2018.0,148.6,80.0,20.0,
29331,1,28605.0,120.83,18525829.0,8.0,4.4,630.83,1974.0,8.84,114808217.0,,3.0,510.0,4.4,56.0,4.0,29331.0,2.0,2.0,2.0,2.0,2.0,2019.0,152.5,,,
29336,2,31614.0,107.5,16835325.5,15.5,3.91,630.0,1956.0,12.07,116763862.5,1.0,4.5,522.5,3.91,67.815,3.5,29336.0,2.5,1.0,1.0,2.5,3.0,,95.4,,,
29339,3,32534.0,160.0,16968463.0,12.0,3.7,388.0,1974.0,8.55,116919485.0,1.0,3.0,359.0,3.7,64.0,2.0,29339.0,2.0,3.0,3.0,2.0,3.0,,136.45,,,
29342,1,69960.0,57.0,16913647.0,15.0,4.39,967.0,1881.0,12.4,114341211.0,1.0,1.0,780.0,4.39,120.0,5.0,29342.0,3.0,1.0,2.0,3.0,5.0,2007.0,79.6,130.0,,
29345,12,42122.0,76.0,18479724.0,8.0,4.32,520.0,1958.5,3.6,116461824.5,1.0,2.0,362.5,4.32,63.68,2.0,29345.0,2.0,1.0,2.0,2.0,3.0,2018.0,194.1,70.5,3.0,
29348,7,71404.0,120.0,16968463.0,8.0,4.34,,1978.0,1.37,114883434.0,1.0,3.0,309.0,4.34,50.0,2.0,29348.0,2.0,1.0,2.0,2.0,2.0,2020.0,138.7,,,
29358,2,30450.5,174.5,17922757.0,10.0,3.15,825.0,1990.0,,116823190.5,2.0,4.0,650.5,3.15,112.5,4.5,29358.0,3.25,1.0,1.0,3.0,5.0,2018.0,,,,
29364,1,16345.0,120.0,18624817.0,1.0,5.62,650.0,1996.0,,117116274.0,2.0,5.0,500.0,5.62,90.0,3.0,29364.0,4.0,1.0,1.0,4.0,4.0,2020.0,,30.0,,
29365,1,32926.0,160.0,5378817.0,9.0,2.04,695.0,2000.0,,66882323.0,2.0,5.0,535.0,,97.0,4.0,29365.0,4.0,0.0,1.0,4.0,4.0,,92.0,,,
29369,1,32465.0,180.0,15501082.0,9.0,1.52,880.0,2007.0,,116904789.0,1.0,7.0,640.0,1.52,98.0,5.0,29369.0,4.0,0.0,2.0,4.0,4.0,2018.0,73.9,,,
29378,9,39461.0,120.0,17262259.0,8.0,-0.48,545.0,1996.0,2.43,116757710.0,1.0,5.0,420.0,-0.48,64.0,3.0,29378.0,3.0,2.0,2.0,3.0,3.0,2019.0,158.9,70.0,,
29379,1,25934.0,180.0,17277656.0,20.0,-0.48,930.0,1965.0,2.43,117000915.0,1.0,2.0,750.0,-0.48,128.0,5.0,29379.0,3.0,,,3.0,6.0,2020.0,,,,
29386,2,52004.0,140.0,8706218.5,4.0,-0.585,,1950.0,,116136511.5,1.0,3.0,495.0,-0.585,83.0,3.0,29386.0,3.0,2.0,2.0,3.0,3.5,,169.85,,,
29389,5,41190.0,100.0,985968.0,7.0,3.21,504.0,1969.0,4.53,114447360.0,,2.0,414.0,3.21,66.68,3.0,29389.0,3.0,0.0,1.5,3.0,3.0,,161.0,0.0,,
29392,2,36884.5,235.0,9595651.0,7.0,1.595,680.0,1966.0,-0.14,105392104.0,1.0,2.0,365.0,-0.32,44.5,2.0,29392.0,2.0,1.5,2.0,2.0,2.0,2020.0,132.27,,,
29393,1,30552.0,140.0,10847674.0,9.0,0.66,630.0,2019.0,,116952971.0,1.0,9.0,490.0,0.66,70.0,3.0,29393.0,3.5,,,3.0,3.0,2019.0,,,1.0,
29399,2,42291.5,65.0,1035292.0,10.5,2.75,,1995.0,-8.23,55037218.5,1.0,5.0,390.0,0.74,57.0,2.5,29399.0,2.25,2.0,2.0,2.0,2.0,,170.0,55.0,,
29410,38,67690.5,97.5,486059.0,6.0,2.0,405.0,1972.0,5.0,114176858.5,1.0,3.0,296.5,2.0,59.5,1.0,29410.0,2.5,2.5,3.0,2.0,2.0,2017.0,108.0,75.0,1.0,
29413,1,80162.0,101.49,3520254.0,8.0,2.73,441.78,1968.0,,113596310.0,,2.0,268.65,2.73,59.7,1.0,29413.0,3.0,2.0,2.0,3.0,2.0,,128.3,71.64,,
29416,3,53372.0,130.0,12578180.0,4.0,2.16,435.0,1995.0,,114066742.0,,5.0,305.0,2.16,65.0,2.0,29416.0,2.0,1.0,,2.0,3.0,,101.1,,,
2943,52,71836.5,129.0,7326067.0,2.0,2.68,444.5,1968.0,11.98,114879727.0,1.0,2.0,312.0,2.68,59.0,2.0,2943.0,3.0,3.0,4.0,3.0,2.0,2004.5,84.19999999999999,62.5,3.0,
29439,4,14929.5,110.0,4210384.5,8.5,-0.515,520.0,1975.5,12.46,108701190.0,,3.5,300.0,-1.03,67.33,1.5,29439.0,3.0,1.0,2.0,3.0,2.5,2019.0,120.025,80.0,1.0,
29451,3,58738.0,126.0,40529.0,6.0,-0.56,445.0,1980.0,10.95,90532819.0,,3.0,245.0,-0.56,70.0,1.0,29451.0,3.0,1.0,2.0,3.0,3.0,,111.75,60.0,,
29456,3,74243.0,130.0,40529.0,7.0,0.4,350.0,1991.0,13.43,110398736.0,,5.0,220.0,-0.45,55.0,1.0,29456.0,2.0,0.0,3.0,2.0,2.0,,83.0,,,
29472,1,70362.0,250.0,18018624.0,18.0,,1050.0,1850.0,,115021505.0,,1.0,800.0,,220.0,5.0,29472.0,3.0,2.0,2.0,3.0,7.0,,,,,
29493,1,83087.0,94.0,40529.0,5.0,1.21,,1961.0,,112731151.0,,2.0,188.0,1.21,62.5,1.0,29493.0,3.0,1.0,,3.0,3.0,,123.6,,,
29525,21,20725.0,98.0,985968.0,6.0,2.64,570.0,1964.0,4.82,117058238.0,1.0,2.0,448.0,2.64,68.0,3.0,29525.0,3.0,2.0,3.0,3.0,3.0,2020.0,146.2,53.0,295.0,
2953,5,79071.0,150.0,18291836.0,7.0,2.43,590.0,1996.0,14.78,113881524.0,1.0,5.0,440.0,2.43,89.0,3.0,2953.0,3.0,2.0,3.0,3.0,4.0,2018.5,98.89,,,
29549,11,25061.0,150.0,16647865.0,11.0,3.48,650.0,2019.0,2.4,117008865.0,1.0,9.0,640.0,3.48,78.0,5.0,29549.0,3.0,1.0,1.0,3.0,3.0,2018.0,120.55,100.0,1.0,
29553,1,31331.0,202.0,5394580.0,13.0,2.74,,1969.0,4.47,116937296.0,1.0,2.0,945.0,2.74,135.0,6.0,29553.0,4.0,1.0,2.0,4.0,6.0,,143.8,213.0,,
29556,6,58816.0,51.0,4321572.5,10.0,1.78,351.67,1981.0,0.78,114915321.0,1.5,4.0,290.83500000000004,1.78,46.67,1.0,29556.0,1.5,1.0,,1.5,2.0,,107.2,33.0,,
2956,2,74321.5,65.0,8781958.0,7.5,3.075,465.845,2004.0,,74207996.5,,6.5,363.345,3.075,51.65,2.0,2956.0,2.0,0.0,1.0,2.0,2.0,1990.0,79.5,,,
2957,4,49962.5,105.5,7326067.0,1.0,1.19,394.0,1965.0,8.74,83874788.0,,2.0,284.0,0.595,54.5,1.0,2957.0,3.0,1.5,3.0,3.0,2.0,1996.0,109.8,70.0,7.0,
29571,1,61495.0,49.0,985968.0,3.0,1.86,323.6,1975.0,,115639252.0,,3.0,223.6,1.86,40.79,1.0,29571.0,1.0,1.0,,1.0,1.0,,203.9,51.0,,
29574,1,80392.0,240.0,5400597.0,10.0,3.59,1020.0,1969.0,2.27,113548754.0,,2.0,780.0,3.59,120.0,5.0,29574.0,4.0,1.0,2.0,4.0,5.0,2019.0,,,,
29581,1,23222.0,110.0,18618687.0,7.0,1.43,335.0,1920.0,,116972625.0,,1.0,225.0,1.43,47.0,1.0,29581.0,2.0,,,2.0,2.0,2019.0,,,,
29584,1,40114.0,,5778684.0,14.0,2.13,,1960.0,,107480664.0,1.0,2.0,800.0,2.13,140.0,5.0,29584.0,5.0,1.0,2.0,5.0,6.0,2018.0,154.9,,,
2959,4,58641.0,110.0,4142830.5,5.0,1.96,432.5,1968.0,,114312810.5,1.0,2.0,297.0,1.96,59.0,1.0,2959.0,3.0,1.0,2.5,3.0,2.0,2010.0,98.9,80.0,3.0,
29614,9,19447.0,132.5,18392566.0,14.0,5.24,920.0,1980.0,8.19,116883883.0,1.0,3.0,700.0,5.24,90.0,5.0,29614.0,3.0,1.0,2.0,3.0,4.0,2020.0,118.9,92.5,,
29633,20,38541.0,123.0,10877075.0,6.5,6.27,600.0,1968.0,8.18,113036486.5,1.0,2.0,397.5,6.27,70.0,2.0,29633.0,3.0,1.0,2.0,3.0,3.0,2018.0,204.64999999999998,96.0,11.5,
29640,7,46515.0,159.0,3298941.0,12.0,5.04,565.0,1955.0,9.49,116415766.0,1.0,2.0,478.0,5.04,65.0,3.0,29640.0,2.0,1.0,2.0,2.0,3.0,2020.0,151.0,55.0,2.0,
29664,17,36985.0,140.0,9043474.0,10.0,5.24,642.0,1973.0,6.86,116736809.0,1.0,3.0,450.0,5.24,72.98,3.0,29664.0,2.0,2.0,3.0,2.0,3.0,2019.0,113.0,112.0,70.5,
29683,7,35318.0,160.0,17586753.0,13.0,4.81,640.0,1971.0,4.25,116869466.0,1.0,3.0,450.0,4.81,80.0,3.0,29683.0,3.0,2.5,2.0,3.0,3.0,2009.0,170.8,85.0,,
29690,7,52085.0,170.0,17599786.0,6.0,5.19,900.0,1900.0,7.39,116170920.0,2.0,1.0,695.0,5.19,116.0,5.0,29690.0,3.0,0.5,1.0,3.0,5.0,2019.0,100.4,,10003.0,
29699,3,53618.0,170.0,16831885.0,14.0,4.36,550.0,1971.0,-0.48,116103197.0,1.0,3.0,415.0,4.36,68.45,3.0,29699.0,3.0,2.5,2.0,3.0,3.0,2016.5,151.5,80.0,,
2977,110,53398.0,77.0,228652.0,3.0,0.37,403.6,1967.0,7.83,116121805.5,1.0,2.0,282.8,0.56,60.2,1.0,2977.0,3.0,3.0,3.0,3.0,2.0,2010.0,87.6,49.5,1.0,
2979,1,70685.0,65.0,228652.0,2.0,0.61,395.0,1959.0,-1.72,114981519.0,,2.0,260.0,0.61,59.9,1.0,2979.0,3.0,0.0,,3.0,2.0,,76.0,70.0,1.0,
2991,11,52888.0,100.0,228652.0,4.0,1.16,440.0,1965.0,2.97,116142293.0,,2.0,295.0,1.16,59.97,1.0,2991.0,3.0,3.0,2.0,3.0,2.0,2000.0,89.19999999999999,47.5,1.0,
2994,19,76325.0,64.0,13466576.0,7.0,1.96,411.0,1988.0,7.33,114348904.0,1.5,4.0,295.0,1.96,61.17,1.0,2994.0,2.0,2.0,2.5,2.0,3.0,2019.0,96.5,58.0,,
2997,2,66591.5,130.0,10790389.0,8.0,2.145,570.15,1981.0,6.26,97261248.0,1.0,3.5,395.15,2.44,64.68,2.5,2997.0,3.0,2.0,4.0,3.0,2.5,,116.5,90.0,299.0,
2999,3,29629.0,80.0,17234744.0,13.0,1.49,520.0,1969.0,8.98,114981383.0,1.0,2.0,340.0,1.49,60.0,2.0,2999.0,3.0,3.0,3.0,3.0,2.0,2017.0,100.8,65.0,1.0,
30106,2,33553.5,73.995,8761475.0,3.5,1.7000000000000002,351.0,2018.0,10.205,103294409.0,,9.0,276.005,1.7000000000000002,20.5,1.0,30106.0,1.0,2.0,4.0,1.0,1.0,2018.0,,,2.0,
30159,52,30540.5,125.0,5772867.0,8.5,3.52,1025.0,1965.0,10.38,116794459.0,1.0,2.0,810.0,3.52,64.5,5.5,30159.0,2.0,3.0,4.0,2.0,3.0,2019.0,104.3,67.455,102.0,
30161,46,27266.0,130.0,15841186.0,8.0,3.16,973.7950000000001,1955.0,8.53,116561602.5,1.0,2.0,882.5,3.16,75.0,6.0,30161.0,3.0,2.0,4.0,3.0,3.0,2019.0,121.4,100.0,10.0,
30163,28,28108.5,148.5,2832318.0,9.5,3.1,861.23,1956.0,8.38,116947340.0,1.0,2.0,742.5,3.1,73.23,5.0,30163.0,3.0,2.0,4.0,3.0,3.0,2019.0,106.975,60.0,103.0,
30165,17,14716.0,155.0,5426718.0,9.0,3.09,789.3,1960.0,9.17,116982632.0,1.0,2.0,633.6,3.09,68.18,5.0,30165.0,3.0,3.0,4.0,3.0,3.0,2019.0,102.2,105.0,153.0,
30167,17,18381.0,120.0,15840936.0,8.0,3.49,880.0,1965.0,8.95,116973943.0,1.0,2.0,680.0,3.49,52.0,5.0,30167.0,2.0,2.0,4.0,2.0,2.0,2019.0,99.0,50.0,1.0,
30169,25,33440.0,200.0,470113.0,7.0,3.57,998.0,1961.5,7.14,116877988.0,0.0,2.0,762.0,3.57,55.64,5.0,30169.0,2.0,3.0,4.0,2.0,2.0,2019.5,74.95,0.0,1.5,
30171,39,49288.0,165.0,834460.0,11.0,3.13,1261.545,1960.0,9.04,115927175.0,1.0,2.0,950.0,3.13,90.0,6.0,30171.0,3.0,2.0,4.0,3.0,4.0,2018.0,112.1,100.0,4711.0,
30173,20,19222.5,141.0,13175046.5,9.0,3.13,1098.5,1955.0,9.04,117024569.5,1.0,2.0,990.0,3.13,91.75,6.0,30173.0,3.0,1.5,4.0,3.0,4.0,2019.5,110.9,60.0,1.0,
30175,20,32438.5,162.5,986452.0,12.0,1.95,1252.5,1930.0,6.97,116817668.0,1.0,1.0,987.5,1.95,88.75,6.0,30175.0,3.0,2.0,3.0,3.0,4.0,2019.5,93.4,110.0,52.0,
30177,40,33542.0,260.52,18560546.0,1.0,3.1,855.27,2019.0,8.38,116899864.5,33.0,9.0,586.44,3.1,44.845,4.0,30177.0,1.0,2.0,5.0,1.0,2.0,2019.0,145.0,180.0,11.5,
30179,8,30413.5,150.0,16791666.5,8.0,2.41,779.165,1968.5,7.46,116550322.0,1.0,2.5,534.85,2.41,64.96000000000001,3.5,30179.0,2.0,3.0,2.0,2.0,3.0,2016.0,118.0,72.5,6.0,
30359,1,72186.0,130.0,17023104.0,5.0,2.47,461.0,2017.0,6.73,114862213.0,1.0,9.0,331.0,2.47,19.0,2.0,30359.0,1.0,2.0,4.0,1.0,1.0,2017.0,,,,
30419,39,27464.0,125.0,317718.0,5.0,3.07,657.67,1959.0,8.15,116568089.0,1.0,2.0,506.02,3.07,60.0,4.0,30419.0,2.0,2.0,3.0,2.0,2.0,2020.0,131.0,66.0,4711.0,
3042,22,49689.5,130.0,11756249.0,4.0,-0.91,431.625,1972.0,3.22,116243739.0,1.0,3.0,284.01,-0.91,57.095,1.0,3042.0,2.0,3.0,5.0,2.0,2.0,1999.0,84.285,0.0,1.0,
3044,46,54047.0,110.97,14982194.0,9.5,-0.33,478.615,1986.0,7.83,115589202.0,1.0,4.0,340.46500000000003,-0.33,57.625,2.0,3044.0,3.0,3.0,5.0,3.0,2.0,2019.0,84.0,48.35,1.0,
30449,17,23413.0,137.5,5763585.0,6.0,3.37,825.375,1902.5,9.26,117023068.0,,1.0,685.0,3.24,62.0,5.0,30449.0,2.0,2.0,4.0,2.0,3.0,2019.0,133.0,80.0,103.0,
30451,8,7334.0,87.0,15414533.0,11.0,3.11,542.0,1910.0,9.23,117264673.5,,1.0,625.0,3.11,52.0,4.5,30451.0,2.0,1.5,4.0,2.0,2.0,2019.0,114.0,80.0,,
30453,15,19947.0,115.0,5356721.0,7.0,2.49,752.0,1963.5,7.88,116982481.0,1.0,2.0,565.0,2.49,65.0,4.0,30453.0,3.0,2.0,3.0,3.0,3.0,2019.5,81.0,45.0,30.0,
30455,11,41576.0,151.0,661753.0,5.0,2.03,991.5,2011.0,6.74,116600361.0,0.0,8.0,790.0,2.03,64.86,5.0,30455.0,2.0,2.0,2.0,2.0,3.0,2019.5,56.7,48.0,1.0,
30457,12,20209.5,178.0,674719.0,8.0,2.1,835.0,1976.0,7.63,117060577.0,1.0,3.0,591.9449999999999,2.1,76.55,4.0,30457.0,3.0,3.0,3.0,3.0,3.0,2020.0,109.0,86.0,4711.0,
30459,20,16701.5,102.0,16020136.0,7.5,2.96,667.0,1950.0,8.35,117041970.5,0.5,1.0,530.0,2.96,57.5,4.0,30459.0,2.0,1.0,3.0,2.0,2.0,2020.0,144.2,27.5,931190722.0,
3046,74,54124.0,180.0,5142165.5,7.0,-0.31,710.0,1960.0,6.38,115749197.0,1.0,2.0,525.0,-0.31,75.485,4.0,3046.0,3.0,2.0,4.0,3.0,3.0,2019.0,80.55,53.175,2.0,
3048,54,60525.5,122.815,14543424.0,8.5,-0.57,477.02,1978.0,4.41,115608657.5,1.0,3.0,310.53,-0.57,58.010000000000005,2.0,3048.0,3.0,3.0,5.0,3.0,2.0,2019.0,87.1,64.045,1.0,
3050,28,50413.0,120.44,5443926.0,3.0,-0.46499999999999997,443.0,1981.0,5.68,116173923.0,1.0,4.0,305.03,-0.46499999999999997,54.125,2.0,3050.0,3.0,3.0,4.0,3.0,2.0,2010.5,70.0,63.855000000000004,1.0,
3051,4,82358.0,145.0,16432351.5,12.0,-0.365,753.0,1996.5,2.17,112569985.0,1.0,5.0,577.5,-0.365,79.745,4.0,3051.0,2.5,1.0,1.5,2.5,3.5,,91.155,60.5,,
30519,42,31661.5,150.0,15594966.0,9.0,2.63,860.625,1955.0,7.47,116814855.0,1.0,2.0,638.175,2.63,67.14500000000001,5.0,30519.0,2.75,1.0,3.0,2.5,3.0,2018.0,123.0,65.0,4711.0,
3053,2,51926.0,253.375,1233193.0,7.0,-1.11,951.375,1998.0,,72547505.5,1.0,5.0,673.0,-1.11,113.15,5.0,3053.0,3.0,1.5,2.0,3.0,5.0,,61.0,,1.0,
30539,16,33268.5,152.0,5365943.0,11.5,2.47,725.0,1999.0,6.73,115843648.5,1.0,5.0,587.5,2.47,65.62,4.0,30539.0,2.25,2.0,3.5,2.0,3.0,2014.0,64.0,66.0,15284.5,
3054,7,53532.0,100.0,507822.0,10.0,-0.53,569.0,1997.0,1.36,116118952.0,1.0,5.0,373.0,-0.53,60.4,2.0,3054.0,2.0,2.0,2.0,2.0,2.0,2014.5,85.0,0.0,1.0,
30547,1,6911.0,119.0,562951.0,2.0,2.1,612.47,1992.0,7.63,117303350.0,,5.0,452.47,2.1,60.41,3.0,30547.0,2.0,0.0,,2.0,2.0,,135.0,41.0,,
3055,2,28245.5,150.0,14589276.5,11.5,0.15,825.0,2000.0,,116977274.5,2.0,5.0,750.0,0.15,100.0,5.0,3055.0,3.0,1.0,1.5,3.0,4.0,2015.0,,,,
30559,40,59047.5,180.0,937890.5,8.0,2.55,1115.21,1996.0,7.71,115665441.5,1.0,5.0,950.0,2.55,79.075,6.0,30559.0,3.0,1.0,3.0,3.0,3.5,2020.0,69.5,70.56,3360.5,
3058,1,43620.0,145.0,1211753.0,17.0,3.77,440.0,1960.0,,105121408.0,1.0,2.0,295.0,,59.0,1.0,3058.0,3.0,3.0,,3.0,2.0,,145.0,,,
30625,13,9678.0,190.0,14221966.0,9.0,2.46,860.0,1953.0,7.29,116061563.0,1.0,2.0,690.0,2.46,71.17,5.0,30625.0,2.0,2.0,4.0,2.0,3.0,2018.0,117.8,70.0,,
30627,10,33795.5,204.0,174320.0,8.0,2.89,892.36,1972.0,8.61,116667685.5,1.0,3.0,545.4000000000001,2.89,70.955,4.0,30627.0,2.0,3.0,3.0,2.0,3.0,2017.5,86.8,75.0,,
30629,17,49445.0,154.31,5772867.0,11.0,2.5549999999999997,873.47,2018.0,7.29,116165589.0,1.0,9.0,635.51,2.54,57.15,5.0,30629.0,2.0,2.0,3.0,2.0,2.0,2018.0,33.6,66.435,4711.0,
30655,28,28514.5,130.0,769778.5,8.0,2.995,857.11,1960.0,8.61,116706694.0,1.0,2.0,675.5799999999999,2.89,75.5,5.0,30655.0,3.0,2.0,3.0,3.0,3.0,2018.0,96.6,75.0,1055.0,
30657,21,19886.0,223.75,11590.0,11.0,2.29,1291.5,2020.0,7.61,117065831.0,1.0,9.0,1050.0,2.29,86.4,7.0,30657.0,3.0,1.0,2.0,3.0,4.0,2020.0,68.1,80.9,4711.0,
30659,12,51295.5,140.17000000000002,239230.0,8.0,2.85,1045.745,2018.5,8.245,115315239.5,1.0,9.0,748.035,2.85,65.58500000000001,5.0,30659.0,2.0,1.0,3.0,2.0,3.0,2019.0,48.0,65.08,1.0,
30823,18,20849.5,139.5,16684253.5,8.0,4.42,875.0,1969.0,10.99,117055455.0,1.0,2.0,645.0,4.42,71.5,5.0,30823.0,3.0,2.0,3.0,3.0,3.0,2018.0,123.15,65.0,0.0,
30826,7,59476.0,200.0,717996.0,9.0,4.42,1017.5,1950.0,10.99,115728160.0,1.0,1.0,750.0,4.42,115.0,5.0,30826.0,3.0,1.0,1.0,3.0,5.0,2018.0,146.0,,7.0,
30827,18,32867.5,165.0,16703334.0,8.0,4.42,675.0,1966.0,10.99,116474938.5,1.0,2.0,512.5,4.42,68.5,3.5,30827.0,3.0,2.0,2.0,3.0,3.0,2020.0,173.59,37.0,3.0,
30851,18,32706.5,152.5,479524.0,10.5,4.66,930.0,2015.0,11.41,116779701.5,1.0,8.5,780.0,4.66,86.25,5.0,30851.0,3.0,1.0,4.0,3.0,4.0,2020.0,142.3,45.0,102.0,
30853,25,28186.0,160.0,2758741.0,8.0,4.69,1186.0349999999999,2017.0,11.41,115984016.0,1.0,9.0,890.0,4.69,80.64,6.0,30853.0,3.0,2.0,4.0,3.0,3.0,2017.0,57.05,94.0,4711.0,
30855,6,45528.5,131.665,14277860.5,13.0,4.69,1058.0,2003.0,11.41,112765166.5,1.0,6.0,965.645,4.69,101.0,6.5,30855.0,3.0,2.0,2.0,3.0,4.5,2011.0,147.0,82.35,1.0,
30880,22,32035.5,199.5,1614638.0,9.5,4.31,832.14,1972.0,10.72,116456717.5,1.0,3.0,590.0,4.31,76.49,4.0,30880.0,3.0,2.0,4.0,3.0,3.0,2018.0,102.0,80.0,4711.0,
30890,27,41571.0,185.0,5394580.0,7.0,4.42,767.0,1971.5,9.22,115832439.0,1.0,3.0,595.0,4.42,89.0,4.0,30890.0,3.0,2.0,3.0,3.0,4.0,2020.0,109.0,77.8,5.0,
30900,26,12031.5,180.0,16805924.0,8.0,4.37,1160.0,2018.5,10.86,117022684.5,1.0,9.0,985.0,4.37,97.0,6.0,30900.0,3.0,1.0,2.0,3.0,4.0,2016.0,87.0,60.0,14.0,90142.0
30916,6,37799.5,165.0,8777829.0,15.0,4.33,810.0,1987.5,11.68,116720872.5,1.0,4.0,785.0,4.33,91.5,5.5,30916.0,3.0,2.0,2.0,3.0,4.0,2016.0,92.0,200.0,33.0,
30926,11,33556.0,161.0,5392973.0,9.0,4.56,739.0799999999999,1968.0,10.62,116901155.0,1.0,2.0,570.0,4.56,72.0,4.0,30926.0,3.0,1.5,3.0,3.0,3.0,2018.0,141.0,70.0,2359.5,
30938,8,43530.5,185.0,11788208.5,9.5,4.15,804.0,1995.0,11.77,105638359.5,1.0,5.0,742.5,4.11,77.5,5.5,30938.0,3.0,1.0,2.0,3.0,3.0,2017.5,86.0,73.0,,
30952,11,22287.0,140.0,1924949.0,7.0,4.32,759.0,1973.5,10.23,116423512.0,1.0,3.0,595.0,4.32,77.5,4.0,30952.0,3.0,2.0,2.0,3.0,3.0,2019.0,111.7,15.0,62000.0,
3096,3,35868.0,124.0,8183976.0,20.0,4.37,829.5,2020.0,2.13,116803685.0,2.0,9.0,659.0,4.37,74.0,5.0,3096.0,3.0,3.0,3.0,3.0,3.0,,65.95,,,
30966,13,15188.0,170.0,15727552.0,9.0,4.18,850.0,1993.0,10.53,117045461.0,1.0,5.0,650.0,4.18,80.0,5.0,30966.0,3.0,1.0,3.0,3.0,3.0,2018.0,152.3,65.0,4711.0,
30974,7,9419.0,150.0,12234375.0,4.0,3.57,534.86,1997.0,9.36,112221955.0,1.0,5.0,450.0,3.57,76.0,3.0,30974.0,2.0,0.5,2.0,2.0,3.0,2011.5,101.1,65.0,4711.0,
30982,6,55843.5,176.25,13135577.0,12.0,4.0,902.375,1965.0,9.87,115290385.5,1.0,2.0,731.125,4.0,85.0,5.0,30982.0,2.75,1.0,3.0,2.5,3.5,2019.0,,,,
30989,7,43425.0,180.0,12858576.0,10.0,3.77,745.0,1997.5,10.81,115117770.0,1.0,5.0,580.0,3.77,73.0,4.0,30989.0,3.0,1.0,2.0,3.0,3.0,2017.0,120.45,67.5,4.0,
3099,4,61974.0,145.0,8969074.0,7.0,2.17,412.0,1980.0,-0.15,115503136.5,,3.0,267.0,2.17,60.7,1.0,3099.0,3.0,3.5,5.0,3.0,2.5,2008.0,79.3,,47.0,
31008,3,47418.0,130.0,1162816.0,9.0,4.05,525.815,1958.5,10.28,115505081.0,2.0,2.0,380.0,4.05,80.0,2.0,31008.0,3.0,2.0,2.0,3.0,3.0,2019.0,79.25,,351.5,
31020,3,24215.0,65.0,17264678.0,8.0,2.46,465.0,1968.0,7.81,116889850.0,1.0,2.0,400.0,2.46,84.0,2.0,31020.0,2.5,1.0,2.0,2.0,4.0,2017.0,176.45,65.0,,
31028,1,39164.0,190.0,589746.0,2.0,1.89,519.0,1962.0,,90518627.0,,2.0,329.0,,56.47,2.0,31028.0,2.0,2.0,2.0,2.0,2.0,,160.0,,,
31061,35,32396.0,110.0,392525.0,7.0,3.62,550.0,1965.5,10.08,116554373.0,1.0,2.0,400.0,3.62,70.43,2.0,31061.0,3.0,1.0,2.0,3.0,3.0,2019.0,154.0,81.0,3.0,
31073,2,15146.5,107.5,15482457.0,7.5,3.42,503.0,1967.0,-0.32,117170837.0,,2.0,395.5,3.42,96.27,2.5,31073.0,3.0,1.0,2.0,3.0,4.0,,182.3,,,
31079,3,13237.0,174.0,100205.0,8.0,3.57,605.0,1993.0,6.85,117161596.0,1.0,5.0,383.0,3.57,76.5,2.0,31079.0,3.0,1.0,1.0,3.0,3.0,2015.0,82.0,,3.5,
31089,2,75246.5,74.5,246365.0,8.5,3.41,391.0,1961.5,,114438717.0,,2.0,269.5,3.41,52.135000000000005,1.0,31089.0,3.0,3.0,,3.0,2.0,,116.075,70.0,3.0,
31119,1,65974.0,125.0,16041700.0,4.0,4.59,970.0,2017.0,11.57,83115916.0,1.0,9.0,710.0,4.59,83.7,5.0,31119.0,2.0,2.0,2.0,2.0,4.0,2017.0,16.0,125.0,1.0,
31134,60,42476.5,145.5,16187172.0,8.0,4.62,705.5,1958.0,12.14,115874882.5,1.0,2.0,555.0,4.62,74.0,4.0,31134.0,2.25,2.0,4.0,2.0,3.0,2019.5,139.25,97.0,1.0,87174.0
31135,21,38427.0,97.5,5449524.0,10.0,4.62,520.0,1957.0,12.14,116474689.0,1.0,2.0,405.0,4.62,57.0,3.0,31135.0,2.0,1.0,3.0,2.0,2.0,2016.0,85.9,50.0,1.5,
31137,28,25866.0,92.5,3916734.0,7.5,4.62,660.0,1967.5,12.14,116476233.0,1.0,2.5,496.725,4.62,69.0,3.5,31137.0,2.0,2.0,3.0,2.0,3.0,2016.0,98.0,85.0,3.0,
31139,24,38461.0,130.0,1025251.0,10.5,4.62,750.0,1971.5,12.14,111553069.5,1.0,3.0,569.53,4.63,83.0,4.0,31139.0,3.0,2.0,3.0,3.0,4.0,2014.0,127.0,119.0,3.5,
31141,13,39411.0,80.0,16466329.0,8.0,4.62,550.0,1955.0,12.14,116516514.0,1.0,2.0,462.0,4.62,66.0,3.0,31141.0,2.0,2.0,3.0,2.0,3.0,2020.0,124.0,66.0,2405.5,
31157,7,20939.0,113.0,18589169.0,9.0,4.16,700.0,1965.0,11.62,117030698.0,1.0,2.0,680.0,4.16,74.9,5.0,31157.0,3.0,2.0,3.0,3.0,3.0,2020.0,86.0,88.0,3.0,
3116,2,62723.0,121.875,11694710.0,5.0,4.415,624.75,2007.0,-4.1,115469112.0,,7.0,328.0,4.415,49.95,2.0,3116.0,2.0,1.0,,2.0,1.5,,99.51,,,
31162,9,37630.0,196.5,100205.0,7.0,3.39,575.0,1968.0,10.55,116791043.0,1.0,2.0,370.0,3.39,75.0,2.0,31162.0,2.0,1.0,2.0,2.0,3.0,2020.0,107.7,60.0,2.0,
31167,3,33029.0,130.0,17599786.0,6.0,3.65,520.0,1959.0,7.84,116913052.0,1.0,2.0,390.0,3.65,65.0,2.0,31167.0,2.0,,1.0,2.0,3.0,,53.0,,5002.0,
31171,1,8407.0,40.0,15578882.0,0.0,4.21,320.0,1949.0,10.72,117285984.0,,1.0,280.0,4.21,53.95,1.0,31171.0,3.0,,,3.0,2.0,,54.8,,,
31175,1,62173.0,150.0,10620074.0,5.0,,840.0,2015.0,,86623023.0,1.0,8.0,690.0,,71.96,5.0,31175.0,2.0,2.0,3.0,2.0,3.0,,,,,
31180,1,7239.0,80.0,18628281.0,2.0,3.68,530.0,,10.72,117266586.0,,,450.0,3.68,69.45,3.0,31180.0,3.0,2.0,3.0,3.0,3.0,,,,,
31188,6,34899.0,102.5,4909239.0,9.0,3.78,530.0,1976.0,9.99,116643676.5,1.0,3.0,477.5,3.78,76.0,3.5,31188.0,3.0,1.0,2.5,3.0,3.0,2017.5,95.6,95.0,,
3119,13,78575.0,138.44,7299374.0,5.0,3.14,412.47,1986.0,,113965713.0,,4.0,273.24,3.14,60.89,1.0,3119.0,2.0,2.0,4.0,2.0,2.0,,88.0,60.0,2.0,
31191,3,10365.0,170.0,18627548.0,9.0,4.59,825.0,2018.0,11.57,117241495.0,1.0,9.0,655.0,4.59,69.0,5.0,31191.0,3.0,1.0,2.0,3.0,3.0,2010.0,,,,
31199,3,27973.0,153.0,8125075.0,9.0,4.16,650.0,1983.0,10.76,85121031.0,1.0,4.0,490.0,4.16,90.0,3.0,31199.0,3.0,1.0,2.0,3.0,4.0,,101.4,72.5,6.0,
31224,12,41256.5,150.0,5059681.0,13.0,2.9,970.0,1994.0,10.06,116480795.5,1.0,5.0,720.0,2.9,90.75,5.0,31224.0,3.0,1.5,3.0,3.0,4.0,2015.5,103.2,80.0,1.0,
31226,13,43610.0,150.0,5402596.0,13.0,2.9,967.39,1983.0,10.06,116472441.0,1.0,4.0,559.0,2.9,80.0,4.0,31226.0,3.0,1.0,3.0,3.0,3.0,2019.0,54.0,80.5,5.0,
31228,2,17903.5,175.0,11313379.0,9.0,3.0700000000000003,892.5,2007.0,10.06,81145064.5,1.0,7.0,692.5,2.75,88.5,4.5,31228.0,3.0,1.0,1.0,3.0,4.0,2019.0,88.0,35.0,,
31234,2,63759.5,230.0,18195034.0,11.5,3.05,1150.0,1985.5,10.91,115489219.0,1.0,4.0,640.0,3.05,102.0,4.5,31234.0,3.25,1.5,1.0,3.0,4.5,2000.0,88.8,,,
31241,4,61109.0,175.0,18296546.0,11.5,2.58,785.0,1946.0,9.15,115651133.0,1.0,2.0,584.0,2.58,104.995,4.0,31241.0,3.75,1.0,2.5,3.5,4.5,2016.0,168.6,72.0,,
31246,1,23545.0,240.0,5532544.0,26.0,3.39,1239.0,1960.0,8.41,117024315.0,1.0,2.0,999.0,3.39,120.0,6.0,31246.0,5.5,1.0,1.0,5.0,5.0,2020.0,,,,
31249,2,52068.0,189.0,9751987.5,14.5,2.84,1340.0,1973.0,7.5,116123710.5,,3.0,680.0,2.84,128.5,4.5,31249.0,3.5,1.0,2.0,3.5,5.0,2016.0,,135.0,49000.0,
31275,18,25942.0,145.0,17255738.0,9.0,4.47,810.0,1973.5,9.33,116974801.5,1.0,2.5,662.5,4.47,76.155,5.0,31275.0,3.0,1.5,3.0,3.0,3.0,2020.0,155.52,0.0,105.0,
3130,17,60211.0,144.25,748043.0,6.0,2.99,439.67,1961.0,-2.72,113789185.0,1.0,2.0,293.86,2.99,58.89,1.0,3130.0,3.0,2.0,3.0,3.0,2.0,2016.0,91.5,54.6,7.0,
31303,13,29761.0,160.0,16543177.0,11.0,4.72,899.0,1972.5,9.75,116749199.0,1.0,3.0,600.0,4.72,78.54,4.0,31303.0,3.0,1.0,2.0,3.0,3.0,2019.0,136.25,80.0,13.0,
31311,4,44522.0,103.5,16940863.0,10.0,3.97,850.0,1987.0,5.49,115470019.0,1.0,4.0,475.0,3.97,74.5,3.0,31311.0,2.0,1.0,1.5,2.0,3.0,2018.0,75.2,120.0,,
31319,11,36595.0,165.0,5557592.0,8.0,4.18,858.0,2001.0,9.03,116777349.0,1.0,6.0,660.0,4.18,71.0,5.0,31319.0,2.5,1.0,2.0,2.0,3.0,2018.0,102.3,120.0,12.0,
3149,19,61584.0,85.0,16814853.0,9.0,3.55,490.0,1910.0,-0.59,113242701.0,1.0,1.0,345.0,3.55,70.0,2.0,3149.0,3.0,2.0,3.0,3.0,3.0,2016.0,111.89,75.0,,
31515,19,40703.0,150.0,13105562.0,9.0,4.23,772.5,2015.0,8.82,116641106.0,1.0,8.0,644.0,4.23,80.0,5.0,31515.0,3.0,2.0,2.0,3.0,3.0,2018.0,45.0,72.5,4711.0,
31535,28,29212.5,188.0,16591410.0,11.5,3.58,785.0,1994.0,8.45,116942320.0,1.0,5.0,710.0,3.58,95.0,5.0,31535.0,3.0,1.0,2.0,3.0,4.0,2017.5,100.8,80.0,220.0,
31542,12,39355.0,152.5,17036726.0,12.0,5.26,745.0,1995.0,8.62,116423414.0,1.0,5.0,567.5,5.26,80.63499999999999,4.0,31542.0,2.0,1.0,2.0,2.0,3.5,2019.5,106.35,60.0,1.0,
31552,3,20595.0,160.0,18316761.0,4.0,4.71,585.0,1900.0,8.37,117061216.0,1.0,1.0,590.0,4.71,80.0,4.0,31552.0,4.0,1.0,2.0,4.0,3.0,2010.0,107.5,67.5,33.0,
31553,2,45058.5,107.5,9560005.5,7.5,6.550000000000001,550.0,1984.0,,115822441.5,1.0,3.5,407.5,6.550000000000001,59.5,2.5,31553.0,2.5,1.0,1.0,2.5,2.5,2017.0,95.55,,,
31556,1,45692.0,350.0,17428373.0,55.0,3.41,1200.0,1901.0,,92616236.0,2.0,1.0,850.0,3.41,230.0,6.0,31556.0,4.0,1.0,2.0,4.0,7.0,2017.0,32.4,,,
31558,2,21957.0,174.5,17519464.0,4.0,5.41,783.5,,9.88,117051289.0,1.0,,609.0,5.41,107.5,4.0,31558.0,4.0,2.0,2.0,4.0,4.5,2016.0,,,,
31559,2,18991.0,100.0,17870169.0,1.0,4.48,500.0,1954.0,8.98,117118798.0,0.0,2.0,382.0,4.48,72.0,2.0,31559.0,2.5,2.0,2.5,2.5,3.0,,,,,
31582,22,34870.0,127.5,15299064.0,7.0,4.71,650.0,1979.0,5.53,116516502.5,1.0,3.0,460.0,4.71,72.0,3.0,31582.0,3.0,1.0,2.0,3.0,3.0,2017.0,120.5,70.0,36619.0,
31592,2,46456.0,80.0,17029196.0,8.5,5.07,430.0,1980.0,7.83,116339635.5,1.0,3.5,325.0,5.07,57.595,1.5,31592.0,2.5,0.5,1.5,2.5,2.5,2018.0,96.7,50.0,3315.0,
31603,1,47185.0,225.0,382422.0,20.0,1.31,,,,109500402.0,,,620.0,1.31,110.0,5.0,31603.0,4.0,,,4.0,5.0,,,,,
31622,1,81112.0,100.0,801203.0,17.0,3.64,490.0,,,113361839.0,,,320.0,3.64,102.0,2.0,31622.0,3.0,,,3.0,5.0,,96.8,,,
31627,2,23674.0,250.0,15299064.0,7.0,,720.0,1904.0,,117024343.5,1.0,1.0,470.0,,95.5,3.0,31627.0,3.5,,,3.5,4.0,,,,,
31629,1,63050.0,100.0,15453272.0,12.0,3.37,890.0,,,115559116.0,2.0,,670.0,3.37,116.0,5.0,31629.0,5.0,2.0,3.0,5.0,5.0,2019.0,140.0,120.0,5587.0,
31632,1,57678.0,75.0,15453272.0,7.0,4.71,550.0,,,115810537.0,1.0,,370.0,4.71,85.0,2.0,31632.0,2.0,0.0,,2.0,4.0,,,75.0,887.0,
31637,1,53630.0,135.0,2261707.0,6.0,3.26,425.0,1985.0,,75353419.0,1.0,4.0,290.0,3.26,63.0,1.0,31637.0,2.0,1.0,1.0,2.0,3.0,2018.0,,65.0,,
31655,22,54393.5,170.0,2404139.0,3.5,4.85,629.0,1972.0,7.23,115793531.5,1.0,3.0,450.0,4.85,75.0,3.0,31655.0,3.0,2.0,3.0,3.0,3.0,2018.0,126.84,88.0,7.0,
31675,18,33720.0,130.0,15313318.5,6.0,4.73,697.0,1982.5,7.87,116501733.0,1.0,3.5,568.5,4.66,83.61,4.0,31675.0,2.5,2.0,2.5,2.5,3.5,2020.0,92.4,100.0,10.0,
31683,6,64432.0,100.0,8093241.5,10.5,4.37,560.875,1970.0,5.97,114426228.0,1.0,2.0,377.0,4.37,63.985,2.0,31683.0,2.5,1.0,3.5,2.5,2.5,2018.0,158.64,105.4,,
31691,3,52675.0,240.0,14559591.0,2.0,3.88,450.0,2020.0,10.26,116146845.0,1.0,9.0,865.0,3.88,101.4,6.0,31691.0,3.0,1.0,3.0,3.0,5.0,,16.0,,10.0,
31698,1,81869.0,80.0,13183231.0,4.0,4.57,510.0,1960.0,7.65,113160572.0,,2.0,370.0,4.57,54.0,2.0,31698.0,3.0,2.0,3.0,3.0,2.0,,,60.0,,
31702,1,30889.0,160.0,16991715.0,8.0,4.15,640.0,,3.24,116945163.0,2.0,,480.0,4.15,80.0,3.0,31702.0,2.0,,,2.0,3.0,,,,,
31707,4,7024.0,90.0,9246904.5,8.0,4.63,575.0,1968.0,7.39,103153981.0,1.0,2.0,425.0,4.63,76.5,3.0,31707.0,2.5,1.0,2.0,2.5,3.0,2016.0,132.0,105.0,,
31708,2,25898.5,60.0,5797970.0,7.0,3.92,,1926.0,9.88,116998621.0,1.0,1.0,500.0,3.92,113.0,3.0,31708.0,4.0,1.0,,4.0,5.0,,145.3,,,
31710,1,55626.0,121.3,17300424.0,1.0,4.14,694.46,2019.0,,115966082.0,1.0,9.0,476.52,4.14,86.64,3.0,31710.0,3.0,2.0,2.0,3.0,4.0,2020.0,,86.64,,
31711,3,28591.0,150.0,18360691.0,8.0,4.36,850.0,2020.0,6.95,116974108.0,1.0,9.0,650.0,4.36,110.0,5.0,31711.0,3.5,0.0,1.0,3.0,5.0,,,50.0,,
3172,6,58323.5,175.0,16839078.0,10.0,2.55,681.0,1929.0,0.09,115802760.0,1.0,1.0,472.5,2.55,84.825,3.0,3172.0,3.0,1.0,2.5,3.0,4.0,2011.0,124.0,90.0,,
31737,21,24994.0,80.4,15880893.0,6.0,4.25,602.5,1978.0,8.7,116791345.0,1.0,3.0,460.0,4.25,82.0,3.0,31737.0,3.0,1.0,2.0,3.0,4.0,2018.0,137.8,80.0,,
31754,1,81217.0,140.0,17573516.0,35.0,2.19,439.0,,8.77,103786914.0,,,439.0,2.19,35.72,3.0,31754.0,1.5,3.0,3.0,1.0,1.0,2018.0,,,,
31785,19,33095.0,160.0,4124148.0,5.0,2.81,641.75,1956.0,6.68,116912057.0,1.0,2.0,440.0,2.81,64.0,3.0,31785.0,2.0,2.0,2.0,2.0,3.0,2019.0,105.5,155.0,,
31787,10,53972.5,192.5,4759364.0,6.0,2.81,661.5,1969.5,6.68,115442519.5,1.0,2.0,472.5,2.81,72.0,3.0,31787.0,2.5,1.5,3.0,2.5,3.0,2014.0,95.0,62.0,,
31789,16,40112.0,130.0,4124148.0,7.0,2.81,520.0,1968.0,6.68,116741146.5,1.0,2.0,372.5,2.81,65.5,2.0,31789.0,3.0,1.0,2.5,3.0,3.0,2019.0,127.65,74.5,317.0,
31812,22,37665.0,102.0,14936931.5,9.0,2.74,491.0,1964.0,5.44,114864354.5,1.0,2.0,335.5,2.74,64.575,2.0,31812.0,2.5,1.0,2.0,2.0,3.0,2019.0,169.67000000000002,70.0,10001.0,
31823,1,33171.0,125.0,5580779.0,13.0,,375.0,1957.0,,93826212.0,,2.0,250.0,,33.0,1.0,31823.0,1.0,4.0,4.0,1.0,1.0,2017.0,167.5,,,
31832,9,32875.0,150.0,2383944.0,13.0,3.8,677.5,2017.0,8.59,116364659.0,1.0,9.0,500.0,3.825,67.0,3.0,31832.0,3.0,1.5,2.5,3.0,3.0,2019.0,110.01,85.0,,
31840,6,50310.0,175.0,814613.0,8.0,2.42,537.0,1957.5,3.75,116158039.0,1.0,2.0,440.0,2.42,100.0,2.5,31840.0,4.0,1.0,2.0,4.0,4.5,2017.0,142.5,,,
31848,7,11896.0,110.0,16135225.0,7.0,2.47,410.0,1953.0,5.26,117029250.0,1.0,2.0,292.0,2.47,55.0,1.0,31848.0,2.0,1.0,1.0,2.0,2.0,2013.5,124.0,45.0,4711.0,
3185,2,52488.5,177.5,2951201.0,6.5,4.0,,1996.0,3.14,116110253.5,1.0,5.0,457.5,4.0,92.5,3.0,3185.0,2.5,1.0,,2.5,4.0,,,,3.0,
31855,5,46197.0,120.0,4036492.0,7.0,2.12,545.0,1970.0,5.58,103309456.0,1.0,2.0,380.0,2.12,65.0,2.0,31855.0,3.0,1.5,2.0,3.0,3.0,2013.0,159.25,70.0,111.0,
31860,5,14914.0,160.0,17383837.0,8.0,2.3,510.0,1972.0,5.68,117017758.0,1.0,3.0,380.0,2.3,75.0,2.0,31860.0,3.0,2.0,2.0,3.0,3.0,2018.0,,60.0,,
31867,2,30770.0,57.5,6460722.0,15.0,5.095,495.0,1992.0,10.47,82106758.5,1.0,4.5,397.5,4.42,53.0,3.0,31867.0,1.5,1.0,1.5,1.5,2.5,2017.0,,80.0,,
31924,3,32536.0,55.0,17616498.0,3.0,1.29,444.0,1920.0,9.46,116919386.0,,1.0,334.0,1.29,55.0,2.0,31924.0,2.0,2.5,3.0,2.0,2.0,,,55.0,,
3197,5,54892.0,194.0,8969074.0,9.0,3.13,534.0,1955.0,,116015074.0,,2.0,340.0,3.13,86.9,2.0,3197.0,3.0,2.0,2.0,3.0,4.0,1999.0,130.8,,47.0,
32049,19,55500.0,140.0,12647775.0,10.0,3.22,570.0,1963.0,7.6,115546567.0,1.0,2.0,460.0,3.22,78.0,3.0,32049.0,3.0,1.0,3.0,3.0,3.0,2018.0,120.9,55.0,10000.0,
3205,19,63097.0,80.0,5346284.0,12.0,0.2,378.43,1970.0,-13.64,115561694.0,0.0,2.0,248.43,0.2,58.05,1.0,3205.0,2.0,2.0,4.0,2.0,2.0,,79.0,50.0,,
32051,4,16826.0,110.0,9382404.5,8.5,3.22,660.0,1965.0,7.6,115326017.5,1.0,2.5,432.0,3.22,65.89500000000001,3.0,32051.0,3.0,1.5,2.5,3.0,2.5,2014.0,112.6,56.0,,
32052,16,28092.0,120.0,16615267.0,9.5,3.22,720.0,1998.0,7.6,116746372.5,1.0,5.0,597.5,3.22,93.5,4.0,32052.0,3.0,2.0,3.0,3.0,4.0,2020.0,113.95,,,
32105,27,44741.0,160.0,13140376.0,10.0,3.49,772.5,1972.5,7.72,115392562.0,1.0,3.0,620.0,3.49,77.0,5.0,32105.0,3.0,1.0,2.0,3.0,3.0,2017.0,136.8,90.0,5.5,71535.0
32106,1,6659.0,350.0,4302478.0,12.0,3.49,1200.0,2001.0,7.72,84054300.0,1.0,6.0,850.0,3.49,75.0,6.0,32106.0,3.0,2.0,2.0,3.0,3.0,,85.0,,,
32107,8,66684.0,91.5,11124092.0,9.0,3.49,491.33,1969.0,7.72,115001548.5,1.0,2.0,392.0,3.49,65.69,2.0,32107.0,3.0,1.0,2.0,3.0,3.0,2019.0,155.94,83.58,,
32108,10,47353.5,150.0,2609356.0,8.0,3.49,530.0,1994.0,7.72,116344258.0,1.0,5.0,437.0,3.49,70.0,3.0,32108.0,2.75,2.0,2.0,2.5,3.0,2015.0,106.0,,20000.0,
32120,8,24704.0,155.0,6925247.5,8.5,3.3,865.0,2014.0,6.25,116853113.5,1.0,8.0,555.0,3.3,86.5,4.0,32120.0,3.0,1.0,2.5,3.0,4.0,2019.0,147.0,,3.0,
32130,7,28568.0,150.0,1234443.0,9.0,3.12,620.0,1962.5,5.54,116389442.0,1.0,2.0,470.0,3.12,78.93,3.0,32130.0,3.0,1.0,2.0,3.0,3.0,2017.0,73.1,62.01,2.0,
32139,3,25467.0,175.0,15936845.0,10.0,3.02,550.0,1991.5,6.37,117005760.0,1.0,4.5,400.0,3.02,35.0,2.0,32139.0,1.5,1.0,2.5,1.0,1.0,2020.0,,,4.0,
32206,1,3633.0,180.0,15617665.0,0.0,3.16,800.0,1984.0,7.6,117343220.0,2.0,4.0,620.0,3.16,98.0,5.0,32206.0,3.5,,,3.0,4.0,,,,,
3222,15,23722.0,73.43,5194277.0,2.0,1.38,461.44,1968.0,-11.66,116990677.0,0.0,2.0,322.8,1.38,58.0,2.0,3222.0,3.0,2.0,4.5,3.0,2.0,2020.0,79.0,65.0,,
32257,21,44516.0,120.0,9484774.0,9.0,3.65,675.0,1992.0,6.57,116234690.0,1.0,5.0,570.0,3.65,91.04,4.0,32257.0,3.0,1.0,2.0,3.0,4.0,2018.5,140.5,90.0,1.0,
3226,2,56555.0,165.0,6813951.0,15.5,1.425,496.5,1890.0,-12.455,112152010.0,1.0,1.0,331.5,1.425,63.25,1.5,3226.0,2.0,1.0,3.0,2.0,3.0,2019.0,147.855,0.0,1.0,
32278,2,76020.5,187.5,2589266.0,14.0,3.505,,1989.5,5.7,103938044.0,0.5,5.5,770.0,3.16,98.185,5.0,32278.0,2.0,3.0,3.5,2.0,4.0,2017.0,91.9,,1.0,
32289,6,17327.5,150.0,4071492.5,15.0,3.695,607.5,1982.0,6.265000000000001,111717708.5,1.0,3.5,431.16999999999996,3.695,80.0,2.5,32289.0,3.0,1.0,1.0,3.0,3.0,2014.0,126.25,63.0,3017.5,
3229,6,60548.5,65.0,558743.0,3.0,0.0,350.0,1963.5,,115669462.0,,2.0,246.6,0.0,59.25,1.0,3229.0,3.0,3.0,1.0,3.0,2.0,2019.0,101.0,62.9,,
32312,22,51262.5,155.5,3520254.0,11.0,3.98,833.0,1980.0,7.24,115400923.0,1.0,3.0,556.0,3.98,85.0,4.0,32312.0,3.0,1.0,3.0,3.0,4.0,2018.0,114.0,125.85,,
32339,8,46230.0,122.5,244575.0,8.0,3.33,639.35,1982.5,6.81,115522346.0,1.0,3.5,416.025,3.33,77.19,3.0,32339.0,3.0,1.5,2.5,3.0,3.0,2017.0,109.0,85.0,,
32351,2,28200.0,123.0,10138563.5,7.0,4.59,672.0,1995.0,6.53,97796416.0,2.0,5.0,639.5,4.59,110.58,4.0,32351.0,4.0,0.0,2.0,4.0,4.5,,120.0,77.0,,
32361,3,30349.0,160.0,985609.0,1.0,3.17,697.5,2000.0,8.02,116955045.0,2.0,5.0,460.0,3.17,90.0,3.0,32361.0,3.0,1.0,0.5,3.0,4.0,2019.0,109.0,87.0,,
32369,3,16967.0,200.0,16102500.0,11.0,3.55,675.0,1960.0,8.83,116553093.0,1.0,2.0,500.0,3.55,115.0,3.0,32369.0,4.0,1.0,2.0,4.0,5.0,2013.0,100.0,,,
3238,27,56163.0,91.17,368525.0,3.0,2.16,461.475,1964.0,16.88,115654325.0,1.0,2.0,300.78,2.16,57.79,1.0,3238.0,2.5,3.0,3.0,2.0,2.0,2016.0,77.0,69.705,1.0,
32423,26,44498.5,157.5,1826513.5,9.0,4.8,765.0,1960.0,7.34,116405056.0,1.0,2.0,579.5,4.8,82.0,4.0,32423.0,3.0,2.0,3.0,3.0,4.0,2017.0,156.3,56.5,181.0,
32425,28,54200.5,105.0,497218.0,10.0,4.8,590.0,1963.0,7.34,111130611.5,1.0,2.0,450.0,4.8,66.44,3.0,32425.0,3.0,1.0,4.0,3.0,3.0,2016.0,80.5,50.0,181.0,
32427,49,32925.0,120.0,497218.0,8.0,4.8,552.5,1954.0,7.34,101160985.0,1.0,2.0,450.0,4.8,60.32,3.0,32427.0,2.0,1.0,3.0,2.0,2.0,2015.0,263.4,45.0,181.0,
32429,4,21896.5,150.0,10332674.5,8.5,4.8,732.0,2005.5,7.34,117042668.0,1.5,7.0,567.0,4.8,66.225,4.0,32429.0,2.5,1.0,3.0,2.5,3.0,2019.0,123.5,75.0,50347.0,
32457,14,33270.0,135.0,16704924.0,7.0,3.81,630.0,1984.0,5.97,116869919.5,1.0,4.0,535.0,3.81,75.5,3.5,32457.0,3.0,2.0,3.0,3.0,3.0,2012.5,44.0,82.5,650.0,
3246,4,75187.0,46.68,368525.0,3.5,2.16,343.13,1967.5,,114445242.5,,2.0,241.58499999999998,2.16,46.68,1.0,3246.0,2.0,2.0,,2.0,2.0,,80.5,56.019999999999996,1.0,
32469,4,29491.5,150.0,11622961.5,4.0,3.11,667.5,1963.5,5.13,116605864.5,1.5,2.0,512.5,3.11,101.5,3.5,32469.0,3.0,2.0,2.0,3.0,4.5,,56.6,,1.0,
3249,3,79615.0,80.0,18456293.0,8.0,2.08,479.0,1996.0,,113619354.0,1.0,5.0,319.61,2.08,58.11,2.0,3249.0,2.0,2.0,2.0,2.0,2.0,2013.0,78.0,80.0,5881.0,
3253,17,60925.0,59.87,368525.0,3.0,2.61,415.33,1964.0,,114683091.0,1.0,2.0,273.0,2.61,58.5,1.0,3253.0,2.0,2.0,3.0,2.0,2.0,,82.3,65.0,1.0,
32545,28,32647.0,150.0,5705196.5,11.5,4.6,925.0,1978.0,7.63,116408448.0,1.0,3.0,617.5,4.6,85.5,4.5,32545.0,2.25,1.5,2.0,2.0,4.0,2016.0,122.85,65.0,2.5,
32547,13,45637.0,190.0,14220390.0,15.0,4.6,895.0,1980.5,7.63,114936763.0,1.0,3.5,650.0,4.6,110.0,5.0,32547.0,3.5,1.0,2.0,3.0,5.0,2017.5,80.3,200.0,4.0,
32549,12,36484.5,133.0,11832382.0,8.0,4.6,1130.0,2005.0,7.63,115845640.5,1.0,6.0,650.0,4.6,106.15,4.5,32549.0,3.0,2.0,2.0,3.0,5.0,2019.0,74.6,104.0,,
32584,15,31334.0,145.0,17247809.0,7.0,3.4,610.0,1991.0,6.82,116425998.0,1.0,5.0,495.0,3.4,77.27,3.0,32584.0,3.0,2.0,2.0,3.0,3.0,2020.0,135.45,82.5,1862381342.0,
32602,6,56679.5,80.0,18047361.0,11.5,3.16,569.0,1990.0,7.6,115917953.0,1.0,4.0,399.0,3.16,74.96,2.0,32602.0,3.0,2.5,3.0,3.0,3.0,2019.0,,90.0,,
32609,1,11476.0,200.0,18626815.0,5.0,3.26,650.0,1990.0,8.31,117202868.0,1.0,4.0,450.0,3.26,80.0,3.0,32609.0,3.0,1.0,1.0,3.0,3.0,,,,,
32657,35,21895.0,125.0,5394580.0,6.0,3.88,760.74,1981.0,8.67,116969978.0,1.0,4.0,590.0,3.88,79.35,4.0,32657.0,3.0,1.0,2.5,3.0,3.0,2019.5,130.3,55.334999999999994,2.0,
32676,3,14539.0,125.99,17094509.0,7.0,3.37,,1972.0,,117145913.0,1.0,3.0,335.59,3.37,79.0,2.0,32676.0,3.5,2.0,4.0,3.0,3.0,,266.6,74.0,,
32683,6,28494.5,150.0,16634798.0,8.0,3.07,557.5,1970.0,6.19,116966636.5,1.0,2.0,419.0,3.07,84.5,2.5,32683.0,3.0,2.0,3.0,3.0,3.5,2018.0,136.6,98.0,2.0,
32689,4,52660.0,160.0,8113554.0,9.5,2.29,530.0,,6.99,114182840.5,1.0,,375.0,2.29,72.5,2.0,32689.0,3.0,1.0,2.0,3.0,3.0,2019.0,,,,
32694,1,19808.0,100.0,18623444.0,0.0,2.91,350.0,,8.42,117066371.0,,,250.0,2.91,50.0,1.0,32694.0,3.0,2.0,2.0,3.0,2.0,,,,,
32756,51,34606.0,122.5,11243175.0,7.0,3.83,650.7950000000001,1963.0,7.87,116359877.0,1.0,2.0,480.0,3.83,68.3,3.0,32756.0,3.0,2.0,3.0,3.0,3.0,2020.0,154.85000000000002,72.0,1000.0,
32758,7,21762.0,165.0,17377030.0,10.0,3.83,753.0,1961.5,7.87,117007575.0,1.0,2.5,520.0,3.83,80.0,4.0,32758.0,3.0,1.5,1.5,3.0,3.0,2020.0,127.65,56.0,,
32760,22,23186.0,135.0,11243175.0,10.0,3.83,539.0,1974.0,7.87,116773843.5,1.0,3.0,442.5,3.83,74.95,2.5,32760.0,3.0,1.0,2.0,3.0,3.0,2017.0,109.9,73.5,,
32791,17,47822.0,100.0,785429.0,6.0,3.69,536.14,1974.0,7.71,116410325.0,1.0,3.0,395.0,3.69,62.0,2.0,32791.0,2.0,1.0,2.0,2.0,3.0,2018.0,157.2,92.5,2.0,
32805,12,46880.5,145.0,13295402.0,10.5,3.76,645.0,1965.0,8.51,115425359.5,1.0,2.0,432.0,3.76,68.0,3.0,32805.0,2.5,2.0,3.0,2.5,3.0,2019.0,206.0,100.0,,
32816,4,16820.0,100.0,17856662.0,6.0,2.8,380.0,1959.0,6.39,117108602.0,1.0,2.0,264.5,2.8,41.790000000000006,1.0,32816.0,2.25,1.5,3.0,2.0,1.5,,112.7,60.0,,
32825,2,19236.5,170.0,11516303.0,9.5,2.575,530.0,,8.28,87855211.5,,,360.0,3.15,100.0,2.0,32825.0,2.5,3.0,3.0,2.5,4.5,2010.0,,,,
32832,2,28189.0,87.5,17267255.5,4.5,3.31,477.5,1966.0,8.43,116977713.5,,2.0,390.0,3.31,63.4,2.5,32832.0,2.5,3.0,3.0,2.5,2.5,,150.5,,,
32839,3,46492.0,150.0,18321159.0,11.0,3.7,725.0,1984.0,9.1,116453955.0,,4.0,450.34,3.7,82.18,3.0,32839.0,3.0,0.0,0.0,3.0,4.0,2018.0,90.0,60.0,153.0,
32854,1,68564.0,110.0,2697540.0,4.0,3.4,410.0,1997.0,6.82,115220493.0,1.0,5.0,300.0,3.4,42.4,1.0,32854.0,1.0,2.0,3.0,1.0,2.0,2010.0,,60.0,2303.0,
33014,11,35863.0,100.0,15937642.0,6.0,3.95,470.0,1972.0,9.71,116389672.0,1.0,3.0,309.0,3.95,64.0,2.0,33014.0,3.0,1.0,2.5,3.0,3.0,2016.5,115.0,80.0,,
33034,1,13144.0,80.0,15464927.0,0.0,4.0,380.0,,8.47,117162500.0,1.0,,300.0,4.0,60.0,1.0,33034.0,2.0,1.0,2.0,2.0,2.0,2012.0,,,,
33039,1,15996.0,,17798842.0,10.0,3.71,650.0,,3.57,117120104.0,,,450.0,3.71,90.0,3.0,33039.0,3.0,,,3.0,4.0,,,,,
33098,42,27097.0,120.0,16776754.5,8.5,3.5,700.0,1976.0,7.33,116776682.0,1.0,3.0,640.0,3.5,67.0,5.0,33098.0,2.0,2.0,3.0,2.0,3.0,2016.0,101.6,50.0,2.0,
33100,33,43929.0,129.0,5394580.0,10.0,3.5,590.0,1991.0,7.33,116330373.0,1.0,5.0,530.0,3.5,74.0,4.0,33100.0,2.0,1.0,2.0,2.0,3.0,2019.0,85.25,75.0,19500.5,
33102,37,31428.0,122.5,15770270.0,8.0,3.5,750.0,1995.0,7.33,116714360.0,1.0,5.0,590.0,3.5,70.0,4.0,33102.0,2.5,2.0,3.0,2.0,3.0,2019.5,77.3,70.0,1.0,
33104,16,11461.5,113.5,17154217.0,11.5,3.5,605.0,1992.0,7.33,117208918.5,1.0,5.0,504.5,3.5,70.5,3.5,33104.0,3.0,2.0,2.0,3.0,3.0,2019.5,81.41,50.0,39000.0,
33106,18,32362.0,116.25,4138100.0,9.5,3.5,772.5,1992.0,7.33,115595689.5,1.0,5.0,615.0,3.5,78.27000000000001,4.5,33106.0,2.5,2.0,3.0,2.0,3.0,2019.0,68.45,72.5,1.0,
33129,13,41562.0,130.0,619165.0,6.0,3.1,631.0,1994.0,5.75,116670379.0,1.0,5.0,540.0,3.1,80.6,4.0,33129.0,3.0,1.0,1.0,3.0,3.0,2018.5,79.9,,,
33142,6,30231.5,185.0,2024048.0,23.5,2.4,610.0,1950.5,3.63,116956235.5,1.0,1.5,485.0,2.4,97.0,3.0,33142.0,4.5,2.0,3.0,4.5,4.0,2020.0,154.6,90.0,1.5,
33154,3,58201.0,160.0,512213.0,4.0,3.19,520.0,2019.0,6.49,114400947.0,,9.0,570.0,3.19,70.92,4.0,33154.0,2.0,3.0,3.0,2.0,3.0,,,50.0,,
33161,4,12215.5,75.0,17742728.5,4.0,2.83,620.0,1990.0,7.01,117187236.5,1.0,4.0,500.0,2.83,67.5,3.5,33161.0,2.5,1.0,2.0,2.5,2.5,2019.0,,,,
33165,2,34413.5,157.5,18129062.5,3.5,3.3049999999999997,845.0,2020.0,4.63,116862647.5,1.5,9.0,687.5,3.3049999999999997,117.5,5.0,33165.0,3.5,1.0,2.5,3.5,5.0,,,,,
33175,31,37891.0,110.0,13180587.0,9.0,3.2,692.5,1996.0,6.0,116458337.0,1.0,5.0,550.0,3.2,74.0,4.0,33175.0,3.0,1.0,2.5,3.0,3.0,2019.0,106.8,50.0,1.0,
33178,3,41272.0,300.0,18562146.0,5.0,3.05,890.0,2019.0,6.47,116675305.0,1.0,9.0,830.0,3.05,130.0,6.0,33178.0,4.0,1.5,2.0,4.0,6.0,,,0.0,,
33181,2,42414.0,172.5,9166500.0,5.0,3.46,569.8299999999999,1996.0,3.25,116444419.0,1.0,5.0,397.33000000000004,3.46,90.455,2.5,33181.0,3.5,0.5,2.0,3.5,4.0,2016.0,102.0,,,
33189,1,10063.0,145.0,18367172.0,6.0,3.44,495.0,1995.0,8.79,112055968.0,1.0,5.0,350.0,3.44,60.0,2.0,33189.0,2.0,2.0,2.0,2.0,2.0,2020.0,,,,
33330,22,57014.0,162.5,5197673.0,10.5,2.93,900.0,2006.5,8.99,115770869.5,1.0,7.0,737.5,2.93,87.5,5.0,33330.0,3.0,1.0,3.0,3.0,4.0,2020.0,66.5,80.0,,
33332,13,48028.0,200.0,15914398.0,8.0,2.93,865.0,2004.0,8.99,116013980.0,1.0,6.0,710.0,2.93,84.0,5.0,33332.0,3.0,1.0,3.0,3.0,4.0,,68.45,100.0,1.0,
33334,3,49116.0,180.0,450426.0,6.0,2.93,870.0,1970.0,8.99,116362941.0,1.0,2.0,600.0,2.93,85.0,4.0,33334.0,3.0,1.0,,3.0,4.0,,129.5,,,
33335,4,28070.5,172.5,16515213.0,12.0,2.93,755.25,1983.5,8.99,116391791.5,1.0,3.5,592.75,2.93,81.925,4.5,33335.0,3.25,1.0,1.0,3.0,3.5,2013.0,107.0,,,
33378,37,32973.0,150.0,17609831.0,7.0,3.01,950.0,2015.0,9.35,115829029.0,1.0,8.5,750.0,3.01,85.0,5.0,33378.0,3.0,1.0,2.0,3.0,4.0,2019.5,106.0,77.5,33378.0,
33397,8,29695.5,200.0,17313495.0,15.0,2.34,908.39,2013.0,8.51,116921449.5,1.0,8.0,741.6949999999999,2.33,83.705,5.0,33397.0,3.0,1.0,3.0,3.0,4.0,2013.0,87.0,,,
33415,8,27547.5,162.5,15606191.5,9.0,2.59,930.0,2017.0,8.77,116766735.0,1.0,9.0,835.0,2.59,95.5,5.5,33415.0,3.25,1.0,2.0,3.0,4.0,2019.0,28.4,,33415.0,
33428,14,47173.5,127.0,5365281.0,11.0,2.52,805.0,1997.5,8.76,115752479.5,1.0,5.0,612.5,2.52,87.5,4.5,33428.0,3.0,1.0,2.0,3.0,4.0,2006.0,91.0,60.0,20000.0,
33442,7,47266.0,160.0,17001436.0,7.0,2.33,950.0,2008.0,8.32,116391430.0,1.0,7.0,770.0,2.33,91.4,5.0,33442.0,3.0,1.0,2.0,3.0,4.0,2016.5,128.1,,20.0,
33449,3,28724.0,160.0,17982381.0,1.0,2.62,655.4,1971.5,10.42,116972792.0,1.0,5.0,495.4,2.62,64.72,3.0,33449.0,2.0,1.0,2.0,2.0,3.0,2012.0,123.0,,,
33602,57,41549.0,190.0,5296772.0,12.0,3.63,887.0,1967.0,9.27,115619685.0,1.0,2.0,736.0,3.63,72.0,5.0,33602.0,2.0,2.0,3.5,2.0,3.0,2017.0,98.25,60.0,5.0,
33604,24,34398.0,150.0,11243175.0,10.5,3.63,910.0,1981.5,9.27,116870064.5,1.0,3.5,690.0,3.63,76.975,5.0,33604.0,3.0,1.0,3.0,3.0,3.0,2016.0,76.6,47.5,4.0,
33605,22,39442.0,145.0,5296772.0,10.5,3.31,695.0,1975.0,8.42,115804747.5,1.0,3.0,545.0,3.31,63.0,4.0,33605.0,2.5,2.0,2.0,2.0,3.0,2018.0,103.0,53.0,4711.0,
33607,13,33160.0,120.0,15391141.0,12.0,3.63,586.5,1957.0,9.27,116739822.0,1.0,2.0,480.0,3.63,58.0,3.0,33607.0,2.0,2.0,2.0,2.0,2.0,2016.5,115.5,50.0,4711.0,
33609,16,41729.5,121.0,5296772.0,5.0,5.03,830.5,1969.0,6.25,116487580.5,1.0,2.0,610.25,5.03,74.5,4.5,33609.0,3.0,2.0,2.5,3.0,3.0,2012.5,137.05,52.0,,
33611,26,24713.0,100.0,13965997.0,8.0,3.36,640.0,1972.0,7.97,116954893.5,1.0,3.0,537.0,3.36,64.5,4.0,33611.0,3.0,1.0,3.0,3.0,2.5,2017.5,128.0,60.0,5.0,
33613,35,29158.0,120.0,5296772.0,7.0,3.63,600.0,1973.5,9.27,116844690.0,1.0,3.0,480.0,3.63,48.2,3.0,33613.0,2.0,2.0,2.0,2.0,2.0,2016.0,113.1,60.0,3.0,
33615,17,38504.0,165.0,16895203.0,10.0,3.63,828.5,1972.0,9.27,115986334.0,1.0,3.0,720.0,3.63,80.0,5.0,33615.0,3.0,2.0,3.0,3.0,3.0,2019.0,135.0,70.0,4711.0,
33617,8,29246.0,243.185,7600297.5,13.0,3.63,1298.815,2002.0,9.27,116114814.0,1.0,6.0,1025.0,3.63,101.09,6.5,33617.0,3.0,0.5,2.5,3.0,4.5,2017.0,119.3,152.9,,
33619,30,28752.5,180.0,6181670.0,10.0,2.92,905.0,1995.5,9.594999999999999,116531238.0,1.0,5.0,702.5,2.92,80.0,5.0,33619.0,3.0,1.0,2.0,3.0,3.0,2019.0,94.8,57.5,1.0,
33641,1,7047.0,100.0,6505072.0,1.0,5.74,235.9,,7.1,72368468.0,1.0,,279.0,5.74,63.03,1.0,33641.0,3.0,1.0,2.0,3.0,3.0,2013.0,,,,
33647,12,34611.5,103.16,3279919.5,11.0,2.67,600.0,1968.0,7.84,116244080.5,1.0,2.0,574.0,2.67,76.46000000000001,4.5,33647.0,3.0,1.5,2.5,3.0,3.0,2020.0,147.95,60.0,2.5,
33649,8,64285.0,132.0,10588995.0,10.5,2.93,701.4549999999999,2001.0,8.17,115427921.5,1.0,6.0,401.765,2.93,67.82,2.5,33649.0,3.0,2.0,2.0,3.0,3.0,2019.0,84.0,50.0,,
33659,11,21215.0,200.0,17115250.0,15.0,2.86,871.5,2004.0,7.09,116974636.0,1.0,6.5,685.0,2.86,80.0,5.0,33659.0,3.0,1.0,2.0,3.0,3.0,2018.0,92.05,69.5,2356.5,
33689,28,51451.0,130.0,146060.0,6.5,3.82,755.23,1970.0,8.39,115874489.0,1.5,2.0,579.0,3.82,71.0,4.0,33689.0,3.0,2.0,3.0,3.0,3.0,2017.0,96.0,64.0,,
33699,3,24450.0,157.0,493437.0,10.0,2.76,509.0,1990.0,9.64,117013827.0,1.0,4.5,440.0,2.76,68.0,3.0,33699.0,2.5,1.0,2.0,2.0,3.0,,114.35000000000001,,3.0,
33719,16,28926.5,180.0,10607129.0,4.0,2.99,930.0,1984.0,8.6,116566872.5,1.0,4.0,660.0,2.99,84.0,5.0,33719.0,3.0,1.0,3.0,3.0,4.0,2015.0,94.14,60.5,4711.0,
33729,10,12782.0,210.0,15789513.0,7.5,2.81,734.5,1985.0,8.38,117177320.0,1.0,4.0,492.5,2.81,69.5,3.0,33729.0,2.5,1.0,2.0,2.5,3.0,2017.5,118.0,67.0,2356.5,
33739,18,42206.5,152.5,11264508.0,11.5,2.98,800.0,1997.0,7.04,115835382.0,1.0,5.0,595.0,2.98,74.485,4.0,33739.0,2.0,2.0,2.0,2.0,3.0,2014.0,39.0,54.0,501.5,
33758,7,36846.0,140.0,16566820.0,9.0,2.27,905.0,1995.0,8.06,116824001.0,1.0,5.0,600.0,2.27,80.09,4.0,33758.0,3.0,1.5,3.0,3.0,3.0,2020.0,101.1,96.5,16894.0,
33775,5,48834.0,150.0,12531175.0,9.0,1.94,862.5,2008.0,7.57,116330290.0,1.0,7.0,700.0,1.94,100.0,5.0,33775.0,3.0,2.0,2.0,3.0,4.0,,,70.0,,
33790,7,21279.0,120.0,16088664.0,7.0,2.06,710.0,1982.5,8.37,116933901.0,1.0,3.5,600.0,2.06,80.0,4.0,33790.0,2.0,1.0,2.0,2.0,3.0,2016.5,117.4,67.5,,
33796,1,72872.0,130.0,14279386.0,6.0,4.84,,,7.96,63520363.0,,,350.0,4.84,55.0,2.0,33796.0,1.5,2.0,,1.0,2.0,,,,400126.0,
33803,7,23687.0,130.0,17763448.0,9.0,2.17,755.0,1993.0,8.57,114358122.0,1.0,5.0,570.0,2.17,71.25,4.0,33803.0,3.0,0.0,2.0,3.0,3.0,2018.0,100.7,85.0,,
33813,7,22828.0,114.0,17094509.0,7.0,4.02,1075.0,1966.0,7.99,117030721.0,1.0,2.0,419.0,4.02,72.0,3.0,33813.0,3.0,1.0,3.5,3.0,3.0,,121.25,110.0,1.0,
33818,6,30877.0,120.0,10374186.5,7.5,3.38,865.0,2017.0,9.45,116593039.5,1.0,9.0,715.0,3.38,75.0,5.0,33818.0,1.75,1.0,3.0,1.5,3.5,2019.0,66.0,75.0,,
33824,5,21310.0,160.0,668282.0,11.0,1.61,545.0,1994.0,9.18,116889770.0,1.0,5.0,570.0,1.61,86.0,4.0,33824.0,2.0,0.0,2.0,2.0,4.0,2020.0,157.6,,3.0,
33829,1,18306.0,212.68,744662.0,2.0,1.49,780.17,2020.0,9.42,117086504.0,1.0,9.0,567.49,1.49,81.07,4.0,33829.0,3.0,1.0,,3.0,4.0,,32.8,81.07,,
3409,1,76257.0,130.0,7189039.0,10.0,3.51,370.0,1900.0,10.33,114358777.0,,1.0,240.0,3.51,53.7,1.0,3409.0,2.0,3.0,3.0,2.0,2.0,1996.0,106.0,,,
34117,40,34102.5,136.0,4709199.0,9.5,2.69,575.0,1967.0,6.85,115969378.5,1.0,2.0,438.14,2.69,58.2,3.0,34117.0,2.25,2.0,7.0,2.0,2.0,2018.0,161.0,59.0,4711.0,
34119,20,39782.0,125.0,15937642.0,8.5,1.56,740.0,1928.0,7.25,115295083.5,1.5,1.0,679.025,1.56,77.5,5.0,34119.0,2.25,3.0,4.0,2.0,3.0,2019.0,175.5,115.0,,
34121,31,15951.0,120.0,15937642.0,9.0,1.63,665.0,1948.0,6.61,116973598.0,1.0,1.0,500.0,1.63,64.0,3.0,34121.0,3.0,2.0,4.0,3.0,3.0,2020.0,125.05,80.0,4711.0,
34123,26,40353.0,135.0,9948029.5,7.5,1.32,761.815,1984.0,6.44,116715254.5,1.0,4.0,532.94,1.32,76.245,4.0,34123.0,3.0,1.0,2.0,3.0,3.0,2018.0,175.0,82.5,3.0,
34125,40,29923.0,131.0,938782.0,12.5,2.62,568.0,1986.0,8.07,116592261.0,1.0,4.0,373.125,2.62,52.985,2.0,34125.0,2.0,2.0,4.0,2.0,2.0,2018.0,139.45,75.0,701.5,
34127,34,47880.0,130.5,565778.0,4.0,2.68,560.0,1992.0,8.06,115767852.5,1.0,5.0,424.75,2.68,60.790000000000006,3.0,34127.0,3.0,1.5,3.0,3.0,2.5,2017.0,150.65,70.0,3.0,
34128,38,53058.0,134.5,146060.0,7.0,3.11,693.0,1958.5,6.96,115862245.5,1.0,2.0,502.16499999999996,3.11,67.06,4.0,34128.0,3.0,1.0,3.0,3.0,3.0,2017.0,132.0,90.5,600.0,
34130,5,24611.0,220.0,15394751.0,18.0,3.11,1055.0,2004.0,6.96,116937770.0,1.0,6.0,900.0,3.11,99.08,6.0,34130.0,3.0,3.0,3.0,3.0,4.0,2009.5,,,,
34131,18,28282.0,200.0,13126552.5,11.0,1.08,950.995,2014.0,6.03,116976614.0,1.0,8.0,732.995,1.08,83.215,5.0,34131.0,3.0,1.0,3.0,3.0,4.0,2018.5,96.8,49.0,4711.0,
34132,21,22663.0,186.51,785429.0,5.0,1.89,670.0,1973.0,6.64,117006954.0,1.0,3.0,469.4,1.89,64.35,3.0,34132.0,2.0,2.0,3.0,2.0,3.0,2017.5,136.8,82.0,4711.0,
34134,21,39091.0,153.23,146060.0,7.0,2.14,638.65,1958.0,6.23,116263751.0,,2.0,475.65,2.14,59.44,3.0,34134.0,3.0,2.0,2.0,3.0,2.0,2019.5,103.75,55.5,4711.0,
34212,7,18745.0,150.0,15338574.0,14.0,3.84,750.0,1979.0,8.37,115818238.0,1.0,3.5,620.0,3.84,96.36,5.0,34212.0,4.0,2.0,3.0,4.0,4.0,2016.0,70.25,60.0,4711.0,
34225,29,26766.0,210.0,105723.0,5.0,3.55,777.25,1993.0,8.65,116992601.0,1.0,5.0,574.35,3.55,77.2,4.0,34225.0,3.0,1.0,3.0,3.0,3.0,2020.0,100.0,95.0,4711.0,
34233,11,31126.0,160.0,16540813.0,10.0,3.81,880.0,2012.0,6.63,116142683.0,1.0,8.0,630.0,3.81,90.0,5.0,34233.0,4.0,2.0,2.5,4.0,4.0,2012.0,68.0,100.0,,
34246,4,35289.0,170.0,16559759.0,10.5,3.87,1089.0,2001.5,9.03,114797687.0,1.0,6.0,777.0,3.87,96.5,5.5,34246.0,3.75,2.0,3.0,3.5,4.0,2015.0,143.35,100.0,4.0,
34253,4,32258.0,120.0,17747582.0,12.5,3.53,660.0,1979.0,8.79,116867715.5,1.0,3.0,640.0,3.53,73.5,4.0,34253.0,3.0,2.0,3.0,3.0,3.0,2016.0,142.05,90.0,,
34260,5,29796.0,138.0,15000966.0,12.0,3.75,912.5,1996.0,8.48,114882980.0,1.0,5.0,720.0,3.75,80.0,5.0,34260.0,3.0,2.0,2.0,3.0,3.0,2018.0,84.4,90.0,,
34266,8,27872.5,170.0,18039393.5,10.0,3.64,970.0,1988.0,6.84,116982028.5,1.0,4.5,775.0,3.64,93.5,5.0,34266.0,3.0,2.0,3.0,3.0,4.0,2019.0,87.2,100.0,,
34270,10,35164.0,157.0,4276240.0,9.5,3.8,639.5,1983.5,6.5,114808919.0,1.0,4.0,550.0,3.8,71.0,4.0,34270.0,3.0,1.0,2.0,3.0,3.0,2018.5,166.4,,11.0,
34277,1,23946.0,220.0,8203175.0,10.0,3.95,820.0,,7.25,117022597.0,,,600.0,3.95,90.7,4.0,34277.0,3.5,,,3.0,4.0,,,,,
34281,1,28410.0,150.0,17329106.0,26.0,4.15,600.0,2019.0,10.12,103052715.0,1.0,9.0,450.0,4.15,49.78,3.0,34281.0,1.0,-1.0,3.0,1.0,2.0,2019.0,,,,
34289,2,20511.0,152.5,11717578.0,5.5,3.24,662.5,,8.47,117066312.0,,,547.5,3.24,100.0,4.0,34289.0,3.5,2.0,2.0,3.5,4.0,2019.0,,,,
34292,4,51851.5,285.0,2235648.0,9.5,3.87,1210.0,2017.0,8.25,116144324.5,1.5,9.0,825.0,3.87,111.5,5.5,34292.0,3.0,1.0,2.0,3.0,5.0,2018.0,64.2,80.0,,
34298,4,55193.5,100.0,9188137.5,13.5,4.08,480.0,1999.0,6.05,115513873.5,1.0,5.0,430.0,4.08,52.870000000000005,2.5,34298.0,2.0,1.0,2.0,2.0,2.0,2015.0,68.28,60.0,,
34302,2,69493.0,63.5,16888272.0,9.0,4.11,,,10.33,115117868.0,,,486.5,4.11,66.34,3.0,34302.0,2.0,2.0,2.0,2.0,2.5,,,70.0,,
34305,1,28282.0,265.0,18512258.0,12.0,3.66,1100.0,1958.0,8.87,116976649.0,,2.0,835.0,3.66,167.0,6.0,34305.0,4.0,1.0,,4.0,7.0,1975.0,175.4,,,
34308,1,19258.0,100.0,15406730.0,12.0,1.85,480.0,1960.0,,101198234.0,1.0,2.0,380.0,,55.0,2.0,34308.0,2.0,1.0,3.0,2.0,2.0,2015.0,,,,
34311,1,61865.0,109.8,17877102.0,1.0,2.17,342.07,,,103348475.0,,,232.27,,42.23,1.0,34311.0,2.0,,,2.0,2.0,2010.0,,,,
34317,2,5988.0,135.0,18068849.0,15.0,4.37,747.5,1991.5,10.22,117314855.0,1.0,4.5,612.5,4.37,94.0,4.0,34317.0,3.0,,,3.0,4.0,,,,,
34346,10,30457.0,170.0,14969271.0,7.5,1.6,998.0,1936.5,5.17,116747507.5,1.0,2.0,535.0,1.6,89.0,4.0,34346.0,3.75,1.0,2.0,3.5,4.0,2020.0,158.55,,32.0,
34355,3,14551.0,180.0,18512258.0,7.0,0.89,700.0,1710.0,0.96,117145687.0,1.0,1.0,504.0,0.89,84.0,4.0,34355.0,3.0,1.0,2.0,3.0,4.0,2019.5,,,,
34359,1,4961.0,130.0,10612375.0,7.0,2.59,,1950.0,5.39,117311762.0,1.0,1.0,560.0,2.59,92.0,4.0,34359.0,3.0,,,3.0,4.0,,,120.0,,
34369,4,23214.5,85.0,17944272.0,9.5,2.66,447.5,1900.0,4.19,117033914.5,1.0,1.0,407.025,2.66,77.905,2.5,34369.0,2.5,1.5,2.0,2.5,3.5,2008.5,,,,
34376,1,2103.0,100.0,18630513.0,6.0,2.8,390.0,,7.82,117360716.0,,,290.0,2.8,25.0,1.0,34376.0,1.5,1.0,1.0,1.0,1.0,2018.0,,,,
34379,1,17115.0,180.0,17113238.0,12.0,3.67,680.0,1964.0,2.86,117099836.0,1.0,2.0,500.0,3.67,75.0,3.0,34379.0,2.0,0.0,0.0,2.0,3.0,2002.0,,,,
34385,3,36174.0,60.0,17974645.0,17.0,2.59,585.0,1900.0,,116849647.0,,1.0,425.0,2.59,85.0,3.0,34385.0,3.0,1.0,1.0,3.0,4.0,2019.0,,90.0,1.0,
34388,2,44458.0,225.0,18577986.0,15.0,3.19,765.0,1887.0,2.61,116211986.0,1.0,1.0,540.0,3.19,105.0,3.5,34388.0,4.25,1.5,2.0,4.0,4.5,2017.5,,,,
34393,1,27679.0,70.0,18183231.0,4.0,2.61,615.0,1971.0,11.13,116984828.0,,3.0,450.0,2.61,78.5,3.0,34393.0,3.0,0.0,0.0,3.0,3.0,2020.0,,95.0,,
34414,13,41768.0,160.0,16629815.0,5.0,4.3,585.0,1954.0,8.27,101327629.0,1.0,3.0,420.0,4.3,75.0,3.0,34414.0,3.0,2.0,2.0,3.0,3.0,2020.0,265.0,75.0,123.0,
34431,2,79356.5,120.0,5781964.0,12.0,3.3200000000000003,545.0,,8.18,113447176.5,1.0,,425.0,3.3200000000000003,87.5,2.5,34431.0,2.5,1.5,2.0,2.5,4.0,2018.0,,,,
34439,2,71117.0,120.0,10055978.0,10.5,3.295,661.5,1998.0,6.4350000000000005,61212637.0,1.0,5.0,438.0,3.295,86.5,3.0,34439.0,3.5,0.5,1.0,3.5,4.0,2015.0,162.01,187.0,3.0,
34454,3,14347.0,250.0,18350254.0,9.0,3.32,800.0,1639.5,7.38,117147548.0,1.0,2.0,600.0,3.32,110.0,4.0,34454.0,2.5,1.0,3.0,2.0,5.0,2018.5,135.8,,,
34466,1,34692.0,180.0,3061.0,4.0,3.41,512.0,1965.0,5.87,116883481.0,,2.0,332.0,3.41,69.98,2.0,34466.0,3.0,2.0,,3.0,3.0,,103.6,70.0,4711.0,
34497,3,15296.0,260.0,105723.0,3.0,3.66,705.0,1973.0,8.87,117128670.0,,3.0,438.0,3.66,69.52,3.0,34497.0,3.0,2.0,,3.0,3.0,,213.25,125.0,4711.0,
34508,2,55336.5,150.0,16738924.0,22.5,2.91,845.0,1986.5,8.33,115974632.0,1.0,4.5,445.0,2.91,52.5,2.5,34508.0,2.0,2.0,2.0,2.0,2.0,2019.0,104.4,50.0,1.0,
34513,2,26462.5,125.0,16707600.0,6.5,4.635,567.5,1988.0,11.27,87884916.5,4.5,4.0,442.5,4.635,60.75,3.0,34513.0,2.25,0.0,4.0,2.0,2.5,2019.0,,,,
34537,9,27707.0,145.0,15497107.0,6.0,2.48,540.0,2008.0,9.08,116943290.0,1.0,7.0,475.0,2.48,76.45,3.0,34537.0,2.5,2.0,2.0,2.0,3.0,2018.5,74.0,50.0,,
34549,1,34282.0,80.0,15501550.0,14.0,3.07,410.0,1650.0,,116888015.0,1.0,1.0,330.0,3.07,76.0,2.0,34549.0,4.0,2.0,,4.0,3.0,1994.0,,,1.0,
34560,4,22692.5,209.25,105723.0,3.5,3.8,614.75,1966.0,9.83,117034698.0,1.0,2.0,421.79499999999996,3.8,66.925,2.5,34560.0,3.0,2.0,,3.0,3.0,,181.2,100.0,4711.0,
34576,12,43906.0,125.0,7767047.5,4.0,2.88,559.25,1966.0,5.33,116571910.0,1.0,2.0,356.5,2.88,68.39500000000001,2.0,34576.0,3.0,1.0,1.0,3.0,3.0,2018.0,115.85,110.42,4711.0,
34582,1,46104.0,230.0,8180275.0,11.0,3.25,795.0,,6.27,116458310.0,1.0,,565.0,3.25,111.0,4.0,34582.0,6.0,1.0,1.0,5.0,5.0,2020.0,,,,
34587,1,63363.0,200.0,172881.0,12.0,2.9,600.0,1979.0,7.34,115551001.0,,3.0,400.0,2.9,74.32,2.0,34587.0,4.0,2.0,1.0,4.0,3.0,,215.9,,,
34593,2,60299.5,162.5,172881.0,12.5,3.23,450.0,1889.0,5.06,115679117.0,1.0,1.0,310.0,3.23,72.0,1.5,34593.0,3.0,1.5,,3.0,3.0,,96.0,,,
34596,1,55635.0,250.0,172881.0,12.0,3.72,880.0,2014.0,6.55,115971023.0,,8.0,630.0,3.72,78.0,5.0,34596.0,2.0,,,2.0,3.0,,133.0,,,
34613,2,72031.0,50.0,785429.0,4.0,3.32,415.0,1953.0,7.91,87066402.5,,2.0,335.0,3.32,49.795,1.5,34613.0,2.75,1.5,,2.5,2.0,1993.0,131.5,60.0,,
34621,1,25213.0,280.0,18594414.0,8.0,2.04,920.0,1965.0,2.26,117007413.0,,2.0,640.0,2.04,140.0,5.0,34621.0,5.0,1.0,1.0,5.0,6.0,2019.0,,,,
34639,2,13246.5,150.0,15485522.0,5.0,6.42,686.5,1783.0,,117161276.0,1.0,1.0,536.5,6.42,128.0,4.0,34639.0,4.5,,,3.5,5.5,,,,,
35034,1,27422.0,110.0,468724.0,14.0,2.47,,2010.0,,67257994.0,,7.0,395.0,,39.0,2.0,35034.0,1.0,,,1.0,1.0,,,,1.0,
35037,62,43896.0,172.5,15393227.0,11.0,1.49,975.0,2016.0,5.97,115986305.5,1.0,8.5,810.0,1.49,75.5,5.5,35037.0,2.0,2.0,3.0,2.0,3.0,2017.0,123.4,50.0,3.0,
35039,50,41304.0,143.0,432154.0,6.5,1.49,775.1700000000001,1997.0,5.97,116514394.5,1.0,5.0,559.46,1.49,59.815,4.0,35039.0,2.0,1.5,4.0,2.0,2.0,2020.0,62.0,60.0,2377.5,
35041,36,37125.0,195.0,17163814.5,10.0,1.58,1047.0,2000.0,5.97,116321272.5,1.0,5.0,846.5,1.49,80.27000000000001,6.0,35041.0,3.0,2.0,3.0,3.0,3.0,2018.0,34.3,65.0,1.0,
35043,6,45265.0,165.0,16779286.0,7.5,1.49,862.5,2016.0,5.97,99300699.5,1.0,9.0,687.5,1.49,73.89,4.5,35043.0,2.5,1.0,2.0,2.5,3.0,2019.0,157.0,,,
35066,1,28670.0,150.0,16532319.0,7.0,3.41,700.0,,8.58,88859383.0,,,550.0,3.41,77.0,4.0,35066.0,3.0,2.0,2.0,3.0,3.0,2019.0,,,,
35075,1,26153.0,100.0,15393227.0,15.0,0.36,,2002.0,1.02,116999120.0,,6.0,850.0,0.36,150.0,6.0,35075.0,6.0,,,5.0,6.0,,132.0,,,
35083,1,41153.0,178.0,15904967.0,1.0,1.29,678.0,,1.55,116678802.0,,,500.0,1.29,90.0,3.0,35083.0,5.0,3.0,3.0,5.0,4.0,,,,,
35085,3,10735.0,125.0,12304772.0,5.0,1.8,952.5,1995.0,5.34,117227374.0,2.0,5.0,580.0,1.8,94.0,4.0,35085.0,4.0,2.0,2.0,4.0,4.0,2018.0,166.65,100.0,,
35091,1,72130.0,80.0,226243.0,9.0,2.06,,1988.0,6.78,109268499.0,,4.0,325.0,2.06,38.31,2.0,35091.0,1.0,,,1.0,1.0,,48.3,,,
35094,4,21770.5,125.0,468724.0,7.5,1.19,1150.0,1996.0,5.98,111966739.5,2.0,5.0,437.5,1.19,58.0,2.5,35094.0,2.75,1.0,2.0,2.5,2.0,2017.0,11.4,75.0,2.0,
35096,2,19121.5,120.0,17570412.5,15.0,1.295,612.5,,3.625,107898763.5,,,492.5,1.295,62.0,3.0,35096.0,2.0,1.5,1.5,2.0,2.5,2017.0,,,,
35102,3,55308.0,170.0,5377865.0,7.0,1.31,806.5,1969.0,0.01,114188916.0,1.5,2.0,795.0,1.31,140.0,5.0,35102.0,4.0,0.5,2.0,4.0,6.0,2019.0,145.5,,,
35108,2,45477.5,194.5,9311348.0,15.0,2.82,898.0,1965.0,,116276014.5,1.0,2.0,509.5,2.82,93.0,3.5,35108.0,3.5,1.0,2.0,3.5,4.5,2019.0,253.4,,58.0,
35110,2,19180.0,150.0,17591573.5,7.5,0.65,505.0,1995.0,,117120067.5,1.0,5.0,355.0,0.65,73.0,2.0,35110.0,3.5,,,3.5,3.5,,,,,
35112,2,16633.5,200.0,8394655.5,15.5,1.42,1050.0,1984.5,-3.61,117130264.5,1.0,3.5,760.0,1.42,87.5,5.5,35112.0,3.0,1.0,1.5,3.0,4.0,2019.0,145.0,,3073.0,
35117,1,22261.0,130.0,15790618.0,9.0,2.17,580.0,1700.0,,117037117.0,1.0,1.0,450.0,2.17,65.0,3.0,35117.0,2.0,1.0,2.0,2.0,3.0,2020.0,,,,
35216,4,28767.0,210.0,15502757.0,4.5,1.53,740.0,1970.0,3.59,116863729.5,1.0,2.0,550.0,1.53,67.5,4.0,35216.0,3.25,0.5,0.0,3.0,2.5,,272.52,,,
35232,1,58195.0,165.0,3813.0,7.0,2.25,,1975.0,4.21,115784584.0,,3.0,420.0,2.25,70.0,3.0,35232.0,3.0,3.0,4.0,3.0,3.0,,175.0,,58.0,
35236,1,40078.0,120.0,18327989.0,9.0,1.58,700.0,,2.49,116743891.0,1.0,,580.0,1.58,78.0,4.0,35236.0,3.0,1.0,2.0,3.0,3.0,2020.0,,,,
35260,2,23700.5,176.0,54768.0,4.5,2.07,640.17,1960.0,2.99,117026614.0,,2.0,401.58500000000004,2.07,57.224999999999994,2.5,35260.0,3.0,1.5,3.0,3.0,2.0,,197.15,64.0,2386.5,
35274,1,72447.0,200.0,17996242.0,11.0,1.55,1475.0,2019.0,5.64,114835076.0,1.0,9.0,1275.0,1.55,150.0,7.0,35274.0,5.0,0.0,1.0,5.0,6.0,,,,,
35279,2,47954.5,150.0,9029815.0,11.0,1.68,601.0,1981.0,1.74,111410005.0,,3.5,401.0,1.68,73.75,2.5,35279.0,3.0,2.0,2.0,3.0,3.5,2015.0,148.05,100.0,,
35282,1,32079.0,130.0,12723595.0,8.0,-0.18,490.0,,1.09,116924937.0,,,270.0,-0.18,59.23,1.0,35282.0,2.0,,,2.0,2.0,,,90.0,,
35285,1,35647.0,330.0,468724.0,15.0,1.18,,1979.0,,69937955.0,1.0,3.0,785.0,1.18,160.0,5.0,35285.0,4.5,,,4.0,7.0,2013.0,,,3.0,
35292,1,8498.0,120.0,5394580.0,7.0,3.1,,1894.0,7.68,117285089.0,,1.0,900.0,3.1,102.0,6.0,35292.0,4.0,1.0,2.0,4.0,5.0,,120.0,80.0,,
35305,2,27597.0,210.0,12181955.0,2.5,1.255,1050.0,2004.0,8.37,86894891.5,1.0,6.5,855.0,2.51,119.5,6.0,35305.0,4.5,0.0,2.5,4.5,5.0,2008.0,16.5,120.0,,
35315,8,75372.0,207.0,105723.0,3.5,5.2,610.7,1960.0,13.44,114506742.0,1.0,2.0,423.58,5.2,66.765,3.0,35315.0,2.75,1.0,4.0,2.5,2.5,2020.0,94.4,54.0,4711.0,
35321,5,53441.0,100.0,5449292.0,13.0,2.4,742.5,2001.5,5.41,114618879.0,13.0,6.0,565.0,2.4,75.0,4.0,35321.0,3.0,1.0,2.0,3.0,3.0,2016.0,3.4,100.0,,
35325,1,18910.0,180.0,16943469.0,11.0,5.74,860.0,,11.1,117080631.0,,,680.0,5.74,100.0,5.0,35325.0,4.0,,,4.0,4.0,2020.0,,,,
35329,1,80117.0,150.0,16457208.0,1.0,4.69,950.0,,,113605989.0,2.0,,800.0,4.69,125.0,5.0,35329.0,6.0,,3.0,5.0,6.0,,,,,
35390,35,35401.0,150.0,5361688.0,7.0,3.1,835.0,1956.0,7.68,115341586.0,1.0,2.0,655.0,3.1,55.0,5.0,35390.0,2.0,2.0,3.0,2.0,2.0,2019.0,128.0,80.0,8888.0,
35392,19,38765.0,110.0,5361688.0,5.0,3.1,558.0,1982.5,7.68,116605081.0,1.0,4.0,420.0,3.1,41.5,3.0,35392.0,1.0,2.0,3.5,1.0,2.0,2017.0,117.68,0.0,1.0,
35394,22,32168.0,145.0,16779286.0,10.0,3.1,710.0,2011.0,7.68,115997900.0,1.0,8.0,505.0,3.1,61.01,3.5,35394.0,2.0,2.0,4.0,2.0,3.0,2019.0,60.7,45.0,4.0,
35396,21,23071.0,130.0,15997423.0,10.0,3.1,750.0,1980.0,7.68,116831888.0,1.0,3.0,580.0,3.1,55.0,4.0,35396.0,2.0,1.0,2.0,2.0,2.0,2016.5,131.02,0.0,5074.5,
35398,36,39361.0,150.0,9001264.5,10.0,3.13,1014.0,2020.0,7.68,116193983.0,1.0,9.0,792.0,3.13,71.5,5.0,35398.0,2.0,1.0,3.0,2.0,3.0,2020.0,122.0,110.0,20.0,
35410,5,30409.0,150.0,17184020.0,1.0,1.95,715.0,1992.0,6.38,116935226.0,1.0,5.0,570.0,1.95,82.0,4.0,35410.0,2.5,2.0,2.0,2.0,4.0,2019.0,,60.0,,
35415,14,20377.0,150.0,15980507.5,7.5,3.15,840.0,1980.0,6.79,116984817.0,1.5,3.0,655.0,3.15,89.0,5.0,35415.0,3.0,1.0,2.0,3.0,4.0,2018.0,127.1,50.0,2022.0,
35418,5,9426.0,100.0,12539784.0,7.0,2.69,540.0,1996.0,6.88,103851715.0,2.0,5.0,460.0,2.69,65.0,3.0,35418.0,2.0,2.0,2.0,2.0,3.0,2017.0,127.875,,10010.0,
35423,11,61812.0,170.0,27765.0,13.0,2.94,925.0,2013.0,6.93,115452740.0,1.0,8.0,790.0,2.94,94.2,5.0,35423.0,3.0,1.0,2.0,3.0,4.0,2018.5,140.45,60.0,18.0,
35428,4,39449.5,175.0,10961595.5,10.5,2.78,885.0,2015.0,5.41,116732535.0,1.0,8.0,730.0,2.78,107.97,5.0,35428.0,3.75,1.5,2.0,3.5,5.0,1973.0,166.8,,19.0,
35435,10,42686.0,245.0,17215.0,2.0,2.9,1125.0,2017.5,6.34,116613176.0,2.0,8.5,840.0,2.9,90.5,6.0,35435.0,3.0,1.0,1.5,3.0,4.0,2008.5,44.0,,,
35440,13,23919.0,100.0,480621.0,1.0,3.08,365.0,1974.0,8.15,117022997.0,1.0,3.0,270.0,3.08,27.0,1.0,35440.0,1.0,3.0,3.0,1.0,1.0,,131.0,0.0,1.0,
35444,2,60959.0,132.5,2890881.0,6.5,2.5,705.0,1972.0,4.04,115537743.0,0.5,2.5,547.5,2.5,83.405,4.0,35444.0,3.0,0.0,2.0,3.0,3.5,,207.785,,,
35447,7,43415.0,200.0,17237985.0,9.0,3.08,740.0,1979.0,5.46,115828621.0,1.0,3.0,540.0,3.08,92.0,4.0,35447.0,3.0,1.0,3.0,3.0,4.0,2018.0,229.0,,,
35452,3,30378.0,100.0,16982296.0,12.0,3.1,1007.5,1995.0,8.48,116954380.0,1.0,5.0,900.0,3.1,90.0,6.0,35452.0,2.0,1.0,1.0,2.0,4.0,2019.0,,,,
35457,9,36280.0,172.5,15820202.0,8.0,3.95,940.0,1983.0,9.05,116848086.0,1.0,4.0,680.0,3.95,96.0,5.0,35457.0,3.0,1.0,3.5,3.0,4.0,2017.0,93.9,70.0,1.0,
35460,3,40316.0,110.0,18196844.0,9.0,3.08,550.0,1989.0,5.63,116737025.0,1.0,4.0,430.0,3.08,45.0,3.0,35460.0,1.5,2.0,2.0,1.0,2.0,2010.0,73.4,,,
35463,3,20738.0,190.0,15434979.0,10.0,3.19,750.0,1970.0,7.43,117055749.0,1.0,2.0,600.0,3.19,87.0,4.0,35463.0,3.0,0.5,3.5,3.0,4.0,2019.0,101.0,,12.0,
35466,2,59803.0,240.0,18519077.0,19.5,2.59,1292.0,1700.0,4.07,115595619.0,1.0,1.0,1052.0,2.59,129.5,6.5,35466.0,4.5,1.5,1.5,4.5,6.0,2019.0,,,,
35510,30,57867.5,130.0,10767589.5,8.0,3.95,930.0,2019.0,9.35,115804153.0,1.0,9.0,780.0,3.95,82.0,5.0,35510.0,2.0,2.0,3.0,2.0,4.0,2019.0,77.0,0.0,35510.0,
35516,4,17108.5,170.0,17551412.0,19.0,4.5,950.0,1989.0,9.46,115090385.0,1.5,4.0,860.0,4.5,103.0,6.0,35516.0,3.75,1.0,3.0,3.5,4.5,2017.0,131.0,,2.0,
35519,1,36516.0,250.0,17209946.0,2.0,4.82,1450.0,2019.0,8.72,116841214.0,1.0,9.0,1200.0,4.82,120.0,7.0,35519.0,4.0,2.0,3.0,4.0,5.0,,21.4,,,
35540,1,53216.0,80.0,9855974.0,16.0,3.08,430.0,1975.0,8.15,116125799.0,1.0,3.0,350.0,3.08,38.74,2.0,35540.0,1.0,4.0,4.0,1.0,1.0,2020.0,140.95,,,
35576,9,26547.0,150.0,16634388.0,8.0,4.63,920.0,2011.0,5.45,115654733.0,1.0,8.0,850.0,4.63,95.0,6.0,35576.0,3.0,1.0,3.0,3.0,4.0,2016.5,162.3,30.0,,
35578,22,40459.5,175.0,15702267.0,9.5,4.63,775.0,1989.0,5.45,116435352.5,1.5,4.0,670.0,4.63,83.55,5.0,35578.0,3.0,2.0,3.0,3.0,4.0,2015.0,109.8,180.0,4711.0,
35584,2,26188.0,170.0,9113481.5,11.5,4.63,930.0,1979.0,5.45,116929632.0,1.0,3.0,660.0,4.63,87.0,4.5,35584.0,3.0,1.0,,3.0,4.0,,142.8,,1.0,
35586,1,39257.0,160.0,16993452.0,12.0,4.72,960.0,2020.0,5.45,116764558.0,1.0,9.0,800.0,4.72,78.0,5.0,35586.0,3.0,,,3.0,3.0,,,,,
35606,6,28399.0,180.0,16687190.5,9.0,3.67,787.5,1986.5,4.76,116400024.0,2.0,4.0,625.0,3.67,89.925,4.5,35606.0,3.0,2.0,2.0,3.0,4.0,2003.5,94.0,50.0,4711.0,
35614,13,43753.0,160.0,17511883.0,2.0,3.87,852.0,2020.0,5.57,115421232.0,1.0,9.0,577.0,3.87,78.0,4.0,35614.0,3.0,1.0,3.0,3.0,3.0,2020.0,109.5,,1.0,
35619,6,34271.0,130.0,16423008.0,8.5,3.6,590.0,1976.5,4.76,115220695.0,1.0,3.0,475.0,3.6,65.5,3.0,35619.0,2.0,1.0,2.0,2.0,2.5,2013.5,,0.0,,
35625,1,10573.0,170.0,18627354.0,5.0,4.1,790.0,,5.44,117230426.0,,,620.0,4.1,98.0,5.0,35625.0,4.0,,,4.0,4.0,,,,,
35630,5,41668.0,170.0,2693946.0,8.0,3.35,820.0,1992.0,2.95,113662647.0,1.0,5.0,620.0,3.35,83.0,5.0,35630.0,3.0,0.5,2.0,3.0,4.0,2020.0,87.6,0.0,,
35633,1,11836.0,80.0,18626434.0,0.0,4.48,605.0,1989.0,5.7,117188687.0,1.0,4.0,525.0,4.48,66.0,4.0,35633.0,2.0,,,2.0,3.0,2010.0,,,,
35638,2,56884.0,282.5,11446520.0,19.5,4.085,,1887.0,2.4699999999999998,112668649.0,2.0,1.0,948.25,4.085,201.5,6.0,35638.0,5.5,1.0,3.0,4.5,7.0,2018.0,155.0,,,
35641,1,21695.0,150.0,15716327.0,5.0,4.01,1250.0,1995.0,4.01,117044853.0,1.0,5.0,1100.0,4.01,121.0,7.0,35641.0,4.0,1.0,2.0,4.0,6.0,2020.0,,,,
35649,2,59231.5,,16921525.0,20.0,3.97,,1998.0,0.89,115284496.5,1.0,5.0,580.0,3.97,93.75,3.5,35649.0,3.5,1.0,1.5,3.5,4.0,,,,,
35683,6,45480.0,160.0,8169075.5,14.5,3.75,912.5,1786.0,4.01,115586109.5,1.0,2.0,735.0,3.75,92.5,5.0,35683.0,3.0,1.0,3.0,3.0,4.0,2020.0,140.7,,2.0,
35685,1,15850.0,200.0,260051.0,14.0,3.75,,1997.0,4.01,117122653.0,1.0,5.0,650.0,3.75,100.0,5.0,35685.0,3.5,3.0,3.0,3.0,4.0,,102.7,,1.0,
35687,1,64241.0,70.0,18465985.0,13.0,3.75,750.0,1979.0,4.01,115509148.0,,3.0,750.0,3.75,107.0,5.0,35687.0,2.5,,,2.0,5.0,2019.0,,,,
35690,1,39941.0,170.0,260051.0,10.0,3.75,,1979.0,4.01,116734893.0,1.0,3.0,430.0,3.75,75.5,3.0,35690.0,3.0,2.0,,3.0,3.0,,147.0,,3.0,
35708,1,65154.0,200.0,260051.0,14.0,4.27,,1763.0,2.06,115451149.0,1.0,1.0,890.0,4.27,130.0,6.0,35708.0,3.0,1.0,2.0,3.0,6.0,2020.0,,,2.0,
35713,1,35404.0,150.0,18073453.0,17.0,1.79,490.0,1992.0,2.07,109304832.0,2.0,5.0,340.0,1.79,57.0,2.0,35713.0,2.0,,3.0,2.0,2.0,,,,,
35716,8,69526.0,80.0,15937642.0,4.5,3.99,492.66499999999996,1962.0,4.25,114572423.5,,2.0,392.66499999999996,3.99,60.515,2.5,35716.0,3.0,1.5,2.0,3.0,2.5,2016.0,,40.0,,
35745,9,44261.0,150.0,4277603.0,12.0,4.81,847.5,1971.5,5.1,115783842.0,1.0,2.5,745.0,4.81,82.5,5.0,35745.0,3.0,1.0,2.0,3.0,4.0,2017.0,135.1,,1.0,
35753,2,50074.5,187.5,7931147.5,8.0,3.97,680.0,1923.0,1.05,116261834.0,1.0,1.0,445.0,3.97,97.9,2.5,35753.0,3.0,1.0,2.5,3.0,4.5,2019.0,154.25,,46.0,
35764,7,43443.0,165.0,3813.0,7.0,4.94,1060.0,1967.5,5.64,116605805.0,1.0,2.5,350.0,4.94,56.11,2.0,35764.0,2.0,1.0,3.0,2.0,2.0,2020.0,115.0,,39.0,
35781,8,38745.5,112.5,17982092.0,9.5,3.08,535.0,1973.5,2.69,116320748.5,1.0,3.0,415.0,3.08,57.5,2.5,35781.0,2.5,2.5,3.0,2.5,2.0,2018.0,196.1,120.0,7.0,
35789,5,62442.0,175.0,3813.0,9.0,3.62,520.55,1971.0,1.92,115599621.0,1.0,3.0,410.0,3.62,65.0,3.0,35789.0,2.0,2.0,3.0,2.0,3.0,,123.0,,67.0,
35792,5,26839.0,200.0,18133735.0,13.0,3.55,715.0,1975.5,-3.25,116959471.0,1.0,3.5,460.0,3.55,92.0,3.0,35792.0,3.0,1.0,3.0,3.0,4.0,2012.0,,80.0,,
35796,1,31900.0,180.0,18616055.0,9.0,3.45,640.0,1968.0,-4.18,116928071.0,1.0,2.0,460.0,3.45,83.0,3.0,35796.0,2.0,2.0,2.0,2.0,4.0,2015.0,,,,
35880,1,36826.0,300.0,18612055.0,6.0,4.63,1350.0,2000.0,5.45,116824944.0,,5.0,1050.0,4.63,134.0,7.0,35880.0,3.5,,,3.0,6.0,,,,,
35976,1,57612.0,80.0,384707.0,1.0,2.28,440.0,,3.75,45268774.0,1.0,,310.0,2.28,60.0,2.0,35976.0,2.0,2.0,4.0,2.0,2.0,2017.0,,60.0,1.0,
36037,21,46900.0,165.0,14221709.0,9.0,4.74,690.0,1972.0,11.44,115758150.0,1.0,3.0,545.0,4.74,63.58,4.0,36037.0,2.0,2.0,4.0,2.0,3.0,2016.0,159.0,120.0,301.0,
36039,21,51369.0,115.0,15937642.0,13.0,4.74,1050.0,2005.0,11.44,116142618.0,1.0,6.5,850.0,4.74,93.54,6.0,36039.0,3.0,2.0,2.0,3.0,4.0,2016.0,63.0,115.0,,
36041,6,26447.0,180.0,16419457.0,9.5,4.74,1015.2,1991.5,11.44,116984541.5,1.0,5.5,832.6,4.74,103.75,6.0,36041.0,4.25,1.0,3.0,4.0,4.5,,102.3,140.0,,
36043,15,16833.0,100.0,16600054.0,10.0,4.74,645.0,1968.0,11.44,116796730.0,1.0,2.0,470.0,4.74,62.0,3.0,36043.0,2.0,2.0,2.5,2.0,3.0,2018.0,113.2,50.0,,
36088,2,82882.5,185.0,15361214.0,12.0,5.68,,2019.0,14.07,110878249.0,,9.0,1125.63,5.68,102.33,7.0,36088.0,3.0,,,3.0,4.5,2019.0,72.95,,,
36093,8,34604.5,155.0,16102441.5,13.5,4.55,1040.0,1995.5,10.28,116877185.0,1.0,5.0,760.0,4.55,97.5,5.0,36093.0,2.5,1.0,3.0,2.5,4.0,2016.5,89.6,,5.0,
36100,17,38699.0,165.0,16112921.0,6.0,4.5,900.0,2018.0,11.01,116776942.0,1.0,9.0,765.0,4.5,94.39,5.0,36100.0,3.0,1.5,2.5,3.0,4.0,2020.0,85.9,,,
36103,5,35940.0,180.0,17003036.0,10.0,4.52,720.0,1996.0,6.86,116809657.0,1.5,5.5,633.0,4.52,102.95,5.0,36103.0,3.0,2.0,2.0,3.0,5.0,2018.0,84.0,65.0,,
36119,3,23512.0,200.0,16981467.0,16.0,4.35,1040.0,1982.0,7.61,109817982.0,1.5,4.0,790.0,4.35,140.0,5.0,36119.0,4.0,0.0,,4.0,6.0,2016.0,74.9,160.0,,
36124,4,39491.5,102.5,18106507.5,6.5,4.77,462.5,1992.5,11.52,116676580.0,1.0,4.5,360.0,4.77,56.0,2.0,36124.0,1.5,1.0,2.0,1.5,2.5,,88.0,,,
36129,2,22187.5,157.5,18534563.0,10.5,1.52,572.5,,4.67,116963438.0,1.0,,415.0,1.52,60.0,2.5,36129.0,1.75,1.0,2.0,1.5,2.0,,,,,
36137,2,22919.5,165.0,9182729.5,13.0,2.955,902.5,2016.0,9.12,116410975.0,1.5,8.5,737.5,2.955,88.455,5.0,36137.0,3.0,1.0,3.0,3.0,4.0,2014.0,,,,
36148,2,22555.5,240.0,16212091.0,12.0,3.15,,1986.0,,102433626.0,1.0,4.0,620.0,3.92,120.0,4.5,36148.0,4.5,1.5,1.5,4.5,5.0,2000.0,125.0,,3.0,
36151,1,31165.0,180.0,18616971.0,14.0,4.93,930.0,2004.0,9.15,116941570.0,,6.0,750.0,4.93,120.0,5.0,36151.0,3.5,,,3.0,5.0,,,,,
36154,1,66871.0,,15887826.0,5.0,4.05,,,6.95,115355059.0,,,295.0,4.05,34.0,1.0,36154.0,1.0,,,1.0,1.0,,281.3,100.0,,
36179,4,31633.5,92.5,17316370.0,12.5,3.66,675.0,1953.0,5.96,116932245.5,,2.0,278.0,3.66,50.41,1.0,36179.0,3.0,1.5,3.0,3.0,2.0,2020.0,183.0,54.0,,
36199,2,55131.5,160.0,13858378.0,9.5,3.115,592.6,,6.15,114971552.5,,,516.3,3.115,85.60499999999999,3.5,36199.0,2.5,2.0,3.0,2.5,3.5,,106.0,,,
36205,12,60365.5,135.0,3813.0,9.0,-0.23,704.5,1940.0,9.94,115028399.5,0.0,1.0,284.5,-0.23,74.96000000000001,1.5,36205.0,3.0,2.0,2.0,3.0,3.5,1998.0,255.8,103.5,38.0,
36214,1,33057.0,130.0,12723595.0,3.0,0.23,470.0,,4.98,114868236.0,,,260.0,0.23,66.36,1.0,36214.0,3.0,1.0,1.0,3.0,3.0,,,80.0,,
36251,20,27303.5,161.25,15577741.0,6.0,2.1,680.0,1984.0,6.66,116809364.0,1.0,4.0,492.5,2.1,65.8,3.0,36251.0,2.25,2.0,2.5,2.0,3.0,2019.0,133.3,80.0,4711.0,
36266,2,22974.5,80.0,18278265.0,8.0,2.16,527.5,1960.0,9.03,117029225.0,1.0,2.0,367.5,2.16,65.5,2.5,36266.0,2.75,0.5,2.0,2.5,2.5,2020.0,,80.0,,
36275,5,57394.0,175.0,3813.0,8.0,1.95,,1969.0,,115827318.0,,2.0,295.0,1.95,56.42,1.0,36275.0,2.0,1.0,2.0,2.0,2.0,,177.6,,25.0,
36277,1,66176.0,175.0,17445915.0,38.0,0.23,780.0,1995.0,,115390329.0,1.0,5.0,605.0,0.23,100.0,5.0,36277.0,5.0,2.0,2.0,5.0,4.0,2018.0,130.0,,,
36282,3,68180.0,195.0,18550056.0,6.0,3.51,1130.0,2020.0,9.06,115226081.0,2.0,9.0,935.0,3.51,99.67,6.0,36282.0,3.0,2.5,3.0,3.0,4.0,2020.0,44.0,,,
36286,1,30072.0,,18617934.0,9.0,-0.72,320.0,,,116958046.0,,,320.0,-0.72,40.0,2.0,36286.0,2.0,,,2.0,1.0,2020.0,,,,
36289,1,45623.0,190.0,17414090.0,6.0,3.14,740.0,1984.0,8.5,109452035.0,,4.0,550.0,3.14,80.0,4.0,36289.0,4.0,2.0,2.0,4.0,3.0,2019.0,,,,
36304,5,25008.0,90.0,15735532.0,10.0,4.75,527.5,1990.0,9.66,117007272.0,1.0,4.0,390.0,4.75,61.75,2.0,36304.0,3.0,2.0,3.0,3.0,3.0,2017.0,130.4,70.0,,
36318,1,10473.0,180.0,18627418.0,32.0,4.66,750.0,,,117233981.0,1.0,,570.0,4.66,101.0,4.0,36318.0,2.5,0.0,2.0,2.0,5.0,2020.0,,,,
36329,2,66533.0,145.0,16268651.5,16.5,3.79,730.0,1975.5,14.35,114561392.5,,3.0,525.0,3.79,106.5,4.0,36329.0,3.5,2.0,3.0,3.5,5.0,2019.0,107.2,120.0,,
36341,4,20096.0,125.0,10719719.0,11.5,5.74,590.0,1978.0,7.1,100233088.5,1.0,3.5,490.0,5.74,73.5,3.5,36341.0,3.0,1.5,2.5,3.0,3.0,2016.0,178.5,127.8,,
36355,4,76167.0,150.0,15904967.0,6.5,5.72,570.0,1981.0,8.12,113722528.0,1.0,3.5,500.5,5.72,107.0,3.5,36355.0,3.0,1.0,2.5,3.0,4.5,2019.0,186.0,,1.0,
36367,1,70729.0,250.0,16112921.0,13.0,4.94,,1966.0,9.17,114978118.0,2.0,2.0,700.0,4.94,125.0,5.0,36367.0,3.0,,,3.0,6.0,,175.8,,,
36381,4,26375.0,150.0,8856983.0,7.0,4.08,533.0,1994.5,7.83,113660407.0,1.0,5.0,443.0,4.08,78.0,2.5,36381.0,2.5,3.0,3.0,2.5,3.5,,,,,
36396,7,45525.0,150.0,15591563.0,11.0,4.07,600.0,1990.0,12.67,116519054.0,1.0,4.0,445.0,4.07,68.48,3.0,36396.0,2.0,2.0,2.0,2.0,3.0,2017.5,115.4,,,
36404,6,49258.5,127.5,17023085.0,1.5,2.4000000000000004,442.5,1988.0,,111690216.5,,4.0,315.0,2.4000000000000004,58.75,1.5,36404.0,2.0,2.5,3.0,2.0,2.0,2007.0,100.55,,,
36419,1,28058.0,100.0,18619022.0,0.0,2.16,380.0,,6.61,116979406.0,1.0,,280.0,2.16,60.0,1.0,36419.0,2.0,2.0,2.0,2.0,2.0,,,,,
36433,7,61153.0,70.0,964776.0,12.0,4.66,430.0,1964.0,13.17,115632691.0,1.0,2.0,300.0,4.66,48.4,1.0,36433.0,2.0,1.0,3.0,2.0,2.0,1997.0,104.9,70.0,1.0,
36448,1,27637.0,90.0,15258712.0,8.0,2.36,605.0,,12.78,116985596.0,,,410.0,2.36,62.7,3.0,36448.0,3.0,,,3.0,3.0,,,80.0,3.0,
36456,1,31272.0,60.0,18372991.0,20.0,8.68,395.0,1980.0,,116939969.0,,3.0,335.0,8.68,63.8,2.0,36456.0,3.0,2.0,,3.0,3.0,,126.0,0.0,1.0,
36460,5,41119.0,150.0,17023085.0,6.0,2.86,510.0,1975.0,8.14,116680451.0,1.0,3.0,360.0,2.86,77.0,2.0,36460.0,4.0,1.0,3.5,4.0,3.0,2015.5,108.4,0.0,1.0,
36466,1,18901.0,150.0,16744090.0,2.0,2.93,550.0,1925.0,7.84,117080703.0,,1.0,400.0,2.93,70.0,2.0,36466.0,4.0,1.0,2.0,4.0,3.0,2019.0,102.0,,,
36831,1,44093.0,140.0,15171319.0,0.0,4.08,735.0,1998.0,7.83,116571747.0,1.0,5.0,595.0,4.08,69.5,4.0,36831.0,2.0,,,2.0,3.0,2020.0,150.06,,,
37073,42,39773.5,147.0,17168487.5,9.0,2.81,810.0,1907.0,9.16,116606681.5,1.0,1.0,642.5,2.81,54.915,5.0,37073.0,2.25,2.0,3.0,2.0,2.0,2019.0,153.35,70.0,435.0,
37075,39,54337.0,95.0,938782.0,3.0,3.85,400.0,1983.0,9.16,108673543.0,1.0,4.0,325.0,2.81,21.0,2.0,37075.0,1.0,3.0,3.0,1.0,1.0,2018.0,142.4,44.5,707.0,
37077,29,29103.0,120.0,5526480.0,6.0,2.81,460.0,1978.0,9.16,116719403.0,1.0,3.0,430.0,2.81,42.0,3.0,37077.0,1.5,1.0,2.5,1.0,2.0,2018.5,145.15,41.0,730.0,
37079,2,38118.5,167.5,8795330.0,5.5,3.875,754.5,1943.0,9.16,76206486.5,1.0,1.0,587.5,2.81,65.0,4.0,37079.0,2.5,1.0,2.0,2.5,3.0,2016.5,,,,
37081,24,45956.0,132.0,7035773.0,8.0,2.81,609.73,1975.0,9.16,115961256.0,1.0,3.0,542.5450000000001,2.81,61.0,4.0,37081.0,2.0,1.5,3.0,2.0,2.5,2020.0,128.0,59.0,3115.0,
37083,15,43997.0,165.0,8794274.0,5.0,2.81,780.0,1967.0,9.16,114979377.0,1.0,2.0,580.0,2.81,72.0,4.0,37083.0,2.0,1.0,3.0,2.0,3.0,2018.5,98.3,85.0,2411.5,
37085,40,36495.5,150.0,5407104.5,10.0,2.81,872.5,1969.5,9.16,116364000.5,1.0,2.0,800.0,2.81,78.5,5.0,37085.0,3.0,2.0,3.0,3.0,3.0,2016.0,107.4,100.0,3.0,
37115,7,55061.0,150.0,737784.0,10.0,1.71,740.0,1990.0,7.2,115999485.0,1.0,4.0,530.0,1.71,100.0,4.0,37115.0,3.5,2.5,2.0,3.0,4.0,2020.0,161.4,120.0,,
37120,7,26643.0,100.0,421220.0,9.0,2.48,550.0,1991.0,9.38,115992119.0,1.0,5.0,385.0,2.48,58.98,2.0,37120.0,2.0,2.0,4.0,2.0,2.0,,104.0,82.5,,
37124,8,54395.5,175.0,17035843.5,9.5,2.23,746.0,1994.0,8.98,115905294.5,1.0,5.0,615.0,2.23,74.065,4.5,37124.0,3.0,1.0,2.0,3.0,3.0,2019.0,102.85,0.0,15190.0,
37130,3,15251.0,120.0,17548561.0,14.0,1.62,629.0,1979.0,11.14,117129034.0,1.0,3.0,470.0,1.62,74.0,3.0,37130.0,3.0,1.0,3.0,3.0,3.0,2017.0,104.4,,,
37133,1,11436.0,120.0,17325907.0,12.0,1.82,390.0,1981.0,,90010854.0,,4.0,270.0,,35.0,1.0,37133.0,1.5,,,1.0,1.0,2016.0,,,,
37136,1,17173.0,150.0,17152253.0,4.0,1.14,700.0,,,117099270.0,1.0,,550.0,1.14,110.0,4.0,37136.0,3.0,1.0,1.0,3.0,5.0,,,80.0,,
37139,3,68069.0,160.0,18181522.0,12.0,0.78,550.0,1987.0,5.79,115267715.0,,4.0,430.0,0.78,90.0,3.0,37139.0,3.5,1.0,2.0,3.0,4.0,,,,,
37154,38,64800.0,120.0,17523958.5,9.0,2.19,599.0,1955.0,8.77,114563634.0,1.0,2.0,400.0,2.19,76.63499999999999,2.0,37154.0,3.0,2.0,5.0,3.0,3.0,2018.0,147.9,80.0,0.0,
37170,8,64671.0,95.0,1924949.0,10.0,1.56,395.0,1963.0,9.24,114497748.5,,2.0,289.5,1.56,61.0,1.0,37170.0,3.0,2.0,2.0,3.0,2.5,2016.0,130.0,86.0,49000.0,
37176,11,60745.0,155.0,17806225.0,9.0,2.69,660.0,2019.0,10.04,115664283.0,1.0,9.0,540.0,2.69,90.0,4.0,37176.0,3.0,1.0,,3.0,4.0,,,,,
37181,1,30770.0,180.0,430288.0,12.0,1.82,960.0,2019.0,10.97,116948644.0,1.0,9.0,780.0,1.82,91.88,5.0,37181.0,3.0,1.0,,3.0,4.0,,,,,
37191,3,53514.0,200.0,17672210.0,8.0,2.24,611.75,1938.5,5.22,116119572.0,1.0,1.5,290.0,2.24,95.0,1.0,37191.0,3.0,1.0,,3.0,4.0,2001.0,115.2,,,
37194,2,44830.0,80.0,10179294.5,17.5,1.6600000000000001,555.0,1957.0,6.885,114039119.0,,2.0,367.5,1.6600000000000001,86.985,2.0,37194.0,3.5,1.0,1.0,3.5,4.0,2019.0,139.5,107.5,1.0,
37197,2,40611.0,122.455,426731.0,8.0,2.18,845.0,1971.0,,113697989.5,1.0,3.0,483.4,2.18,103.485,3.0,37197.0,3.5,,2.0,3.5,4.5,2016.0,97.39,135.0,,
37213,6,50394.5,190.0,8463621.0,7.0,1.0,525.0,1971.5,10.84,116175071.5,,2.5,430.0,1.0,68.83500000000001,3.0,37213.0,3.0,1.0,2.0,3.0,3.0,2019.0,168.0,110.0,36.0,
37235,13,36622.0,125.0,17316370.0,6.0,1.18,590.0,1957.0,3.62,116243778.0,1.0,2.0,400.0,1.18,72.4,2.0,37235.0,3.0,2.0,3.0,3.0,3.0,2020.0,141.5,85.0,2360.0,
37242,4,13343.0,82.5,18625791.0,9.5,2.12,653.5,1948.0,7.47,117160435.0,,1.5,538.5,2.12,80.5,4.0,37242.0,3.0,2.0,2.5,3.0,3.5,2020.0,,82.5,,
37247,2,15613.0,140.0,10612375.0,5.0,0.99,730.0,1900.0,7.92,116116394.0,,1.0,585.0,0.99,98.0,4.0,37247.0,3.0,1.0,,3.0,4.0,,,,,
37269,25,58706.0,120.0,785429.0,9.0,1.36,490.0,1966.0,9.44,114827053.0,1.0,2.0,370.0,1.36,70.0,2.0,37269.0,3.0,2.0,4.0,3.0,3.0,2019.0,101.6,90.0,42.0,
37281,7,68575.0,150.0,12723595.0,10.0,0.82,584.5,1973.0,4.26,113446028.0,0.0,3.0,417.0,0.82,75.87,3.0,37281.0,3.0,1.0,2.0,3.0,3.0,2019.0,129.9,100.0,42.0,
37284,7,73251.0,205.0,3813.0,8.0,1.37,,1972.0,,113501756.0,,3.0,340.0,1.37,76.02,2.0,37284.0,3.0,1.5,2.0,3.0,3.0,,192.6,70.0,38.0,
37308,3,38346.0,160.0,15735405.0,2.0,4.89,770.0,,26.33,116788531.0,1.0,,609.0,4.89,90.0,5.0,37308.0,3.0,1.0,2.0,3.0,4.0,,,90.0,,
37318,3,35468.0,90.0,15735405.0,9.0,0.64,730.0,2007.0,,116867428.0,1.0,7.0,590.0,0.64,90.0,4.0,37318.0,3.0,1.0,3.0,3.0,4.0,2020.0,86.0,90.0,100.0,
37327,12,58973.0,114.5,15358904.5,9.5,3.06,575.0,1969.0,21.28,115739774.0,1.0,2.0,383.56,3.06,65.715,2.0,37327.0,3.0,1.5,3.0,3.0,2.5,2019.0,86.5,77.13,55930.0,
37339,8,64228.0,115.0,721839.5,7.5,3.06,612.5,1985.0,21.28,115349180.0,2.0,4.0,462.5,3.06,80.17,3.5,37339.0,3.0,3.0,4.0,3.0,3.5,2018.0,89.35,65.0,100.0,
37345,2,51708.0,41.5,5394580.0,9.5,3.27,,1963.0,15.92,116146465.0,2.0,2.0,265.5,3.27,53.165,1.0,37345.0,2.5,0.0,3.0,2.5,2.0,,94.0,35.0,,
37351,4,51077.0,95.5,16144158.0,5.5,1.64,317.0,,14.65,116179350.5,2.0,,220.0,1.64,47.975,1.0,37351.0,2.0,,,2.0,2.0,,97.27,,,
37355,1,77221.0,100.0,17954217.0,9.0,4.49,565.0,,26.5,114207550.0,1.0,,450.0,4.49,80.0,3.0,37355.0,2.0,4.0,4.0,2.0,3.0,,,,,
37359,1,84740.0,100.0,14282670.0,11.0,2.62,,1996.0,,111843392.0,2.0,5.0,780.0,2.62,150.0,5.0,37359.0,3.0,,2.0,3.0,6.0,2013.0,124.4,,9.0,
37379,1,12876.0,,18625350.0,0.0,0.99,300.0,,4.13,117138082.0,,,300.0,0.99,85.0,1.0,37379.0,3.0,,,3.0,4.0,,395.0,,,
37412,12,57730.0,136.84,115678.0,5.5,2.38,560.0,1961.0,5.36,115440349.0,1.0,2.0,389.625,2.38,65.8,2.0,37412.0,3.0,1.5,2.5,3.0,3.0,2016.5,106.8,110.0,4.0,
37431,13,53994.0,108.0,15486878.0,6.0,1.85,400.0,1972.0,5.69,116024238.0,1.0,3.0,300.0,1.85,52.3,1.0,37431.0,3.0,1.0,2.0,3.0,2.0,2020.0,126.3,65.405,3.0,
37434,2,26139.5,162.0,3055611.5,15.5,0.26,659.5,,,116998951.0,,,497.5,0.26,90.0,3.5,37434.0,4.0,1.0,2.0,4.0,4.0,,,,,
37441,8,41994.5,120.0,16831167.5,7.0,2.46,375.0,1990.0,6.07,115840690.0,1.0,4.5,240.0,2.46,45.5,1.0,37441.0,2.0,1.0,2.0,2.0,1.5,2019.0,88.25,110.0,,
37444,1,55214.0,180.0,15486878.0,8.0,3.02,530.0,,8.16,115991618.0,1.0,,350.0,3.02,77.0,2.0,37444.0,4.0,,,4.0,3.0,,,,,
37445,8,71747.0,150.0,362451.0,7.0,2.85,385.0,1968.0,2.9,113165868.5,1.0,2.0,250.0,2.85,51.0,1.0,37445.0,2.0,1.0,2.0,2.0,2.0,2019.0,153.39999999999998,85.0,,
37449,1,59028.0,80.0,525354.0,3.0,3.64,500.0,1970.0,12.27,115754428.0,,2.0,370.0,3.64,53.0,2.0,37449.0,3.0,1.0,2.0,3.0,2.0,2019.0,,50.0,,
37520,17,48631.0,120.0,511164.0,8.0,2.78,575.0,1960.0,7.51,116382125.0,1.0,2.0,351.84,2.78,67.64,2.0,37520.0,3.0,2.0,2.5,3.0,3.0,2011.0,134.5,55.63,385.0,
37539,1,16275.0,200.0,17968973.0,14.0,2.68,595.0,,,117116683.0,,,395.0,2.68,112.0,2.0,37539.0,4.0,2.0,2.0,4.0,5.0,2017.0,,,,
37547,3,37484.0,105.0,281377.0,8.0,1.36,425.0,1957.0,,116805244.0,,2.0,320.0,1.36,48.26,2.0,37547.0,2.0,1.0,2.0,2.0,2.0,2020.0,197.9,35.0,103.0,
37574,35,39857.0,110.0,417688.0,7.0,2.89,470.0,1970.0,8.41,83797808.0,1.0,2.0,357.62,2.89,65.91,2.0,37574.0,2.0,1.0,3.0,2.0,3.0,2017.0,169.0,81.5,701000100.0,
37581,31,63812.0,75.0,2383944.0,12.0,2.18,440.0,1965.0,7.76,113606528.0,,2.0,320.0,2.18,57.21,2.0,37581.0,2.0,1.0,2.0,2.0,2.0,2019.5,147.0,75.0,,
37586,4,34333.5,92.0,2964916.5,6.0,3.17,522.5,1983.5,4.38,96062915.0,1.0,4.0,320.5,3.17,63.585,1.5,37586.0,2.25,1.0,1.0,2.0,2.5,2020.0,132.1,105.0,705500600.0,
37589,1,29709.0,280.0,16692815.0,5.0,1.72,775.0,1795.0,,116961971.0,1.0,1.0,495.0,1.72,90.0,3.0,37589.0,3.0,1.0,3.0,3.0,4.0,2020.0,,,,
37603,51,46463.0,75.5,14025078.0,5.0,2.94,385.0,1969.0,-1.07,116454209.0,1.0,2.0,260.0,2.94,48.66,1.0,37603.0,2.0,1.0,3.0,2.0,2.0,2020.0,154.3,70.0,,
37619,3,54843.0,110.0,14519200.0,7.0,2.64,455.0,1986.0,-1.86,116016268.0,1.0,4.0,320.0,2.64,57.0,2.0,37619.0,2.0,1.0,2.0,2.0,2.0,2014.0,215.9,77.5,,
37627,8,68097.5,150.0,16989608.0,7.5,3.14,468.0,1966.5,1.4,115141097.5,1.0,2.0,325.0,3.14,77.5,2.0,37627.0,3.5,2.0,3.0,3.5,3.0,2016.5,184.8,48.5,,
37632,3,42537.0,65.0,14025078.0,2.0,2.78,350.0,1964.0,-3.58,116639872.0,,2.0,220.0,2.78,46.99,1.0,37632.0,2.0,1.0,1.0,2.0,2.0,,210.3,65.0,,
37639,5,59522.0,75.0,14025078.0,2.0,2.67,451.0,1969.5,0.01,115725141.0,,2.5,306.0,2.67,54.43,2.0,37639.0,2.0,1.0,3.0,2.0,2.0,,119.39,75.0,,
37671,14,46412.5,100.0,14695611.5,6.0,3.82,535.0,1968.0,8.93,116128351.0,1.0,2.0,372.5,3.82,72.11,2.0,37671.0,3.0,1.0,2.0,3.0,3.0,2018.0,144.1,75.0,,
37688,9,70559.0,150.0,14025078.0,5.0,2.91,400.0,1942.0,5.91,114990477.0,1.0,1.0,350.0,2.91,67.76,2.0,37688.0,3.0,1.0,2.0,3.0,3.0,2019.5,145.0,65.0,,
37691,2,20007.0,95.0,14025078.0,1.0,2.17,407.5,1972.5,1.91,117077747.0,,3.0,305.0,2.17,64.85499999999999,1.5,37691.0,2.5,1.0,2.0,2.5,2.5,,122.15,80.0,,
37697,5,63970.0,70.0,2383944.0,10.0,3.45,320.0,1964.0,,115187240.0,1.0,2.0,250.0,3.45,45.42,1.0,37697.0,3.0,1.0,2.0,3.0,2.0,2019.0,116.55000000000001,100.0,,
38100,44,35229.5,177.0,15937642.0,11.0,0.55,1063.5,1971.0,3.87,116770607.0,1.0,3.0,806.15,0.55,87.675,5.5,38100.0,3.0,2.0,4.0,3.0,4.0,2018.0,103.7,100.0,4.0,
38102,23,39995.0,125.0,14277916.0,8.0,0.65,750.0,1906.0,3.49,116098938.0,1.0,1.0,695.0,0.65,78.0,5.0,38102.0,3.0,2.0,4.0,3.0,3.0,2014.0,100.30000000000001,100.0,21.5,
38104,17,13148.0,140.0,16533424.0,9.0,0.32,857.5,1969.5,3.63,111719264.0,1.0,2.5,740.0,0.0,83.0,5.0,38104.0,3.0,1.0,3.0,3.0,4.0,2017.0,125.44999999999999,100.0,36.0,
38106,30,26661.0,120.0,15402659.0,8.0,0.6,757.075,1954.0,4.19,116417998.5,1.0,2.0,599.5,0.595,69.175,4.0,38106.0,3.0,2.0,4.0,3.0,3.0,2019.0,110.7,70.0,2.0,80700.0
38108,8,42930.5,195.0,15813127.0,11.0,0.0,940.0,1975.5,2.56,115246130.0,1.0,3.5,730.0,0.0,87.0,5.0,38108.0,2.5,1.0,2.0,2.0,4.0,2019.0,125.0,88.0,,
38110,6,8318.0,80.0,16779162.0,11.0,-0.065,674.8050000000001,1963.0,2.015,115587100.5,0.5,2.0,482.0,-0.065,67.13,3.5,38110.0,2.5,2.0,2.0,2.5,3.0,2020.0,115.0,90.0,,
38112,20,23122.0,157.0,16483054.0,13.0,0.0,735.0,1974.0,2.61,116644474.0,1.0,3.0,587.5,0.0,71.0,4.0,38112.0,3.0,1.0,2.5,3.0,3.0,2020.0,101.0,95.0,1.5,
38114,26,31731.5,145.0,10082077.0,8.5,0.59,917.26,1956.0,3.7,116705254.0,1.0,2.0,700.0,0.59,71.975,5.0,38114.0,3.0,2.0,4.0,3.0,3.0,2016.0,84.4,68.0,1111.0,
38116,6,28712.5,194.0,18617233.0,12.0,0.0,996.0,1975.0,2.57,116969810.5,1.0,4.5,777.0,0.0,93.5,5.0,38116.0,3.25,1.0,2.0,3.0,4.0,,61.5,98.5,,
38118,22,24028.0,155.0,16807835.5,9.0,0.59,752.02,1962.0,3.7,116986248.0,1.0,2.0,610.0,0.59,65.5,4.5,38118.0,3.0,2.0,4.0,3.0,3.0,2015.0,116.8,60.0,1422.5,
38120,41,41724.0,219.0,273519.0,3.0,-0.28,803.8,1975.0,3.47,116640426.0,1.0,3.0,593.94,-0.28,77.08,4.0,38120.0,3.0,2.0,4.0,3.0,3.0,2020.0,120.9,125.0,2065165010.0,80693.0
38122,11,53284.0,205.0,15431366.0,13.0,-0.26,1055.0,1998.0,2.61,114851656.0,2.0,5.0,850.0,-0.265,92.0,6.0,38122.0,3.0,1.0,3.0,3.0,4.0,2020.0,88.5,90.0,3000.5,
38124,11,24323.0,180.0,15420964.0,5.0,0.12,723.03,1969.0,3.05,117015625.0,1.5,2.0,530.03,0.12,63.09,4.0,38124.0,3.0,2.0,3.0,3.0,3.0,2019.0,107.0,70.0,879104989.0,
38126,12,26290.0,120.0,446455.0,5.0,0.13,775.0,1962.0,3.34,116997153.0,1.0,2.0,610.0,0.13,69.455,4.5,38126.0,3.0,1.0,2.0,3.0,3.0,2014.0,98.9,62.5,,
38154,12,40848.5,120.0,16036147.0,10.5,1.58,670.0,2015.0,0.3,116132461.5,1.0,8.5,583.5,1.58,75.0,4.0,38154.0,3.0,1.5,2.0,3.0,3.0,2017.0,50.0,74.5,2.0,
38159,10,28947.0,140.0,17569582.5,8.5,3.61,780.0,2008.0,10.79,116853757.5,1.0,7.0,775.0,3.61,88.265,5.0,38159.0,3.0,1.0,2.0,3.0,4.0,2015.0,111.4,70.0,55.0,
38162,9,50782.0,134.0,17838704.0,8.0,3.85,679.0,1980.0,9.11,116239880.0,1.0,3.0,500.0,3.85,71.52,3.0,38162.0,3.0,2.0,2.0,3.0,3.0,2014.0,101.4,83.0,42336.5,
38165,12,26984.5,130.0,4298950.0,10.0,2.34,850.0,1992.0,0.88,94805262.0,1.0,5.0,670.0,2.34,71.5,5.0,38165.0,2.25,1.0,2.0,2.0,3.0,2015.0,160.7,70.0,37.0,
38170,3,18475.0,115.0,423263.0,8.0,2.0,721.0,1991.0,6.765000000000001,117084726.0,1.0,5.0,450.0,2.0,81.0,3.0,38170.0,2.0,1.0,2.0,2.0,4.0,2019.5,93.5,48.0,6.0,
38173,3,28956.0,85.0,5315473.0,6.0,3.64,435.0,1950.0,7.880000000000001,107727488.0,1.0,1.0,290.0,2.715,48.0,1.0,38173.0,2.0,3.0,3.0,2.0,2.0,,,125.0,,
38176,3,26102.0,180.0,16858320.0,9.0,3.75,680.0,1994.0,11.86,116999450.0,1.0,5.5,500.0,3.75,69.0,3.0,38176.0,3.0,2.0,2.0,3.0,3.0,2020.0,,,,
38179,2,12830.0,75.0,14603872.0,8.5,0.76,1240.0,2003.0,2.17,117177028.0,1.0,6.0,1165.0,0.76,126.5,6.5,38179.0,4.0,1.0,1.0,4.0,5.5,2012.0,,,1862381342.0,
38203,1,36264.0,251.0,5311076.0,10.0,3.87,903.0,1965.0,8.08,116845302.0,,2.0,652.0,3.87,100.19,5.0,38203.0,4.0,3.0,4.0,4.0,4.0,,100.7,,999.0,
38226,94,56607.0,159.5,12264882.0,5.0,1.31,485.5,1944.0,11.98,115272738.5,1.0,1.0,316.0,1.31,58.9,2.0,38226.0,3.0,2.0,3.0,3.0,2.0,2018.5,141.0,50.0,201.0,
38228,10,49014.0,243.5,12264882.0,6.0,1.31,620.5,1972.0,11.98,116331142.5,,3.0,377.0,1.31,73.32,2.0,38228.0,3.0,4.0,4.5,3.0,3.0,,151.5,,14.0,
38229,12,33902.5,179.5,12264882.0,6.0,1.36,490.0,1939.0,16.27,114887697.5,1.0,1.0,304.0,1.36,57.19,2.0,38229.0,3.0,2.0,2.5,3.0,2.0,,189.0,,202.0,
38239,7,24145.0,200.0,16076291.0,14.0,2.18,850.2,1995.0,14.14,117019225.0,1.0,5.0,700.0,2.18,85.0,5.0,38239.0,3.0,1.5,2.0,3.0,4.0,2017.0,72.5,41.5,1153.0,
38259,39,56215.0,100.0,1524127.0,5.0,1.34,460.0,1960.0,10.66,115202587.0,1.0,2.0,315.0,1.34,53.4,2.0,38259.0,2.0,1.0,2.0,2.0,2.0,2015.0,114.0,67.0,2.0,
38266,1,49265.0,80.0,775116.0,10.0,1.31,483.0,,11.98,116360303.0,,,403.0,1.31,62.0,3.0,38266.0,3.0,3.0,4.0,3.0,3.0,2020.0,,,,
38268,3,59114.0,242.0,1924949.0,4.0,3.33,1176.0,2008.5,10.93,112927817.0,1.0,7.0,480.0,3.33,88.13,3.0,38268.0,4.0,1.5,2.5,4.0,4.0,,47.0,65.0,49000.0,
38275,1,66294.0,110.0,775116.0,4.0,1.19,,1996.0,3.42,115399590.0,,5.0,295.0,1.19,47.0,1.0,38275.0,2.0,,0.0,2.0,2.0,,127.2,40.0,,
38277,1,39256.0,180.0,12412795.0,39.0,1.92,,1632.0,,54311558.0,,1.0,690.0,1.92,131.0,5.0,38277.0,3.0,1.0,2.0,3.0,6.0,2013.0,,,,
38300,21,21933.0,150.0,5524374.0,10.0,3.87,735.0,1958.0,8.08,116977739.0,1.0,2.0,650.0,3.87,85.0,5.0,38300.0,3.0,2.0,3.0,3.0,4.0,2018.0,90.41,100.0,1.0,
38302,16,23750.5,150.0,16941557.0,10.0,3.87,740.0,1968.0,8.08,116941982.5,1.0,2.0,590.0,3.87,77.5,4.0,38302.0,3.0,1.0,2.5,3.0,3.0,2020.0,133.05,50.0,0.5,
38304,15,27391.0,180.0,16347109.0,10.0,3.87,620.0,1991.0,8.08,116953486.0,1.5,5.5,730.0,3.87,81.0,5.0,38304.0,3.0,1.0,2.0,3.0,4.0,2019.5,37.3,,,
38315,13,73886.0,178.0,5524374.0,8.0,3.51,967.6,1985.0,6.21,114208437.0,2.0,4.0,447.0,3.51,74.43,3.0,38315.0,3.0,1.5,3.5,3.0,3.0,,144.2,96.0,,
38321,2,18765.5,125.0,17566977.5,8.5,3.14,565.0,1992.0,6.56,117063810.0,1.0,5.0,415.0,3.14,65.5,2.5,38321.0,2.5,1.5,2.0,2.5,3.0,1992.0,77.0,50.0,1.0,
38324,1,14045.0,250.0,17468956.0,11.0,3.64,850.0,1992.0,3.69,93412576.0,1.0,5.0,600.0,3.64,80.0,4.0,38324.0,4.0,3.0,3.0,4.0,3.0,2012.0,,,,
38350,30,46266.5,83.75,16621597.0,10.5,0.16,595.0,1956.5,-2.59,116366919.0,1.0,2.0,462.5,0.16,68.725,3.0,38350.0,3.0,2.0,3.0,3.0,3.0,2018.0,127.955,72.5,3.0,
38364,20,56512.5,89.0,18161839.0,8.5,0.0,474.0,1957.0,-3.46,115720586.5,1.0,2.0,350.0,0.0,67.515,2.0,38364.0,3.0,1.0,2.0,3.0,3.0,2019.0,113.0,68.0,14.0,
38368,16,64826.0,142.0,14924408.5,10.0,1.2,868.0,2018.0,-3.42,115178004.0,1.0,9.0,692.0,1.2,98.435,5.0,38368.0,3.5,2.0,2.0,3.5,4.5,2017.5,110.75,108.0,3.0,
38372,2,54467.0,70.0,13368437.0,9.0,0.0,397.5,1940.0,-2.76,111374047.5,,1.0,285.0,0.0,63.8,1.0,38372.0,2.5,2.0,3.0,2.5,2.5,2012.0,217.6,80.0,,
38373,2,47317.5,150.0,10306478.5,0.0,1.3399999999999999,465.0,2016.0,-8.66,75269846.5,,9.0,315.0,0.51,63.0,2.0,38373.0,3.0,2.0,4.0,3.0,3.0,2016.0,75.2,,,
38379,1,24400.0,160.0,15711698.0,17.0,3.71,540.0,1988.0,,117014307.0,1.0,4.0,380.0,3.71,67.0,2.0,38379.0,3.0,2.0,2.0,3.0,3.0,2020.0,80.9,,,
38381,1,51878.0,,5778684.0,12.0,2.49,,2004.0,,108748787.0,1.0,6.0,900.0,2.49,115.0,6.0,38381.0,4.0,,1.0,4.0,5.0,2018.0,96.8,,,
38387,1,69114.0,80.0,16835871.0,7.0,2.22,240.0,1961.0,,98770336.0,1.0,2.0,160.0,,33.0,1.0,38387.0,1.0,,,1.0,1.0,,,,,
38440,23,35451.0,104.96000000000001,1188795.0,8.0,-0.13,778.5,1958.0,0.79,115277699.0,1.0,2.0,552.0,-0.13,63.0,4.0,38440.0,2.0,2.0,3.0,2.0,3.0,2019.5,144.25,0.0,204.0,
38442,24,22532.5,137.5,15999286.0,13.5,-0.65,980.0,2016.0,0.48,115291728.0,1.0,9.0,1031.88,-0.665,86.955,6.5,38442.0,3.0,1.0,2.0,3.0,3.5,2019.0,63.0,30.0,1.0,
38444,18,54007.0,80.0,18024493.0,8.0,-0.89,630.0,1969.0,1.375,116060993.0,1.0,2.5,550.0,-0.89,56.5,4.0,38444.0,2.0,3.0,4.0,2.0,2.0,2018.0,104.05,3.1,999.0,
38446,21,24541.0,145.0,846606.0,9.0,0.09,1055.0,2019.0,0.8400000000000001,116581322.0,1.0,9.0,928.5,0.09,83.8,6.0,38446.0,3.0,2.0,2.0,3.0,4.0,2015.0,50.7,100.0,1.0,86225.0
38448,25,35463.0,101.9,6027170.0,9.0,-0.24,1051.5,2016.5,0.69,116768822.0,1.0,9.0,851.0,-0.24,68.0,6.0,38448.0,2.0,1.0,2.0,2.0,3.0,2019.0,52.0,25.0,4.5,
38458,7,53704.0,130.0,15693298.0,25.0,1.76,1107.34,2019.0,-0.22,116094494.0,1.0,9.0,837.34,1.76,98.51,6.0,38458.0,3.0,1.0,2.0,3.0,4.0,,36.0,70.0,3.0,
38459,1,8460.0,80.0,18355105.0,13.0,1.2,780.0,,,117284370.0,2.0,,700.0,1.2,97.0,5.0,38459.0,3.0,,,3.0,4.0,2019.0,,,,
38461,1,36075.0,200.0,17307400.0,23.0,2.61,1400.0,1982.0,2.98,116835293.0,,4.0,1200.0,2.61,150.0,7.0,38461.0,4.0,1.0,2.0,4.0,6.0,2018.0,,,,
38462,1,28185.0,120.0,15512701.0,17.0,1.99,,,-0.36,116978068.0,1.0,,575.0,1.99,70.0,4.0,38462.0,2.0,1.0,2.0,2.0,3.0,,,,,
38468,1,34225.0,130.0,12548776.0,11.0,1.75,530.0,,0.49,67618129.0,,,400.0,1.75,65.0,2.0,38468.0,3.0,,,3.0,3.0,,,70.0,2.0,
38470,2,39845.5,145.0,12548776.0,3.5,-0.42,850.0,1980.0,-0.57,92641872.5,,3.0,600.0,-0.42,111.0,4.5,38470.0,4.0,2.0,2.0,4.0,5.0,,,,2.0,
38471,2,18497.5,77.5,17430893.5,6.5,0.51,937.5,2002.5,2.71,117126973.0,1.0,6.5,860.0,0.51,89.0,5.0,38471.0,3.5,2.0,2.0,3.5,3.5,2020.0,,,,
38486,7,44211.0,90.0,17161356.0,8.0,3.24,605.5,1950.0,,112738266.0,1.0,1.5,500.0,4.11,88.0,3.0,38486.0,3.0,1.0,3.0,3.0,4.0,2016.0,131.5,85.0,101.5,
38489,4,74652.0,94.5,12548776.0,6.5,1.77,341.265,1964.0,,112991298.5,1.0,2.0,229.04000000000002,1.77,59.565,1.0,38489.0,2.5,2.0,3.0,2.5,2.5,,95.6,43.05,2.0,
38518,27,48271.0,140.0,16025721.0,8.0,0.63,785.0,1993.0,1.92,115718486.0,1.0,5.0,650.0,0.63,81.0,5.0,38518.0,3.0,1.0,3.0,3.0,4.0,2019.0,100.5,80.0,4020.0,
38524,5,54898.0,165.0,15609051.0,10.0,1.29,1103.2849999999999,2003.0,2.96,114544711.0,1.0,6.0,700.0,1.29,92.0,5.0,38524.0,3.0,1.0,2.0,3.0,4.0,2015.5,63.9,10.0,121.5,
38527,8,41240.5,214.0,16471737.0,10.0,0.54,1260.5,2015.0,1.63,115071685.0,1.0,8.0,1037.5,0.54,125.5,6.5,38527.0,3.5,1.0,2.0,3.5,6.0,2017.0,48.25,,,
38528,1,74599.0,150.0,17514797.0,33.0,-0.28,1450.0,1863.0,2.37,96471536.0,1.0,1.0,1300.0,-0.28,155.0,7.0,38528.0,5.0,1.0,2.0,5.0,7.0,2017.0,,,,
38530,1,27641.0,150.0,17142065.0,8.0,0.0,835.0,1974.0,,107918619.0,1.0,3.0,685.0,0.0,94.0,5.0,38530.0,4.0,1.0,1.0,4.0,4.0,2010.0,,,,
38533,1,11229.0,250.0,16934581.0,7.0,0.0,1069.0,,2.16,117210310.0,,,819.0,0.0,109.0,6.0,38533.0,4.0,1.0,1.0,4.0,5.0,2020.0,130.0,,,
38536,1,15611.0,110.0,18223729.0,1.0,-0.32,660.0,,0.73,117123791.0,1.0,,550.0,-0.32,110.0,4.0,38536.0,4.0,1.0,2.0,4.0,5.0,,,,,
38547,2,41182.0,130.0,5379539.0,8.5,0.63,697.5,1999.0,2.43,116329899.5,1.5,5.0,542.5,0.63,72.0,3.5,38547.0,3.25,1.0,2.0,3.0,3.0,,105.94,50.0,,
38550,4,49676.0,90.0,1027387.0,6.5,0.84,1010.0,1997.0,3.26,115286322.5,1.0,5.5,850.0,0.84,106.00999999999999,5.5,38550.0,4.0,1.0,1.0,4.0,4.5,2017.0,111.85,95.0,4.5,
38551,1,11624.0,140.0,16929455.0,12.0,-0.91,585.0,1992.0,-0.17,117197356.0,1.0,5.0,445.0,-0.91,65.0,3.0,38551.0,3.0,2.0,2.0,3.0,3.0,2018.0,,,,
38557,2,31471.5,85.0,17429525.0,18.5,0.88,920.0,1880.0,1.93,104785867.5,2.0,1.0,835.0,0.88,125.0,5.5,38557.0,3.5,1.0,1.5,3.5,5.0,2017.0,,,,
38640,21,57066.0,120.0,7013973.0,8.0,3.49,547.5,1930.5,7.91,115781994.0,1.0,1.0,450.0,3.49,68.28,3.0,38640.0,3.0,1.5,2.0,3.0,3.0,2019.0,173.75,100.0,248.5,
38642,36,46145.5,117.5,361728.0,8.0,3.49,500.0,1960.0,7.91,115781365.0,1.0,2.0,330.075,3.49,60.04,2.0,38642.0,3.0,1.0,3.0,3.0,2.0,2020.0,118.45,75.0,386.0,
38644,5,41885.0,150.0,17958260.0,9.0,3.49,535.0,1971.0,7.91,116650110.0,1.0,3.0,350.0,3.49,48.0,2.0,38644.0,2.0,1.5,6.0,2.0,2.0,2020.0,135.6,,386.0,
38667,52,46149.0,140.0,15250994.0,10.0,3.31,650.0,1969.0,11.31,115974691.5,1.0,2.0,415.0,3.31,65.525,3.0,38667.0,2.0,1.0,2.0,2.0,3.0,2018.0,130.1,80.0,108.0,
38678,54,46769.5,100.0,3541851.5,8.0,3.4,415.0,1972.5,9.7,114323592.0,1.0,2.5,268.5,3.4,44.5,1.0,38678.0,2.0,1.0,2.5,2.0,2.0,2018.5,130.0,60.0,386.0,
38685,42,39527.5,130.0,199162.0,8.0,2.82,410.0,1970.0,8.62,116498246.5,1.0,2.5,272.0,2.82,57.0,1.0,38685.0,2.5,2.0,4.0,2.0,2.0,2019.0,136.0,60.0,38.0,
38690,7,21290.0,97.5,15287405.0,6.0,3.41,445.0,1964.0,6.54,116677076.0,,2.0,345.0,3.41,62.0,2.0,38690.0,2.0,1.0,2.0,2.0,3.0,2019.0,112.3,72.5,,
38700,10,42033.0,110.0,15448228.0,9.0,3.67,495.0,1969.0,10.81,115050079.0,1.0,2.0,350.0,3.67,57.05,2.0,38700.0,2.0,1.0,3.0,2.0,2.0,2018.0,112.4,60.0,1.0,
38704,8,37897.0,125.0,2250942.0,8.5,2.87,345.0,1955.0,8.74,115608589.5,1.0,2.0,220.0,2.87,43.0,1.0,38704.0,2.0,1.0,3.0,2.0,2.0,2016.0,110.0,50.0,,
38707,2,65021.0,77.5,9046114.5,6.5,2.53,257.5,1967.5,8.48,115233886.5,1.0,2.5,180.0,2.53,43.5,1.0,38707.0,2.0,1.0,,2.0,1.5,,99.75,,,
38723,22,67214.5,118.5,3635869.0,10.5,3.17,501.5,1960.0,10.49,112618064.0,1.0,2.0,388.7,3.17,67.925,2.0,38723.0,3.0,1.0,3.0,3.0,3.0,2018.5,141.1,70.0,20.5,
38729,1,71460.0,80.0,16880461.0,0.0,2.71,380.0,1900.0,,114921965.0,,1.0,300.0,2.71,60.0,1.0,38729.0,2.0,2.0,3.0,2.0,2.0,,,,,
38820,211,57643.0,110.0,4255240.0,7.0,0.75,428.0,1961.0,5.85,114977006.0,1.0,2.0,303.0,0.75,60.0,2.0,38820.0,2.5,2.0,3.0,2.0,2.0,2015.0,98.5,60.0,0.0,
38822,1,79554.0,50.0,18000553.0,8.0,-0.87,279.0,,,113763295.0,,,229.0,-0.87,74.3,1.0,38822.0,2.0,2.0,2.0,2.0,3.0,,,,,
38829,2,54074.5,82.5,15978046.0,1.0,1.31,657.5,2020.0,,116023571.5,1.0,9.0,575.0,1.31,61.75,4.0,38829.0,2.0,,,2.0,2.5,,,,,
38835,1,34559.0,120.0,12596349.0,1.0,0.0,,1995.0,,82945621.0,,5.0,295.3,,62.17,1.0,38835.0,3.0,,,3.0,3.0,,89.9,,,
38838,1,22739.0,150.0,15978046.0,12.0,0.42,500.0,1970.0,6.08,117031038.0,1.0,2.0,350.0,0.42,80.0,2.0,38838.0,2.5,3.0,3.0,2.0,3.0,,108.2,,,
38855,42,37711.5,126.455,12533075.0,8.5,2.01,533.77,1987.0,9.92,116798634.5,1.0,4.0,399.78,2.01,58.53,2.0,38855.0,2.0,2.0,3.0,2.0,2.0,2019.0,96.0,68.29,4711.0,
38871,17,20488.0,88.46,16831482.0,9.0,1.15,459.45,1988.0,6.99,115023334.0,1.0,4.0,340.0,1.15,68.0,2.0,38871.0,3.0,3.0,3.0,3.0,3.0,2018.0,105.45,54.265,3.0,
38875,2,64361.5,80.73,8570039.5,6.5,1.935,397.555,2013.0,7.8,99207063.0,1.0,8.0,344.825,1.95,63.865,2.5,38875.0,2.0,1.0,2.0,2.0,3.0,2013.0,71.0,110.0,,
38889,15,57299.0,71.3,3822739.0,10.0,0.59,446.5,1975.0,4.78,114759105.0,1.0,3.0,310.0,0.59,67.68,2.0,38889.0,3.0,2.0,4.5,3.0,3.0,2018.0,91.265,94.2,,
39104,284,43321.5,137.0,11237528.5,9.0,1.59,568.46,1940.0,11.66,116412223.0,1.0,1.0,426.27,1.59,67.46000000000001,3.0,39104.0,2.0,3.0,5.0,2.0,3.0,2015.0,94.2,70.0,100.0,86788.0
39106,93,47829.0,120.0,3691639.0,8.0,1.36,449.5,1944.0,9.93,116179760.0,1.0,1.0,344.5,1.36,57.3,2.0,39106.0,2.0,2.0,4.0,2.0,2.0,2008.0,132.5,56.55,200.0,
39108,301,51863.0,127.06,5356721.0,9.0,1.36,510.31,1923.0,10.44,115786443.0,1.0,1.0,377.0,1.36,60.95,2.0,39108.0,2.0,2.0,4.0,2.0,2.0,2007.0,106.0,62.0,12.5,
39110,102,52984.0,141.0,146060.0,8.0,0.94,477.0,1925.5,9.87,114896177.0,1.0,1.0,337.5,0.94,57.83,2.0,39110.0,2.0,2.0,4.0,2.0,2.0,2009.0,92.5,55.0,123.0,
39112,355,51078.0,130.965,9878380.0,10.0,1.15,528.0,1916.0,10.47,116062836.0,1.0,1.0,385.0,1.15,64.19,2.0,39112.0,2.0,2.0,4.0,2.0,3.0,2017.0,116.0,75.0,3108.5,
39114,167,51481.0,129.135,588449.0,8.0,0.77,506.96000000000004,1933.0,8.27,116018586.0,1.0,1.0,365.31,0.77,58.07,2.0,39114.0,2.0,1.0,4.0,2.0,2.0,2018.0,98.0,70.28999999999999,12000.0,
39116,46,37468.0,68.3,3520254.0,8.0,1.15,404.35,1918.0,10.47,116620892.5,1.0,1.0,290.775,1.15,50.394999999999996,1.0,39116.0,2.0,2.0,3.0,2.0,2.0,2008.5,128.0,71.04,26.0,
39118,30,42974.5,89.65,15784380.0,8.0,1.2,429.97,1973.0,9.48,116618152.5,1.0,3.0,305.52,1.2,52.25,2.0,39118.0,2.5,3.0,3.0,2.5,2.0,2019.0,85.485,65.0,4711.0,
39120,40,56204.5,92.5,1924949.0,11.0,1.45,493.5,1972.0,12.83,115747530.5,1.0,3.0,332.56,1.45,56.78,2.0,39120.0,3.0,2.0,4.0,3.0,2.0,1997.0,83.24,57.0,7065.0,
39122,106,52297.0,135.0,3691639.0,10.0,0.83,480.0,1930.0,10.95,115523332.5,1.0,1.0,330.88,0.83,59.68,2.0,39122.0,2.0,2.0,3.0,2.0,2.0,2015.0,113.2,80.0,26.0,
39124,194,58598.5,125.0,5375847.5,9.0,1.29,503.44,1974.0,9.46,115706837.0,1.0,3.0,366.0,1.29,61.0,2.0,39124.0,2.5,2.5,3.0,2.5,3.0,2015.0,99.0,62.62,8.0,
39126,36,48197.0,90.42,15784380.0,7.5,1.05,452.5,1976.0,8.3,116397644.5,,3.0,333.5,1.05,56.35,2.0,39126.0,2.0,3.0,3.0,2.0,2.5,2020.0,79.77,48.105000000000004,4711.0,
39128,72,49825.0,84.0,15639834.0,7.0,1.62,456.56,1980.0,11.91,116082999.5,1.0,3.0,319.75,1.62,56.769999999999996,2.0,39128.0,3.0,4.0,5.0,3.0,2.0,2019.0,83.15,56.84,9.0,
39130,111,47787.0,79.96,3520254.0,7.0,2.19,442.08,1986.0,9.09,116412217.0,1.0,4.0,285.35,2.19,61.4,1.0,39130.0,3.0,3.0,5.0,3.0,3.0,2019.0,95.5,73.325,9.0,
39164,11,57879.0,130.0,1183713.0,14.0,1.11,538.0,1996.0,6.06,115805737.0,1.0,5.0,378.0,1.11,77.0,2.0,39164.0,3.0,2.0,3.0,3.0,3.0,2017.5,110.85,120.0,26.0,
39167,9,55756.0,75.0,5563470.0,10.0,1.82,406.0,1993.0,9.01,104144882.0,1.0,5.0,271.15,1.175,49.3,1.0,39167.0,2.0,2.0,3.0,2.0,2.0,2017.5,95.0,69.85,2.0,
39171,7,44527.0,150.0,18177598.0,0.0,1.42,442.0,1970.0,9.43,115666089.0,1.0,2.0,318.6,1.42,60.0,2.0,39171.0,3.0,1.5,3.0,3.0,2.0,2019.5,138.6,,,
39175,11,34069.0,125.0,192851.0,20.0,2.245,500.0,1994.5,8.86,115617221.0,1.0,5.0,400.0,2.49,75.0,2.0,39175.0,2.0,1.0,2.0,2.0,3.0,2013.0,103.0,88.13,2.0,
39179,5,51990.0,105.0,16613914.0,10.0,1.38,571.25,1997.0,8.32,116122566.0,1.0,5.0,471.25,1.38,75.4,3.0,39179.0,3.0,2.0,2.5,3.0,3.0,2007.5,90.95,42.375,,
39218,69,42607.0,60.0,2608444.0,7.0,1.46,463.0,1969.0,5.96,116047163.0,1.0,2.0,311.19,1.46,58.0,2.0,39218.0,2.0,2.0,3.0,2.0,2.0,2000.0,91.4,142.0,13.0,
39221,4,25351.0,167.3,8979804.0,12.5,1.77,607.5,2002.0,7.89,116971710.0,1.0,6.0,432.7,1.77,70.16,3.0,39221.0,2.25,1.0,2.0,2.0,3.0,2017.5,81.0,,50.5,
39236,1,61139.0,170.0,12950088.0,8.0,1.67,595.0,2011.0,,87179891.0,,8.0,425.0,,85.0,3.0,39236.0,3.0,2.0,2.0,3.0,4.0,,138.2,,,
39240,22,45645.5,70.0,369899.0,8.0,1.32,431.0,1965.0,,116420906.0,1.0,2.0,295.75,1.32,59.715,1.0,39240.0,2.0,1.0,2.0,2.0,2.0,,71.45,70.0,49.0,
39245,4,54631.0,173.0,360993.0,18.5,1.12,497.5,1989.5,11.04,115776592.0,,4.5,332.5,1.12,66.54,2.0,39245.0,3.0,1.5,2.0,3.0,3.0,,121.0,,3.5,
39249,4,53754.0,110.0,17857042.5,7.0,0.73,424.0,1994.0,,116056556.0,1.0,5.0,302.0,0.73,61.0,1.5,39249.0,2.25,1.0,3.0,2.0,2.5,2015.0,85.0,60.0,,
39259,6,59176.5,163.0,5311076.0,8.5,1.34,529.0,1955.0,10.66,115739834.0,,2.0,356.0,1.34,65.015,2.0,39259.0,3.0,1.5,2.0,3.0,3.0,2020.0,140.0,,999.0,
39261,8,66064.5,75.45,3520254.0,8.0,1.61,427.49,1976.5,-3.96,115404169.0,1.0,3.0,300.0,1.61,55.585,1.5,39261.0,2.0,1.0,4.0,2.0,2.0,2007.5,90.0,87.52,,
39264,1,70135.0,101.59,17921067.0,5.0,-0.46,460.0,,,115066257.0,,,256.82,-0.46,57.0,1.0,39264.0,3.0,1.0,2.0,3.0,2.0,2019.0,,101.59,,
39279,6,26579.0,106.56,9506513.5,2.0,1.2,338.92,1967.0,,101733073.0,,2.0,260.75,1.2,49.4,1.0,39279.0,2.0,2.0,2.0,2.0,2.0,2019.0,122.7,56.875,,
39288,106,33277.0,98.62,3520254.0,9.0,1.12,480.5,1975.0,4.76,116887915.0,1.0,3.0,340.0,1.12,62.0,2.0,39288.0,3.0,2.0,4.0,3.0,3.0,2017.0,101.9,80.4,2615.0,
39291,15,8050.0,112.22,15276486.0,7.0,0.43,410.0,1970.0,6.3,116061608.0,1.0,2.0,316.02,0.43,50.0,2.0,39291.0,2.0,1.0,3.0,2.0,2.0,2017.0,133.4,80.2,2.0,
39307,22,35136.5,87.0,17055505.0,6.0,1.11,467.15,1950.0,5.9,116420674.0,1.0,1.0,324.15,1.11,58.15,2.0,39307.0,2.0,2.0,3.0,2.0,2.0,2019.0,112.7,66.0,2.5,
39317,3,67003.0,62.22,16843871.0,1.0,2.08,404.43,1992.0,2.02,90022106.0,,5.0,259.25,1.545,51.85,1.0,39317.0,2.0,2.0,4.0,2.0,2.0,,87.0,82.96,2.0,
39326,34,58061.5,126.16499999999999,15303533.0,10.0,1.36,449.95,1982.0,2.67,115104626.0,1.0,4.0,325.0,1.36,57.8,2.0,39326.0,3.0,2.0,3.0,3.0,2.0,2018.0,104.7,60.0,13.0,
39340,25,21188.0,90.0,365727.0,2.0,1.59,467.09000000000003,1983.5,8.68,103410829.0,1.0,3.5,335.0,1.59,58.53,2.0,39340.0,3.0,3.0,4.5,3.0,2.0,2018.0,72.5,72.8,2.0,
39343,5,25394.0,85.0,16535065.0,11.0,2.085,517.5,1992.0,7.35,112523856.0,1.0,5.0,340.0,2.0,72.0,2.0,39343.0,3.0,1.5,2.0,3.0,3.0,2017.0,103.5,42.5,,
39345,1,46799.0,80.0,15481197.0,3.0,1.59,320.0,1989.0,8.68,102825076.0,,4.0,240.0,1.59,41.0,1.0,39345.0,2.0,1.0,2.0,2.0,2.0,,,,,
39356,5,62473.0,95.0,14419096.0,9.0,0.73,492.5,1898.0,,115237937.0,1.0,1.0,370.0,0.73,74.0,2.0,39356.0,3.0,1.0,2.0,3.0,3.0,2017.0,129.0,,0.0,
39365,15,74321.0,81.0,15338800.0,8.0,1.99,427.0,1960.0,3.89,114138852.0,1.0,2.0,317.5,1.99,65.0,2.0,39365.0,3.0,1.5,4.0,3.0,3.0,2018.0,147.6,82.145,5.0,
39387,108,53588.0,67.5,15697938.0,6.0,0.74,424.0,1979.0,4.31,115303035.0,1.0,3.0,287.0,0.74,59.88,1.0,39387.0,3.0,3.0,3.0,3.0,2.0,2017.5,105.3,72.0,1.0,
39393,4,78464.5,75.0,693968.5,2.5,0.0,395.0,1955.0,,110328631.5,0.5,2.0,315.105,0.0,63.875,2.0,39393.0,3.0,1.5,1.5,3.0,3.0,2017.0,105.9,80.0,,
39397,8,52934.5,110.0,9465681.5,10.5,0.2,485.0,1940.0,7.17,115566728.0,1.5,1.5,345.0,0.2,75.0,2.0,39397.0,3.0,1.0,2.0,3.0,3.0,2019.5,152.5,,,
39418,10,72944.0,134.0,16849901.0,9.0,1.56,427.5,1927.5,,114447334.0,,1.0,297.5,1.56,71.0,1.0,39418.0,3.0,2.0,3.0,3.0,3.0,2019.0,151.5,80.0,5.0,
39435,5,78671.0,120.0,16512706.0,18.0,0.77,507.4,1932.5,,112949903.0,1.0,3.0,345.6,0.77,68.91,2.0,39435.0,2.0,2.0,3.0,2.0,3.0,2012.0,119.1,60.0,12.5,
39439,3,74412.0,,5778684.0,7.0,1.82,,1920.0,,109101057.0,0.0,1.0,240.0,1.82,50.0,1.0,39439.0,2.0,,,2.0,2.0,2000.0,105.6,,,
39443,2,24087.0,48.5,9737202.5,8.5,2.16,410.0,1929.0,,117022698.5,,2.0,296.5,2.16,64.5,1.5,39443.0,3.0,1.0,2.5,3.0,2.5,2013.0,105.0,130.0,1.0,
39444,3,76374.0,120.0,18500931.0,8.0,0.8,453.4,1876.0,-4.63,114344298.0,1.0,1.0,293.4,0.8,58.89,1.0,39444.0,2.0,1.0,2.0,2.0,2.0,2014.0,115.9,50.0,1.0,
39448,3,52585.0,125.0,17887292.0,10.0,0.0,330.0,1910.0,,116151739.0,1.0,1.0,205.0,0.0,41.0,1.0,39448.0,2.0,2.5,3.0,2.0,2.0,,193.0,62.5,1.0,
39517,3,51522.0,95.0,15805666.0,8.0,2.78,507.5,1907.0,3.05,115947773.0,,1.0,330.0,2.78,66.17,2.0,39517.0,2.0,1.0,2.0,2.0,3.0,2018.0,163.0,,,
39524,2,60972.5,92.5,16223084.0,6.5,-0.16500000000000004,400.0,1857.5,,94096459.0,1.0,1.5,275.0,-0.16500000000000004,73.0,1.5,39524.0,3.0,1.5,2.0,3.0,3.0,2003.5,,65.0,,
39539,15,55812.0,75.0,16999720.0,8.0,1.9,385.0,1970.0,5.74,113176080.0,1.0,2.0,260.0,1.9,60.0,1.0,39539.0,3.0,2.0,4.0,3.0,2.0,2018.5,89.0,75.0,1.0,
39576,173,57106.0,87.5,12548776.0,6.0,2.28,457.7,1980.5,3.75,114529298.0,1.0,3.5,325.0,2.28,62.78,2.0,39576.0,2.0,2.0,3.0,2.0,3.0,2018.0,109.0,65.0,2.0,
39577,1,47535.0,55.0,15805666.0,7.0,2.28,380.0,,3.75,67540485.0,1.0,,270.0,2.28,50.56,1.0,39577.0,2.0,1.0,3.0,2.0,2.0,,,55.0,,
39590,12,43593.5,85.0,16536088.0,7.0,3.05,492.5,1987.0,2.27,115939010.5,1.0,4.0,348.5,3.05,64.0,2.0,39590.0,2.0,1.0,2.0,2.0,3.0,2020.0,92.0,66.0,3.0,
39596,6,49657.0,91.85,15805666.0,8.0,1.9,489.85,1930.0,2.245,115145959.0,1.0,1.0,333.0,1.9,70.5,2.0,39596.0,2.5,1.0,2.0,2.5,3.0,2019.0,,70.0,,
39606,6,71369.0,90.06,9662960.0,6.5,1.89,491.4,1985.0,2.12,114933601.0,1.0,4.0,317.75,1.89,79.9,2.0,39606.0,3.5,4.0,4.0,3.5,3.0,,138.0,100.0,400.0,
39615,4,50368.5,50.0,15853992.0,12.0,2.33,299.0,1944.5,,88362286.5,1.0,2.5,256.5,2.33,41.0,1.0,39615.0,2.0,1.0,3.0,2.0,1.5,,109.95,65.0,5533.0,
39619,5,66411.0,96.0,17081861.0,12.0,2.27,470.0,1913.0,,113691098.0,1.0,1.5,250.0,2.27,56.0,1.0,39619.0,2.0,1.0,1.0,2.0,2.0,2018.5,107.85,135.0,17.0,
39624,17,43640.0,60.0,3520254.0,9.0,1.4,380.0,1970.0,-0.89,114994349.0,1.0,2.0,235.0,1.4,58.6,1.0,39624.0,3.0,2.0,3.0,3.0,2.0,2014.5,98.0,78.74,2.0,
39628,2,58748.5,147.5,384707.0,9.5,,622.5,,,115750375.0,2.0,,475.0,,90.5,3.0,39628.0,3.5,0.0,1.5,3.5,4.0,2019.5,,,10022020.0,
39629,1,77038.0,25.5,15601984.0,7.0,2.04,329.0,1997.0,,89277863.0,1.0,5.0,258.5,,47.0,1.0,39629.0,1.0,0.0,,1.0,2.0,2018.0,149.0,45.0,,
39638,23,65665.0,115.0,12548776.0,7.0,2.44,510.0,1982.0,6.0,112958744.0,1.0,4.0,390.0,2.44,74.2,2.0,39638.0,3.0,1.0,2.0,3.0,3.0,2012.0,127.0,71.66,2.0,
39646,4,43025.5,106.27000000000001,14928412.0,10.0,2.67,600.0,1988.5,7.93,114652628.0,1.0,4.0,455.405,2.67,62.645,3.0,39646.0,3.0,1.5,3.0,3.0,2.5,2018.0,77.44999999999999,26.87,3005.5,
39649,2,62373.5,70.0,486059.0,8.5,2.72,379.89,1961.0,,114847662.5,,2.0,309.89,2.72,58.3,2.0,39649.0,2.25,1.5,2.5,2.0,2.0,,186.0,,2.0,
39685,1,50826.0,170.0,199162.0,8.0,2.82,,1973.0,8.62,116238310.0,,3.0,340.0,2.82,78.0,2.0,39685.0,3.0,3.0,,3.0,3.0,,80.0,,,
40169,1,6582.0,105.0,16312844.0,7.0,3.13,460.0,1971.0,9.38,117306001.0,,3.0,355.0,3.13,55.0,2.0,40169.0,2.0,2.0,2.0,2.0,2.0,,,,,
40210,20,54827.5,150.0,17205536.0,9.0,5.06,1047.5,1960.0,10.4,115433697.5,1.0,2.0,858.75,5.06,75.92,6.0,40210.0,2.0,3.0,5.0,2.0,3.0,2018.5,124.0,90.0,1.5,
40211,42,34844.5,180.0,13346021.5,12.0,5.06,1144.5,1960.0,10.4,116589810.5,1.0,2.0,947.0,5.06,73.61500000000001,6.0,40211.0,2.75,2.0,4.0,2.5,3.0,2019.0,100.18,69.0,2.0,
40212,1,36273.0,300.0,16085277.0,12.0,4.3,1440.0,1960.0,,87823706.0,,2.0,1140.0,,110.0,7.0,40212.0,3.5,3.0,4.0,3.0,5.0,2016.0,130.0,,,
40213,29,32707.0,386.0,15684640.0,15.0,5.87,2250.0,1990.0,8.78,116883919.0,2.0,4.0,1900.0,5.87,110.5,8.0,40213.0,3.0,3.0,4.0,3.0,5.0,2015.5,77.165,199.5,1.0,60145.0
40215,48,22294.5,165.0,14518769.0,9.0,4.9,1030.0,1960.0,11.0,116869871.0,1.0,2.0,897.5,4.9,71.0,6.0,40215.0,2.0,3.0,5.0,2.0,3.0,2020.0,130.03,72.0,3.0,
40217,18,22352.0,150.0,11871975.0,9.5,4.98,1000.0,1962.0,10.5,116749454.0,1.0,2.0,900.0,4.98,71.0,6.0,40217.0,2.0,2.5,5.0,2.0,3.0,2018.0,119.8,60.0,0.5,
40219,37,43698.0,150.0,15591536.0,9.0,4.98,1060.0,1965.0,10.5,115926456.0,1.0,2.0,900.0,4.98,51.0,6.0,40219.0,2.0,2.5,4.5,2.0,2.0,2018.0,142.8,67.5,130.5,
40221,12,19923.5,190.0,11206363.5,9.5,4.1,1160.0,1989.0,8.97,116947885.0,1.0,4.0,960.0,4.1,81.5,6.0,40221.0,2.75,1.0,3.0,2.5,3.5,2018.0,117.6,85.0,,
40223,36,32913.5,165.0,15256164.0,10.0,4.78,947.0,1971.0,9.11,116591295.5,1.0,3.0,799.5,4.78,63.0,5.0,40223.0,2.0,2.0,4.0,2.0,3.0,2016.0,158.0,67.5,61.0,
40225,24,23115.0,170.0,16879296.5,10.0,4.78,1060.5,1962.5,9.11,116517478.5,1.0,2.0,975.0,4.78,72.5,6.0,40225.0,2.0,3.0,5.0,2.0,3.0,2019.0,160.0,55.0,55.0,
40227,53,29557.0,130.0,15614186.0,9.0,5.03,865.0,1956.5,10.57,116713215.0,1.0,2.0,720.0,5.03,62.17,5.0,40227.0,2.0,2.0,5.0,2.0,3.0,2019.0,160.2,51.0,3131.5,
40229,26,18979.0,170.0,5801948.5,12.5,4.46,885.0,1960.0,8.31,117079749.0,1.0,2.0,682.5,4.46,61.0,5.0,40229.0,2.0,2.5,4.0,2.0,2.5,2019.0,123.0,40.0,2.5,
40231,12,18848.5,165.0,16413996.5,9.0,4.44,780.0,1988.5,8.43,116686331.0,1.0,4.5,615.0,4.46,52.0,4.5,40231.0,2.0,1.5,4.0,2.0,2.0,2020.0,145.0,55.0,3.0,
40233,33,14469.0,149.0,15810195.0,9.0,4.91,920.0,1956.0,10.41,116941101.0,1.0,2.0,740.0,4.91,60.0,5.0,40233.0,2.0,2.0,4.0,2.0,2.0,2020.0,168.7,50.0,1.0,
40235,55,21985.0,220.0,15301287.0,10.0,4.91,1370.355,1980.0,10.41,116900980.0,1.0,3.0,1060.0,4.91,83.0,7.0,40235.0,3.0,3.0,4.0,3.0,4.0,2019.0,66.8,71.0,2020.0,
40237,43,37194.0,170.0,5394580.0,10.0,4.38,1206.0,1956.0,9.09,116517123.0,1.0,2.0,1040.0,4.38,72.45,7.0,40237.0,2.0,3.0,5.0,2.0,3.0,2018.0,140.95,75.0,3.0,
40239,31,27483.0,140.0,16438658.0,16.0,4.38,802.5,1958.0,9.09,116958758.0,1.0,2.0,792.0,4.38,71.49,5.0,40239.0,3.0,3.0,5.0,3.0,3.0,2019.0,123.6,80.0,1.0,
40454,1,3181.0,115.0,638714.0,7.0,3.78,500.0,1967.0,8.2,116623758.0,,2.0,385.0,3.78,23.87,2.0,40454.0,1.0,3.0,5.0,1.0,1.0,,179.0,,,
40463,1,30874.0,130.0,17310690.0,14.0,4.42,680.0,,8.78,116945648.0,,,550.0,4.42,43.0,4.0,40463.0,2.0,3.0,3.0,2.0,2.0,,,,,
40467,1,8189.0,250.0,15878666.0,14.0,5.01,1250.0,1974.0,10.26,92230932.0,,3.0,1000.0,5.01,80.0,6.0,40467.0,3.0,4.0,4.0,3.0,3.0,2018.0,,,,
40468,28,32890.0,168.5,15454888.0,11.0,4.42,1017.5,1966.0,8.78,115796169.0,1.0,2.0,786.0,4.42,65.925,5.5,40468.0,2.0,2.0,3.0,2.0,3.0,2018.5,152.14999999999998,70.0,61.0,
40470,27,42638.0,152.5,8926475.0,11.0,4.17,1130.0,1978.0,8.6,116567966.0,1.0,3.0,1071.0,4.17,83.0,7.0,40470.0,3.0,2.0,4.0,3.0,4.0,2019.0,106.3,50.0,735.0,
40472,38,50817.0,180.0,2576046.0,8.0,4.65,954.0,1979.0,8.25,115598481.5,1.0,3.0,762.5,4.65,74.0,5.0,40472.0,3.0,2.0,4.0,3.0,3.0,2013.0,108.0,50.0,13.0,
40474,54,36141.0,315.0,5475668.0,10.5,4.75,1495.0,1973.5,8.72,116822010.0,1.0,3.0,1503.75,4.75,112.50999999999999,7.5,40474.0,3.0,2.0,4.0,3.0,5.0,2019.0,104.1,107.5,1212.0,
40476,45,33668.0,160.0,16091051.0,14.0,5.01,1067.0,1971.0,10.26,116573839.0,1.0,3.0,855.0,5.01,74.59,6.0,40476.0,2.0,3.0,5.0,2.0,3.0,2020.0,141.8,61.0,2.0,
40477,43,23338.0,150.0,15775646.0,12.0,4.77,1277.44,1997.0,9.88,117010679.0,1.0,6.0,985.0,4.77,80.0,6.0,40477.0,2.5,3.0,5.0,2.0,3.0,2019.5,122.0,82.0,1.0,
40479,33,29355.0,150.0,15631237.0,13.0,4.77,1028.95,1956.0,9.88,116893895.0,1.0,2.0,820.0,4.77,80.69,6.0,40479.0,2.5,3.0,5.0,2.0,3.0,2018.0,133.2,85.0,1.0,
40489,37,35455.0,295.0,15306093.0,11.0,3.7,1550.0,1976.5,7.39,116755964.0,1.0,3.0,1350.0,3.7,103.0,7.0,40489.0,3.0,1.0,2.0,3.0,5.0,2018.5,125.8,42.0,17.0,
40545,48,29311.5,205.0,10970351.5,14.0,3.78,1720.0,1954.0,8.2,116837891.5,1.0,2.0,1415.0,3.78,93.5,7.0,40545.0,3.0,2.0,3.5,3.0,4.0,2019.5,128.0,120.0,2.0,
40547,43,32252.0,210.0,7377199.0,12.0,3.78,1372.5,1974.0,8.2,116799445.0,1.0,3.0,1100.0,3.78,82.0,7.0,40547.0,3.0,2.0,4.0,3.0,4.0,2019.5,133.65,80.0,3.0,
40549,50,34328.5,190.0,8926475.0,13.0,4.84,1500.0,2006.0,9.75,116678868.0,1.0,6.5,1150.0,4.84,82.0,7.0,40549.0,2.5,2.0,4.0,2.0,4.0,2015.5,71.0,84.0,501.0,6322.0
40589,22,30520.5,167.5,15292289.5,10.0,4.41,895.0,1963.5,7.99,116486061.5,1.0,2.0,716.85,4.41,70.935,5.0,40589.0,3.0,2.0,3.0,3.0,3.0,2020.0,122.705,60.0,59000.0,
40591,17,22264.0,156.0,16217422.0,19.0,4.58,860.0,1966.0,8.81,116748031.0,1.0,2.0,684.8,4.58,64.0,5.0,40591.0,2.0,1.5,3.0,2.0,3.0,2015.5,130.0,44.0,3.0,
40593,18,30809.0,200.0,10003137.5,9.0,3.65,1000.0,1980.0,8.78,116702499.0,1.0,3.0,830.0,3.65,74.5,6.0,40593.0,2.25,2.0,3.0,2.0,3.0,2020.0,98.0,29.0,10.0,
40595,7,3176.0,154.0,17094509.0,8.0,5.16,1220.5,1969.0,7.6,117351363.0,1.0,2.0,686.0,5.16,67.41,5.0,40595.0,2.5,1.5,4.0,2.0,3.0,,121.25,80.0,,
40597,22,33903.5,172.5,15614186.0,11.0,4.32,1040.0,1992.5,8.04,116398876.0,1.0,4.5,809.5,4.32,78.0,5.5,40597.0,3.0,2.0,4.0,3.0,3.0,2018.0,125.0,78.0,4.0,
40599,23,28683.0,120.0,969913.0,8.0,4.77,614.1,1964.0,7.91,116898525.0,1.0,2.0,485.2,4.77,51.17,3.0,40599.0,2.0,2.0,3.0,2.0,2.0,2018.0,129.9,45.0,1092280794.5,
40625,17,32388.0,170.0,16480048.0,10.0,4.12,1100.0,1964.0,7.62,116289261.0,1.0,2.0,884.0,4.12,80.0,6.0,40625.0,3.0,2.0,3.0,3.0,3.0,2019.0,170.35,80.0,1.0,
40627,28,37869.5,162.5,8926475.0,10.0,4.51,795.0,1972.0,7.57,116219872.5,1.0,3.0,655.0,4.72,69.95,5.0,40627.0,2.0,1.0,3.0,2.0,3.0,2016.0,128.85,59.0,705.0,
40629,30,32120.5,178.5,11798082.0,12.0,3.81,1221.0,1974.5,7.69,116579168.0,1.0,3.0,986.0,3.81,83.5,6.0,40629.0,3.0,2.0,3.0,3.0,4.0,2020.0,106.0,77.0,1.0,
40666,1,12027.0,130.0,18626305.0,10.0,4.02,700.0,,9.9,117185658.0,1.0,,570.0,4.02,60.0,4.0,40666.0,2.0,2.0,2.0,2.0,2.0,,,,,
40667,47,40401.0,200.0,14158818.0,13.0,4.02,1180.0,1979.0,9.9,116675232.0,1.0,3.0,930.0,4.02,85.0,6.0,40667.0,3.0,1.0,2.0,3.0,4.0,2018.0,122.15,46.0,2.0,
40668,12,42976.5,222.5,17372758.0,10.5,4.02,918.0,1969.0,9.9,116469243.0,1.0,2.5,745.5,4.02,77.0,5.0,40668.0,3.0,1.0,2.0,3.0,3.0,2018.0,136.05,40.0,100.0,
40669,1,85032.0,200.0,5450708.0,31.0,3.94,1300.0,1914.0,10.23,111674579.0,1.0,1.0,900.0,3.94,83.0,6.0,40669.0,3.0,1.0,3.0,3.0,4.0,2019.0,60.5,,,
40670,10,31148.0,170.0,17189601.5,12.5,4.02,934.5,1974.0,9.9,116760386.5,1.0,2.5,754.5,4.02,76.5,5.0,40670.0,2.5,2.0,2.0,2.5,3.0,2017.0,166.7,69.0,1.5,
40689,1,75902.0,280.0,455248.0,16.0,3.5,1640.0,2019.0,7.63,114420761.0,1.0,9.0,1300.0,3.5,103.61,7.0,40689.0,3.0,1.0,2.0,3.0,5.0,,18.0,,,
40699,22,21458.0,150.0,15889015.0,12.0,3.94,750.0,1982.0,10.23,117009098.0,1.0,4.0,616.0,3.94,69.25,4.5,40699.0,3.0,2.0,3.0,3.0,3.0,2016.0,136.5,70.0,7.0,
40721,15,13928.0,144.0,3483539.0,11.0,4.0,740.0,1973.0,10.27,117047836.0,1.0,3.0,750.0,4.0,77.0,5.0,40721.0,3.0,2.0,3.0,3.0,3.0,2018.0,133.8,42.0,2.0,
40723,10,31818.0,187.5,16672875.0,12.5,4.0,915.2,1968.0,10.27,116797129.0,1.0,2.0,737.7,4.0,76.0,5.0,40723.0,3.0,2.0,3.0,3.0,3.0,2013.5,110.7,73.0,2.0,
40724,19,29637.0,170.0,5303760.0,9.0,4.0,956.0,1974.0,10.27,116610553.0,1.0,3.0,730.0,4.0,75.0,5.0,40724.0,3.0,2.0,3.0,3.0,3.0,2016.5,125.7,65.0,5.0,
40764,31,35500.0,200.0,5303760.0,8.0,4.29,1245.0,1978.5,10.63,116737077.0,1.0,3.0,1040.0,4.29,90.0,7.0,40764.0,3.0,2.0,2.0,3.0,4.0,2019.0,102.45,50.0,9.5,
40789,25,16702.0,145.0,17094509.0,9.0,4.62,974.0,1971.0,9.84,117053125.0,1.0,3.0,631.8,4.62,75.0,5.0,40789.0,3.0,2.0,3.0,3.0,3.0,2020.0,121.42,70.0,,
40809,1,19977.0,155.0,16587929.0,10.0,3.0,750.0,,7.89,117065245.0,1.0,,595.0,3.0,59.0,4.0,40809.0,2.0,2.0,3.0,2.0,2.0,,,,,
40822,25,35418.0,160.0,13058076.0,8.0,4.1,747.5,1974.0,9.49,116410795.0,1.0,3.0,615.0,4.1,65.0,5.0,40822.0,3.0,1.0,3.0,3.0,3.0,2018.0,105.7,97.81,3.0,
40877,1,36594.0,290.0,15934445.0,11.0,3.94,1682.0,,10.54,116835884.0,,,1392.0,3.94,153.0,7.0,40877.0,4.0,3.0,3.0,4.0,7.0,,,,,
40878,29,30275.0,170.0,3733639.0,10.0,3.94,1100.0,1971.5,10.54,116359640.0,1.0,2.5,770.0,3.94,80.0,5.0,40878.0,3.0,2.0,3.0,3.0,3.0,2019.5,125.6,80.0,1.0,
40880,14,27840.0,155.0,321773.0,11.0,3.94,834.88,1970.0,10.54,116955707.0,1.0,2.0,594.44,3.94,71.5,4.0,40880.0,3.0,1.0,7.0,3.0,3.0,2020.0,139.8,85.0,2505.5,
40882,13,21710.0,140.0,18154200.0,13.0,3.94,765.0,1973.0,10.54,116944525.0,1.0,3.0,590.0,3.94,65.0,4.0,40882.0,2.0,1.0,2.0,2.0,3.0,2018.0,148.5,52.0,1.0,
40883,10,37009.5,235.5,8144397.0,10.5,3.94,1170.0,1975.0,10.54,116067458.5,1.0,3.0,912.5,3.94,93.545,6.0,40883.0,3.0,1.0,2.0,3.0,4.0,2017.0,127.35,40.0,2.0,
40885,17,9527.0,150.0,15712832.0,12.0,3.94,830.0,1973.0,10.54,116890227.0,1.0,3.0,690.0,3.94,82.0,5.0,40885.0,3.0,2.0,2.0,3.0,4.0,2018.5,132.8,90.0,1.5,
4102,2,39016.0,110.0,4334786.0,11.5,4.68,634.0,,17.94,116767662.5,,,489.0,4.68,67.725,3.0,4102.0,3.0,8.0,14.0,3.0,3.0,,,70.0,,
4103,202,54865.5,160.565,5436764.0,11.0,4.68,876.0,1996.0,17.3,115536169.5,1.0,5.0,702.0,4.68,71.58,5.0,4103.0,3.0,3.0,5.0,3.0,3.0,2014.0,75.0,62.0,1.0,89886.0
4105,184,52070.5,160.0,8489424.5,11.0,4.33,814.0,1905.0,16.18,115538689.5,1.0,1.0,670.0,4.17,76.075,5.0,4105.0,2.0,3.0,4.0,2.0,3.0,2014.5,93.9,77.11500000000001,5.0,
41061,53,35570.0,150.0,5303479.0,9.0,3.53,622.0,1960.0,7.82,116146968.0,1.0,2.0,490.0,3.53,61.5,3.0,41061.0,2.0,3.0,4.0,2.0,3.0,2018.5,147.0,80.0,55.0,
41063,29,30298.0,160.0,6791473.0,12.0,3.5,700.0,1965.5,9.23,116361992.0,1.0,2.0,550.0,3.5,75.3,4.0,41063.0,3.0,2.0,3.0,3.0,3.0,2018.0,156.7,70.0,,
41065,22,38265.5,104.5,1945602.0,8.5,3.39,579.85,1990.5,8.38,116294809.0,1.0,4.5,325.2,3.39,46.0,2.0,41065.0,2.0,1.0,3.0,2.0,2.0,2018.0,165.0,94.0,1000.0,
41066,12,50391.0,170.0,13941385.0,11.5,2.92,640.0,1987.5,8.375,115825997.5,1.0,4.0,462.5,2.92,77.0,3.0,41066.0,3.0,1.5,3.0,3.0,3.0,2019.0,122.0,65.0,1000.0,
41068,17,20273.0,125.0,11043278.0,10.0,3.28,745.655,1972.0,8.94,116643164.0,1.0,3.0,568.33,3.28,79.0,4.0,41068.0,3.0,2.0,3.0,3.0,3.0,2020.0,113.1,91.4,11.0,
41069,14,44740.5,142.5,15361036.0,9.0,3.38,610.0,1972.0,8.39,114539565.0,1.0,3.0,399.5,3.5,61.0,2.0,41069.0,2.0,1.5,3.0,2.0,2.5,2020.0,140.5,72.5,1158.5,
4107,80,41917.0,150.0,8619414.0,10.0,4.36,800.1949999999999,1972.0,16.77,116002239.5,1.0,3.0,669.5,4.36,70.1,5.0,4107.0,2.5,3.0,5.0,2.5,3.0,2016.0,72.4,57.5,1.0,
4108,1,43827.0,120.0,15245573.0,22.0,3.43,560.0,1914.0,15.34,116576262.0,,1.0,440.0,3.43,80.0,3.0,4108.0,3.0,,,3.0,3.0,2019.0,126.0,,,
4109,205,54729.0,183.04500000000002,5408770.0,13.0,4.23,999.0,1994.0,16.06,115202771.0,1.0,5.0,830.0,4.23,77.09,6.0,4109.0,2.0,3.0,5.0,2.0,3.0,2016.0,77.0,76.53999999999999,1.0,
41169,5,18211.0,137.0,17094509.0,11.0,3.13,718.0,1971.0,9.38,117087830.0,1.0,2.5,429.0,3.13,60.0,3.0,41169.0,2.0,1.0,4.0,2.0,2.0,2020.0,149.85,62.0,,
41179,15,29482.0,175.0,5765789.0,12.0,3.25,800.0,1974.0,9.18,116567377.0,1.0,3.0,550.0,3.25,78.0,4.0,41179.0,3.0,1.0,2.0,3.0,3.0,2019.0,135.7,80.0,10.0,
41189,8,18163.0,160.0,16662006.0,4.5,2.81,617.5,1971.0,10.29,117091275.5,1.0,3.0,422.0,2.81,64.5,3.0,41189.0,2.25,2.0,2.0,2.0,3.0,,181.0,110.0,,
41199,29,33262.0,180.0,16656327.0,11.0,2.9,700.0,1970.0,8.3,116850990.0,1.0,2.5,482.0,2.9,72.0,3.0,41199.0,3.0,2.0,3.0,3.0,3.0,2018.0,148.15,92.0,18.0,
41236,57,45045.0,150.0,15256164.0,10.0,3.13,691.25,1966.0,8.38,116167703.0,1.0,2.0,495.0,3.13,70.0,3.0,41236.0,3.0,2.0,4.0,3.0,3.0,2018.5,133.9,75.0,7.0,
41238,17,35252.0,140.0,12614032.0,10.0,3.13,729.0,1960.0,8.135,116719643.0,1.0,2.0,550.0,3.13,74.0,4.0,41238.0,3.0,2.0,3.0,3.0,3.0,2016.0,134.8,79.0,,
41239,23,21897.0,140.35,2855812.0,10.0,3.125,670.0,1966.5,9.32,116948671.0,1.0,2.0,470.0,3.12,57.08,3.0,41239.0,2.0,2.0,3.0,2.0,2.0,2016.0,135.55,66.0,18.0,
4129,79,50152.0,140.0,5328352.0,11.0,3.87,599.77,1914.0,15.29,116141214.0,1.0,1.0,463.0,3.87,64.77,3.0,4129.0,2.0,2.0,4.0,2.0,3.0,2017.0,96.0,66.5,102.0,
41334,14,41931.5,182.5,996613.0,7.5,2.89,635.0,1995.0,6.44,116391491.0,1.0,5.0,447.5,2.89,70.245,3.0,41334.0,2.25,2.0,2.0,2.0,3.0,2014.0,111.0,80.0,35.0,
41352,20,32706.0,200.0,16176639.0,11.0,3.9,990.0,1985.0,8.89,115385303.5,1.0,4.0,790.0,3.9,93.5,5.0,41352.0,3.0,2.0,2.0,3.0,4.0,2019.0,116.7,100.0,5.0,
41363,10,39544.5,210.0,17045059.5,9.5,3.52,760.0,1989.0,8.43,115965494.0,1.0,4.0,512.9449999999999,3.52,81.5,3.5,41363.0,3.0,2.0,3.0,3.0,3.5,2009.0,111.13,80.0,,
41366,19,50371.0,124.5,1945602.0,11.0,2.56,820.0,2015.0,5.0,116294918.0,1.0,8.0,360.0,2.56,49.0,2.0,41366.0,2.0,1.0,2.0,2.0,2.0,2019.0,141.5,,1000.0,
41372,4,47246.0,150.0,4908471.0,6.0,2.69,708.5,1975.0,7.47,116342239.0,1.0,3.0,541.0,2.69,69.0,4.0,41372.0,2.0,0.0,2.0,2.0,2.5,2020.0,135.0,,,
41379,8,15867.5,158.0,1322370.0,9.0,3.17,759.5,1996.5,7.57,116216200.5,1.0,6.0,656.5,3.17,77.0,5.0,41379.0,2.5,1.0,2.0,2.5,3.5,2015.0,130.35,,1.0,
41452,1,12762.0,220.0,391587.0,14.0,3.85,1050.0,2017.0,8.75,101479813.0,1.0,9.0,830.0,3.85,90.0,6.0,41452.0,3.0,2.0,2.0,3.0,4.0,2017.0,38.1,,,
41460,33,32735.0,160.0,6908172.0,12.0,4.07,934.395,1974.0,9.38,116269428.0,1.0,3.0,690.0,4.07,70.6,5.0,41460.0,2.0,2.0,4.0,2.0,3.0,2019.0,122.2,74.0,3.0,
41462,30,42566.5,139.0,15645816.0,11.0,4.07,711.5,1967.0,9.38,115833753.0,1.0,2.0,560.0,4.07,60.915,4.0,41462.0,2.0,2.0,3.0,2.0,2.5,2016.0,125.7,63.0,10.0,
41464,22,27043.5,150.0,14942565.0,11.0,4.07,800.0,1967.0,9.38,116866384.5,1.0,2.0,632.5,4.07,71.0,5.0,41464.0,2.25,2.0,3.0,2.0,3.0,2019.0,122.0,85.0,903.0,
41466,8,9367.5,161.0,147251.5,23.0,4.07,843.0,1965.0,9.38,117236753.5,1.0,2.0,639.0,4.07,67.22,5.0,41466.0,3.0,1.0,3.0,3.0,3.0,2019.0,88.0,54.0,1.0,
41468,12,43387.5,196.0,15488304.0,11.5,4.07,924.5,1971.0,9.38,115804226.0,1.5,2.5,687.5,4.07,80.95,5.0,41468.0,3.0,2.0,3.0,3.0,3.0,2019.0,70.5,80.0,,
41469,5,30653.0,160.0,14986101.0,9.0,4.07,723.23,1974.0,9.38,112245005.0,1.0,3.0,620.0,4.07,59.0,5.0,41469.0,2.0,2.0,2.5,2.0,2.0,2019.5,236.4,,,
41470,3,14460.0,140.0,15694394.0,8.0,4.07,914.5,1980.0,9.38,117146666.0,1.0,3.0,629.0,4.07,79.0,5.0,41470.0,3.0,1.0,3.0,3.0,3.0,,68.5,65.0,,
41472,5,16192.0,160.0,2576046.0,15.0,4.07,760.0,1981.0,9.38,117117018.0,,4.0,530.0,4.07,72.0,4.0,41472.0,3.0,2.0,7.0,3.0,3.0,,144.0,87.5,6001.0,
41515,27,27331.0,150.0,12200475.0,8.0,3.7,722.69,1980.5,7.68,115758691.0,1.0,3.5,570.0,3.7,77.0,4.0,41515.0,3.0,2.0,3.0,3.0,3.0,2019.0,118.5,95.0,415.0,
41516,5,28502.0,150.0,18107544.0,19.0,3.7,720.0,1965.0,7.68,116607781.0,1.0,2.0,570.0,3.7,79.0,4.0,41516.0,3.0,1.0,2.0,3.0,3.0,2018.5,136.0,34.0,,
41517,11,32677.0,168.0,15549074.0,4.0,3.7,732.0,1974.0,7.68,116900634.0,1.0,3.0,550.0,3.7,75.12,4.0,41517.0,3.0,1.0,3.0,3.0,3.0,2015.5,126.0,65.0,2356.5,
41539,5,29998.0,160.0,17343703.0,10.0,3.85,860.0,1964.0,8.75,116944372.0,1.0,2.0,690.0,3.85,70.0,5.0,41539.0,3.0,1.0,2.0,3.0,3.0,2020.0,113.34,30.0,,
41540,15,38156.0,200.0,855352.0,8.0,3.85,882.75,1969.0,8.75,115653524.0,1.0,2.0,637.5,3.85,78.0,5.0,41540.0,3.0,2.0,6.5,3.0,3.0,2017.0,154.5,79.2,109.0,
41541,4,29902.5,210.0,15455984.0,10.0,3.85,1000.0,1900.0,8.75,116958449.5,1.0,1.0,795.0,3.85,82.0,5.5,41541.0,2.5,1.0,2.0,2.0,3.5,2019.0,117.3,,,
41542,8,12794.0,165.0,13990475.0,11.5,3.85,780.0,1980.5,8.75,94976670.0,1.0,3.5,600.0,3.85,70.13,4.5,41542.0,3.0,1.5,3.0,3.0,3.0,2019.5,108.0,55.0,1.0,
4155,132,46184.5,132.0,12261078.0,10.0,3.97,649.0,1910.0,15.35,115754271.5,1.0,1.0,500.0,3.97,59.644999999999996,3.0,4155.0,2.0,2.0,4.0,2.0,2.0,2009.5,110.0,56.5,1.0,
41564,17,23745.0,190.0,17022337.0,11.0,3.85,1030.0,1995.0,8.9,116013439.0,1.0,5.0,780.0,3.85,80.0,5.0,41564.0,3.0,1.5,3.0,3.0,3.0,2015.0,46.7,45.0,1.5,
41569,2,10438.0,160.0,12060242.0,10.0,3.785,660.0,1995.0,7.415,80933187.0,1.0,5.0,720.0,3.785,95.0,4.5,41569.0,2.75,1.0,,2.5,4.0,2015.0,128.7,150.0,,
4157,280,49674.5,150.05,5415305.0,12.0,3.89,775.88,1910.0,15.66,115867655.5,1.0,1.0,618.31,3.89,69.25,5.0,4157.0,3.0,2.0,4.0,3.0,3.0,2019.0,95.1,69.5,14.0,
4158,41,50957.0,122.13,1466254.0,9.0,2.97,511.97,1996.0,14.98,115733688.0,1.0,5.0,395.0,2.97,55.0,2.0,4158.0,2.0,2.0,3.0,2.0,2.0,2016.0,85.6,70.0,4711.0,
4159,236,53520.0,127.0,5404942.5,11.0,3.62,537.0,1914.0,15.55,115946840.0,1.0,1.0,405.5,3.62,59.33,3.0,4159.0,2.0,2.0,4.0,2.0,2.0,2019.0,105.6,60.0,1.5,
41646,1,41999.0,125.0,423350.0,8.0,4.07,,1968.0,9.38,116606088.0,,2.0,287.0,4.07,35.0,1.0,41646.0,1.0,0.0,2.0,1.0,1.0,,128.0,,,
41747,46,43610.0,145.0,627673.0,8.0,2.45,595.625,1974.0,6.78,116143742.5,1.0,3.0,414.96000000000004,2.45,64.86,3.0,41747.0,2.0,2.0,3.0,2.0,3.0,2017.0,136.8,67.0,20.0,
41748,46,34579.5,140.0,627673.0,5.5,2.45,569.14,1969.0,6.78,116810277.5,1.0,2.0,406.125,2.45,67.275,3.0,41748.0,2.0,1.0,2.0,2.0,3.0,2018.5,134.445,60.0,1.0,
41749,11,19164.0,180.0,5460103.0,7.0,2.45,846.9300000000001,1997.0,6.78,116760537.0,1.0,5.0,595.0,2.45,86.0,4.0,41749.0,3.0,1.0,3.0,3.0,4.0,2020.0,176.35,87.05,,
41751,22,38194.5,124.0,627673.0,3.0,2.45,558.6,1971.0,6.78,116156893.0,1.0,3.0,368.89,2.45,67.485,2.0,41751.0,2.5,2.0,3.0,2.5,3.0,2019.0,135.2,50.0,700503.0,
4177,182,53971.5,140.0,12623270.0,10.0,4.43,612.5,1910.0,16.19,115676207.0,1.0,1.0,500.0,4.15,62.0,3.0,4177.0,2.0,2.0,4.0,2.0,3.0,2017.5,115.0,70.0,2.0,
4178,50,47305.0,116.0,13842832.5,10.0,2.74,490.0,1940.0,15.82,115521488.0,1.0,1.0,384.5,2.74,55.83,2.0,4178.0,2.0,2.0,3.0,2.0,2.0,2017.0,109.2,56.5,2.0,
4179,149,50009.0,151.12,3186843.0,12.0,3.33,698.0,2000.5,17.27,116234129.0,1.0,5.5,540.0,3.26,65.39,4.0,4179.0,2.0,2.0,4.0,2.0,3.0,2018.0,69.0,70.4,163.0,
41812,24,21660.5,155.0,16717372.0,11.5,3.24,690.0,1990.0,8.81,117036834.5,1.0,4.0,557.5,3.24,71.0,4.0,41812.0,3.0,1.5,2.0,3.0,3.0,2020.0,104.2,50.0,10.0,
41836,25,22956.0,145.0,2758741.0,10.0,3.43,642.52,2015.0,8.59,117011858.0,1.0,8.0,476.77,3.43,66.93,3.0,41836.0,2.5,1.0,3.0,2.0,3.0,2019.0,86.2,70.0,5.0,
41844,21,36990.0,130.0,7362161.0,12.0,2.78,667.5,1974.0,8.07,115830673.0,1.0,3.0,470.0,2.78,79.0,3.0,41844.0,3.0,2.0,3.0,3.0,3.0,2017.0,157.15,110.0,10.0,
41849,12,17775.5,197.5,10045422.5,9.5,3.09,880.0,2014.0,7.81,117025020.0,1.0,8.0,677.895,3.09,85.18,5.0,41849.0,3.0,2.0,2.0,3.0,4.0,2018.0,72.57,65.0,7.5,
4205,154,69725.5,72.25,605967.0,8.0,2.7,442.0,1981.0,16.1,114786312.0,1.0,4.0,318.0,2.7,63.7,2.0,4205.0,3.0,4.0,5.0,3.0,3.0,1998.0,80.8,60.0,1.0,
4207,209,57470.0,61.0,3520254.0,10.0,3.8,490.61,1984.0,14.36,115578210.0,1.0,4.0,343.0,3.8,66.92,2.0,4207.0,2.0,4.0,5.0,2.0,3.0,2015.0,80.0,67.215,1.0,
4209,202,54729.0,81.0,605967.0,11.0,3.1,467.5,1979.0,10.98,115723552.5,1.0,3.0,330.0,3.1,61.86,2.0,4209.0,3.0,4.0,6.0,3.0,3.0,2018.5,83.0,63.0,4711.0,
42103,20,41612.0,123.0,16129086.0,8.5,3.26,577.0,1975.0,8.94,116026168.5,0.0,3.0,454.5,3.26,60.285,3.0,42103.0,2.0,3.0,4.5,2.0,2.0,2019.5,129.0,82.0,1.5,
42105,46,24938.5,120.0,13843039.5,10.0,3.26,568.0,1953.0,8.94,116894000.0,1.0,2.0,382.5,3.26,62.754999999999995,2.0,42105.0,2.0,2.0,4.0,2.0,3.0,2019.0,161.8,60.0,2.0,
42107,41,30239.0,120.0,15564149.0,9.0,3.26,580.0,1959.5,8.94,116012313.0,1.0,2.0,430.0,3.26,63.0,3.0,42107.0,2.0,2.0,4.0,2.0,3.0,2018.0,112.75,55.0,2.0,
42109,13,21529.0,123.19,14867496.0,10.0,2.65,595.5,1961.0,8.37,117046748.0,0.0,2.0,445.0,2.65,67.0,3.0,42109.0,3.0,2.0,3.0,3.0,3.0,2019.0,117.0,60.0,4711.0,
42111,11,33379.0,195.0,15777920.0,12.0,2.65,975.0,1968.0,8.37,116525464.0,1.0,2.0,660.0,2.65,95.0,5.0,42111.0,3.0,0.5,3.0,3.0,4.0,2010.0,142.35,110.0,4.0,
42113,13,20791.0,172.5,15862613.0,10.0,2.65,845.0,1972.0,8.37,116827105.0,1.0,3.0,680.0,2.65,81.0,5.0,42113.0,3.0,1.5,3.0,3.0,4.0,2018.5,110.0,85.0,2.0,
42115,41,41234.0,140.0,5610172.0,11.0,3.24,802.0,1970.0,7.97,116612246.0,1.0,2.0,611.0,3.24,73.0,5.0,42115.0,2.5,1.0,4.0,2.0,3.0,2019.0,114.5,83.5,282.0,
42117,22,28991.0,132.0,15917304.5,10.5,3.24,550.0,1965.0,7.97,116951892.5,1.0,2.0,390.0,3.24,61.5,2.0,42117.0,2.0,1.0,4.0,2.0,2.5,2018.0,163.3,65.5,151.0,
42119,44,43599.0,120.0,15778063.0,9.5,3.26,585.0,1960.0,8.94,115590199.0,1.0,2.0,417.5,3.26,67.0,3.0,42119.0,2.0,2.0,4.0,2.0,3.0,2017.5,129.5,60.0,2.0,
42177,1,29614.0,120.0,16548377.0,7.0,3.26,500.0,1960.0,8.94,116962907.0,,2.0,380.0,3.26,60.0,2.0,42177.0,2.0,2.0,4.0,2.0,2.0,2020.0,,,,
42275,33,39562.0,130.5,5451156.0,7.0,3.08,495.0,1968.0,8.59,116172964.0,0.0,2.0,360.0,3.08,62.0,2.0,42275.0,2.0,2.0,4.0,2.0,3.0,2019.0,139.19,60.0,24.0,
42277,56,35500.0,127.5,15856870.5,7.0,2.88,519.5,1952.0,8.16,116064547.5,0.5,1.5,397.5,2.88,64.85,2.0,42277.0,2.0,2.0,4.0,2.0,3.0,2019.0,149.0,70.0,3.0,
42279,19,53689.0,148.5,17819981.0,7.0,2.88,739.25,1950.0,8.16,114880079.0,1.0,1.0,516.31,2.88,77.22,4.0,42279.0,3.0,1.0,4.0,3.0,3.0,2019.0,123.405,90.0,3.0,
42281,25,44223.0,104.0,5381455.0,9.0,3.08,601.0,1954.0,8.59,116417699.0,1.0,2.0,482.98,3.08,71.0,3.0,42281.0,2.0,2.0,3.0,2.0,3.0,2020.0,132.125,84.0,45.5,
42283,41,44417.0,114.5,1924949.0,9.0,3.08,520.5,1964.0,8.59,116011368.0,1.0,2.0,390.0,3.08,60.0,2.0,42283.0,2.0,2.0,3.5,2.0,2.0,2019.0,138.8,60.0,1052.5,
42285,25,49015.0,100.0,15606749.0,11.0,3.08,524.5,1953.5,8.59,115687860.0,1.0,2.0,350.0,3.08,55.0,2.0,42285.0,2.0,2.0,4.0,2.0,2.0,2019.0,184.9,50.0,1.0,
42287,24,18181.5,137.5,10830581.5,9.5,3.08,525.0,1956.0,8.59,116405556.5,1.0,2.0,390.0,3.08,60.5,2.0,42287.0,2.0,2.0,4.0,2.0,2.5,2019.5,150.29000000000002,85.0,422.0,
42289,38,21734.5,120.0,15750461.0,8.5,2.84,530.5,1960.0,8.5,116878914.0,1.0,2.0,370.0,2.84,60.65,2.0,42289.0,2.0,2.0,3.5,2.0,2.5,2019.0,109.02,64.5,3.5,
4229,264,58928.0,153.5,4331380.5,12.0,4.32,720.0,1930.0,16.42,115389980.5,1.0,1.0,595.0,4.32,70.0,4.0,4229.0,2.0,2.0,4.0,2.0,3.0,2016.0,102.35,67.965,3.0,
42327,21,27335.0,145.0,15949377.0,10.0,2.98,624.7,1975.0,8.83,116399408.0,1.0,3.0,429.0,2.98,68.26,3.0,42327.0,2.0,2.0,4.0,2.0,3.0,2019.5,150.9,80.0,62.5,
42329,8,21816.5,137.5,15766371.5,11.0,2.98,650.0,1949.5,8.83,112683591.0,1.0,2.0,467.5,2.98,69.475,3.0,42329.0,2.5,1.0,2.0,2.5,3.0,2020.0,183.0,80.0,3.0,
42349,33,39401.0,150.0,16333198.0,10.0,2.56,595.0,1970.0,8.25,114877415.0,1.0,2.0,389.0,2.56,75.0,2.0,42349.0,2.0,2.0,2.0,2.0,3.0,2018.0,109.8,82.5,2.0,
42369,21,56729.0,141.0,3520254.0,8.0,2.64,587.7,1972.0,9.67,115401816.0,1.0,3.0,354.7,2.64,70.94,2.0,42369.0,3.0,3.0,5.0,3.0,3.0,2019.0,107.1,92.0,5.0,
42389,42,32867.0,120.0,15691596.5,10.0,2.68,588.145,1955.5,8.06,116689486.5,1.0,2.0,400.61,2.68,60.095,2.5,42389.0,2.0,2.0,3.0,2.0,2.0,2019.0,169.0,60.0,2.5,
42399,1,35928.0,40.0,16992531.0,6.0,1.69,250.0,1988.0,,88793379.0,,4.0,210.0,,25.0,1.0,42399.0,1.0,,,1.0,1.0,,,,,
42477,28,35749.0,111.7,16141627.0,9.0,3.3,560.0,1969.0,9.22,116502881.0,1.0,2.0,415.71,3.3,70.0,3.0,42477.0,3.0,1.0,2.0,3.0,3.0,2017.5,103.4,79.5,33.0,
42489,12,18293.0,150.0,16920117.0,11.0,3.29,785.0,1959.0,7.73,116961668.0,1.0,2.0,635.0,3.29,86.5,5.0,42489.0,3.0,2.0,2.0,3.0,4.0,2018.5,95.8,50.0,512.0,
4249,59,51185.0,130.0,15472388.0,11.0,2.99,555.0,1930.0,13.64,116040977.0,1.0,1.0,411.0,2.99,60.4,3.0,4249.0,2.0,2.0,4.0,2.0,2.0,2019.0,98.8,60.0,3.0,
42499,10,51235.0,155.0,765999.0,11.0,3.06,557.05,1979.0,10.52,116218556.5,1.0,3.0,377.2,3.06,74.5,2.5,42499.0,2.5,1.0,3.0,2.5,3.5,2014.5,127.6,70.0,5601.0,
42549,26,34335.0,120.0,17316370.0,8.0,3.6,585.0,1968.0,7.71,116887438.0,1.0,2.0,380.0,3.6,65.0,2.0,42549.0,2.5,2.0,4.0,2.0,3.0,2017.5,143.6,88.0,20000.0,
42551,12,41521.5,162.5,5786420.0,10.0,3.6,649.5,1960.0,7.71,116503769.5,1.0,2.0,507.0,3.6,67.5,3.5,42551.0,3.0,1.0,3.0,3.0,3.0,2019.0,117.9,100.0,512.0,
42553,11,39169.0,118.0,391486.0,8.0,3.6,694.6,1963.0,7.71,116170979.0,1.0,2.0,495.0,3.6,76.54,3.0,42553.0,3.0,1.0,3.0,3.0,3.0,2019.0,142.0,77.0,2.0,
42555,21,34589.0,130.0,14985532.0,9.0,3.6,610.0,1970.0,7.71,115791898.0,1.0,2.0,450.0,3.6,78.0,3.0,42555.0,3.0,2.0,3.0,3.0,3.0,2019.0,139.0,80.0,2.0,
42579,27,34238.0,126.0,9302774.0,9.0,3.79,613.9,1960.0,8.63,116839832.0,1.0,2.0,450.0,3.79,65.69,3.0,42579.0,3.0,1.0,3.0,3.0,3.0,2020.0,111.5,69.5,2.0,
42651,38,27234.0,130.8,4587257.5,11.5,3.92,770.0,1968.0,10.61,116816047.0,1.0,2.0,550.0,3.92,74.0,4.0,42651.0,3.0,2.0,3.0,3.0,3.0,2019.0,127.85,97.5,1.0,
42653,15,48535.0,120.0,15751654.0,10.0,3.93,585.0,1965.5,10.33,115654585.0,1.0,2.0,430.0,3.93,61.0,3.0,42653.0,2.0,2.0,2.5,2.0,3.0,2016.0,144.25,85.0,,
42655,12,26759.0,114.0,11662262.5,10.5,3.49,727.5,1968.0,10.57,115811010.5,1.0,2.0,507.0,3.63,70.065,3.5,42655.0,3.0,1.0,3.0,3.0,3.0,2016.5,87.0,90.0,2.0,
42657,10,31264.0,130.0,15325224.0,6.5,3.49,630.0,1972.0,10.57,115645892.0,1.0,3.0,495.0,3.49,70.5,3.0,42657.0,2.5,1.0,2.5,2.5,3.0,2018.0,83.2,87.5,1.0,
42659,9,20015.0,150.0,15744092.0,10.0,3.49,605.0,1975.0,10.57,115988004.0,1.0,3.0,485.0,3.49,60.0,3.0,42659.0,2.0,1.0,3.0,2.0,2.0,2017.0,153.5,80.0,1.0,
42697,33,39734.0,180.0,5394580.0,6.0,3.85,1022.685,2015.0,10.88,115856453.0,1.0,8.5,826.07,3.88,80.5,6.0,42697.0,2.5,1.0,3.0,2.0,3.0,2018.0,94.4,67.5,1.0,
42699,11,34866.0,160.0,13034549.0,12.0,3.85,1020.0,1983.0,10.88,116424516.0,1.0,4.0,720.0,3.85,80.0,5.0,42699.0,2.0,2.0,3.0,2.0,3.0,2015.0,120.0,50.0,1.0,
42719,28,51581.5,150.0,15397123.0,12.0,3.77,679.245,1972.0,9.79,115626588.5,1.0,3.0,475.0,3.77,67.34,3.0,42719.0,2.75,2.0,2.0,2.5,3.0,2013.5,125.0,67.5,1.0,
4275,125,46053.0,160.0,1697559.0,11.0,4.24,764.0,1911.0,17.11,116056476.0,1.0,1.0,620.0,4.24,70.81,5.0,4275.0,2.0,2.0,5.0,2.0,3.0,2015.5,82.0,85.0,2.0,
4277,118,45928.5,125.0,4832447.0,9.0,3.87,595.0,1936.0,16.73,115641853.5,1.0,1.0,450.0,3.87,58.955,3.0,4277.0,2.0,2.0,4.0,2.0,2.0,2018.0,89.9,60.0,2.0,
42781,24,23090.5,200.0,15916277.0,9.5,3.79,1005.0,1993.0,9.05,116792723.5,1.0,5.0,775.0,3.79,87.0,5.0,42781.0,3.0,1.0,2.0,3.0,4.0,2019.0,76.44,80.0,1.0,
4279,42,52042.5,123.61500000000001,4871400.0,11.0,3.04,594.5,1936.5,10.13,115657733.0,1.0,1.0,424.48,2.37,58.175,3.0,4279.0,2.0,2.0,4.0,2.0,2.0,2019.0,94.0,50.0,57.0,
42799,9,16817.0,140.0,5267650.0,10.0,3.88,743.08,1976.5,9.59,116761538.0,1.0,3.0,548.08,3.88,63.73,4.0,42799.0,2.0,1.0,2.0,2.0,3.0,2019.0,127.7,120.0,10.0,
42853,39,46647.0,128.39,5446512.0,9.0,2.56,544.5,1959.0,7.84,115919835.0,1.0,2.0,395.0,2.56,61.0,2.0,42853.0,2.0,2.0,4.0,2.0,3.0,2019.0,138.0,68.0,2.0,
42855,20,32655.0,125.0,3128285.0,9.5,2.56,507.5,1958.0,7.84,116877525.0,,2.0,329.73,2.56,61.33,2.0,42855.0,2.25,2.0,3.0,2.0,3.0,2019.0,181.2,80.735,13.0,
42857,27,45278.0,127.05,5354059.0,10.0,2.86,540.03,1959.5,7.15,116352653.0,1.0,2.0,400.0,2.86,71.19,2.0,42857.0,3.0,2.0,3.0,3.0,3.0,2020.0,114.16,65.0,13.0,
42859,24,49647.5,112.94,3685730.5,10.5,2.76,500.0,1960.0,6.83,116223325.0,1.0,2.0,353.77,2.76,58.5,2.0,42859.0,2.0,2.0,3.0,2.0,2.0,2017.0,122.0,48.6,12.5,
4288,26,54826.5,140.0,12299593.0,10.0,2.89,602.0,1989.0,16.35,114681733.5,1.0,4.0,440.0,2.89,62.37,3.0,4288.0,2.25,2.0,3.0,2.0,3.0,2010.0,103.0,61.35,31.0,
4289,33,53077.0,79.0,605967.0,8.0,2.41,468.0,1972.0,15.98,116137117.0,1.0,3.0,354.0,2.41,53.3,2.0,4289.0,2.0,2.0,5.0,2.0,2.0,2019.0,101.5,42.0,931190686.0,
42897,33,47662.0,137.0,15000328.0,9.0,2.34,670.05,1970.0,8.34,115207762.0,1.0,2.0,418.0,2.34,77.1,3.0,42897.0,3.0,2.0,3.0,3.0,3.0,2017.0,114.78,77.5,20.0,
42899,19,25790.0,130.0,15681261.0,9.0,2.21,599.5699999999999,1976.0,7.84,116987061.0,1.0,3.0,390.0,2.21,67.05,2.0,42899.0,3.0,2.0,4.0,3.0,3.0,2019.0,152.6,60.0,444.0,
4292,1,76007.0,75.0,16102366.0,11.0,6.85,375.0,1903.0,,106619446.0,,1.0,300.0,,37.55,1.0,4292.0,1.0,3.0,4.0,1.0,1.0,2019.0,,,31.0,
42929,15,39378.0,165.0,8154075.0,9.0,3.76,853.0,1992.0,7.68,116453083.0,1.0,5.0,487.5,3.76,76.0,3.0,42929.0,3.0,2.0,3.0,3.0,3.0,2016.0,117.0,76.0,5.0,
4299,119,49333.0,144.5,4178540.0,11.0,3.81,631.0,1910.0,15.65,115599831.0,1.0,1.0,475.0,3.81,64.4,3.0,4299.0,2.0,2.0,4.0,2.0,3.0,2015.0,98.0,80.0,5.0,
4315,280,44091.0,153.0,14467637.0,12.0,4.62,685.0,1900.0,17.6,116025385.5,1.0,1.0,525.0,4.54,65.13,4.0,4315.0,2.0,3.0,4.0,2.0,3.0,2020.0,84.9,70.22999999999999,2.0,
4316,23,58352.0,110.0,12295689.0,9.0,2.44,500.0,1995.0,12.71,114011053.0,1.0,5.0,350.0,2.44,53.0,2.0,4316.0,2.0,2.0,4.0,2.0,2.0,2019.5,93.0,54.870000000000005,1.0,
4317,176,47693.0,150.0,5367601.0,12.0,4.33,644.58,1942.5,17.3,115779827.0,1.0,1.0,495.0,4.33,68.25,3.0,4317.0,2.0,2.0,4.0,2.0,3.0,2013.0,71.7,55.0,20.0,
4318,126,44636.0,135.0,4789331.0,10.0,3.91,560.605,1910.0,16.16,116143981.5,1.0,1.0,407.625,3.91,61.370000000000005,3.0,4318.0,3.0,2.0,4.0,3.0,3.0,2016.0,108.0,70.0,1.0,
4319,34,43646.5,125.0,14558221.0,11.0,2.62,487.1,1929.0,12.96,115668804.0,1.0,1.0,390.0,2.62,58.05,2.0,4319.0,2.0,1.0,3.0,2.0,2.0,2000.0,69.0,70.0,1.0,
4328,42,55788.0,118.0,12221926.5,9.0,3.22,500.0,1920.0,13.73,115548081.5,1.0,1.0,369.5,3.22,56.56,2.0,4328.0,2.0,2.0,4.0,2.0,2.0,2018.0,112.55,67.0,3.5,
4329,122,48257.0,62.42,6955.0,12.0,3.22,459.52,1989.0,13.73,115981516.5,1.0,4.0,343.405,3.22,61.11,2.0,4329.0,3.0,4.0,5.0,3.0,3.0,2018.0,92.2,55.22,2.0,
4335,1,47488.0,86.0,17293075.0,14.0,3.89,503.63,1930.0,10.43,116417330.0,,1.0,417.63,3.89,66.29,3.0,4335.0,2.0,4.0,4.0,2.0,3.0,2018.0,92.0,,,
4346,1,33506.0,95.0,15827829.0,5.0,3.47,270.0,,7.48,116901731.0,1.0,,175.0,3.47,37.0,1.0,4346.0,1.0,2.0,3.0,1.0,1.0,,,0.0,0.0,
4347,145,49943.0,110.0,4832447.0,10.0,3.33,500.0,1925.0,15.81,116221999.0,1.0,1.0,370.0,3.33,59.72,2.0,4347.0,2.0,2.0,4.0,2.0,2.0,2019.0,107.95,61.25,2.0,
4349,50,62834.0,111.5,4086016.5,11.0,2.84,702.5,1976.0,11.58,115367625.0,1.0,3.0,440.0,2.84,62.675,3.0,4349.0,3.0,2.0,5.0,3.0,3.0,2018.5,112.0,60.0,1.0,
4356,3,43203.0,130.0,981668.0,8.0,3.41,944.25,1937.5,15.19,113561164.0,1.5,2.0,385.0,3.3150000000000004,54.64,2.0,4356.0,2.0,3.0,3.0,2.0,2.0,2014.5,76.325,,1.0,
4357,102,49263.0,125.0,735228.0,10.0,2.39,548.255,1929.5,16.06,116222055.5,1.0,1.0,390.0,2.39,61.9,2.0,4357.0,2.0,2.0,4.0,2.0,3.0,2020.0,98.7,65.0,1.0,
4374,1,73990.0,131.0,2526656.0,8.0,3.52,521.0,,14.9,105145340.0,,,390.0,3.52,59.23,2.0,4374.0,3.0,0.0,,3.0,2.0,,,,,
4391,1,36124.0,35.0,17974645.0,16.0,2.47,295.0,1950.0,,116850185.0,1.0,1.0,210.0,2.47,47.0,1.0,4391.0,2.0,1.0,2.0,2.0,2.0,2010.0,,50.0,1.0,
44135,51,36229.0,132.0,15289977.0,9.0,4.05,734.0,1965.0,11.04,115805066.0,1.0,2.0,650.0,4.05,73.0,5.0,44135.0,2.5,2.0,4.0,2.0,3.0,2018.0,120.5,73.5,45.0,
44137,21,24773.0,97.0,6238370.0,8.0,4.05,583.0,1956.0,11.04,116999461.0,1.0,2.0,449.0,4.05,54.0,3.0,44137.0,2.0,1.5,4.0,2.0,2.0,2019.0,107.3,52.0,2013.0,
44139,42,19837.5,107.5,5454709.0,8.5,4.05,899.5,1959.5,11.04,116934098.0,1.0,2.0,629.5,4.05,60.0,5.0,44139.0,2.0,2.0,4.0,2.0,2.0,2018.0,45.4,95.46,1044.0,88878.0
44141,25,36120.0,125.0,5454709.0,13.0,4.05,894.0,1984.0,11.04,116789866.0,1.0,4.0,700.0,4.05,73.0,5.0,44141.0,2.5,1.0,3.0,2.0,3.0,2019.0,151.4,51.5,1.0,
44143,35,28020.0,120.0,5433204.0,8.0,3.63,661.875,1975.0,10.87,116553911.0,1.0,3.0,500.0,3.63,62.0,3.0,44143.0,2.0,2.0,4.0,2.0,3.0,2018.0,108.4,70.5,2013.0,
44145,80,46660.0,110.0,15439005.5,7.5,4.05,630.1700000000001,1954.0,11.04,115740388.5,2.0,2.0,471.0,4.05,61.035,3.0,44145.0,2.5,3.0,4.0,2.0,3.0,2019.0,123.0,69.9,11.0,
44147,29,38707.0,90.0,15845472.0,6.0,4.05,504.0,1954.5,11.04,115740271.0,0.5,2.0,400.0,4.05,55.0,2.0,44147.0,2.0,2.0,4.0,2.0,2.0,2015.5,170.7,80.0,8.0,
44149,34,33239.0,121.5,3520254.0,7.5,3.65,644.0,1964.0,9.97,115637138.5,1.0,2.0,412.5,3.65,65.0,3.0,44149.0,3.0,2.0,3.0,3.0,3.0,2015.0,113.0,58.0,17.0,
4416,71,59821.0,135.0,14558221.0,12.0,4.98,580.0,1916.0,12.37,115305224.0,1.0,1.0,446.0,4.98,63.0,3.0,4416.0,2.0,2.0,3.0,2.0,3.0,2017.0,107.5,54.5,2.0,
44177,1,24757.0,75.0,17253565.0,6.0,4.05,595.0,,11.04,113593138.0,0.0,,450.0,4.05,62.0,3.0,44177.0,3.0,2.0,3.0,3.0,3.0,2019.0,,125.0,,
4420,43,49637.0,115.0,927529.0,9.0,4.08,470.0,1927.0,12.4,115122983.0,1.0,1.0,375.7,4.08,58.55,2.0,4420.0,2.0,2.0,4.0,2.0,2.0,2019.0,105.0,55.0,1.0,
44225,38,42955.5,105.0,14891688.0,8.0,4.33,679.0,1964.5,8.81,116245655.5,1.0,2.0,510.0,4.33,60.0,4.0,44225.0,2.5,2.0,3.0,2.0,2.0,2019.0,105.0,50.0,50.5,
44227,23,26910.0,119.0,16659999.0,10.0,3.24,555.0,1976.0,9.78,115001175.0,1.0,3.0,495.0,3.24,57.0,3.0,44227.0,2.0,1.0,3.0,2.0,2.0,2016.0,128.0,60.0,5868.0,
44229,40,41070.5,200.0,15870754.0,11.0,3.42,970.0,1990.0,9.350000000000001,116090333.0,1.0,4.0,775.0,3.42,84.0,5.0,44229.0,3.0,1.0,2.0,3.0,4.0,2016.5,119.0,90.0,6.0,
4425,23,46811.0,125.0,12306975.0,10.0,3.87,482.5,1995.0,11.31,115215374.0,1.0,5.0,355.0,3.87,51.24,2.0,4425.0,2.0,2.0,3.0,2.0,2.0,2013.0,102.1,75.0,7.5,
44263,54,35121.0,117.0,11445626.0,9.0,4.24,757.0,1957.5,10.98,116437832.5,1.0,2.0,569.0,4.24,59.7,4.0,44263.0,2.5,2.0,3.0,2.0,2.0,2016.0,81.0,62.5,3.0,
44265,31,40702.0,172.235,14526398.0,7.0,3.3,819.1,2015.0,10.3,116643926.0,1.0,8.0,650.0,3.3,74.0,5.0,44265.0,2.5,2.0,2.0,2.0,3.0,2010.0,90.0,80.0,123.0,
44267,24,46435.0,142.5,12460252.5,11.5,3.33,897.5,1983.0,9.53,116358145.0,1.0,4.0,687.5,3.55,70.0,5.0,44267.0,3.0,1.0,2.0,3.0,3.0,2019.0,107.8,90.0,30.5,
44269,27,40092.0,130.0,993280.0,9.0,3.78,815.0,1985.0,9.95,116204676.0,1.0,4.0,675.0,3.78,69.0,5.0,44269.0,2.0,2.0,3.0,2.0,3.0,2018.0,93.0,53.1,3.0,
4428,1,26738.0,130.0,2296439.0,12.0,2.05,1034.9,1993.0,9.51,66257858.0,1.0,5.0,724.9,2.05,118.0,5.0,4428.0,4.0,2.0,2.0,4.0,5.0,,135.4,135.0,,
44287,29,22102.0,141.91,949305.0,8.0,3.56,739.0,1968.5,9.08,116455336.0,33.0,2.0,509.0,3.56,69.0,4.0,44287.0,2.5,2.0,3.0,2.0,3.0,2012.0,149.5,78.84,32.0,
44289,9,18913.0,161.0,15842924.0,10.0,2.26,929.0,1983.5,7.7,117026004.0,1.0,4.0,704.0,2.26,64.0,5.0,44289.0,2.0,0.5,2.0,2.0,3.0,2018.0,103.75,68.5,,
44309,24,32625.5,130.0,400604.0,8.0,3.33,720.0,1968.0,10.09,116579945.5,1.0,2.0,546.5,3.33,66.5,4.0,44309.0,2.5,2.0,3.0,2.0,3.0,2010.0,117.5,74.0,18.0,
44319,38,1806.5,120.0,376834.0,7.0,3.325,979.0,2020.0,9.08,117356206.5,1.0,9.0,602.0,3.325,75.135,4.5,44319.0,3.25,1.0,3.0,3.0,3.0,2015.0,19.0,70.0,16.0,
44328,17,23713.0,135.0,699976.0,8.0,4.64,627.0,1965.0,8.6,116487359.0,1.0,2.0,429.0,4.64,69.0,3.0,44328.0,3.0,2.0,3.0,3.0,3.0,2011.5,164.0,62.0,44328.0,
44329,14,46135.5,148.5,699976.0,5.5,3.99,704.75,1965.0,10.66,115356364.0,1.0,2.0,504.0,3.99,73.0,4.0,44329.0,3.0,2.0,3.0,3.0,3.0,2020.0,128.0,75.0,44329.0,
44339,69,42669.0,124.5,146060.0,6.0,4.49,638.5,1953.5,8.88,115947703.0,1.0,2.0,489.0,4.49,60.0,3.0,44339.0,3.0,1.0,2.0,3.0,2.0,2020.0,161.5,60.0,5055.0,
4435,43,60363.0,88.0,12115775.0,8.0,3.89,502.5,1991.5,10.43,115510066.0,1.0,4.5,330.0,3.89,57.53,2.0,4435.0,2.0,2.0,3.0,2.0,2.0,2017.0,91.8,78.0,10.0,
44357,38,43305.0,150.0,146060.0,6.0,4.26,684.0450000000001,1978.0,7.87,115666688.0,1.0,3.0,450.5,4.26,65.46000000000001,3.0,44357.0,3.0,2.0,3.0,3.0,3.0,2018.5,98.0,80.0,2.0,
44359,58,67603.0,145.5,146060.0,5.0,3.83,592.66,1971.0,9.08,115302228.0,1.0,3.0,348.765,3.83,75.88,2.0,44359.0,3.0,2.0,2.5,3.0,3.0,2018.0,168.5,88.5,300.0,
44369,73,43361.0,118.0,146060.0,6.0,4.83,630.0,1959.0,9.27,115686692.0,1.0,2.0,449.0,4.83,60.0,3.0,44369.0,3.0,1.0,3.0,3.0,2.0,2020.0,129.0,59.0,0.0,
44379,36,30804.5,125.0,16779530.5,8.5,3.71,650.0,1966.0,8.37,116769042.5,1.0,2.0,509.5,3.71,69.9,3.5,44379.0,3.0,2.0,2.5,3.0,3.0,2018.0,136.0,71.0,1.5,
44388,26,24166.0,120.0,507475.5,10.0,3.41,619.2950000000001,1968.0,7.87,117007662.5,1.0,2.0,423.805,3.41,69.5,3.0,44388.0,3.0,2.0,3.0,3.0,3.0,2019.0,127.65,71.0,5501.0,
4442,20,57183.5,128.5,12303497.0,8.5,3.91,544.925,1965.0,12.32,115806637.5,1.0,2.0,421.53999999999996,3.91,61.635000000000005,3.0,4442.0,3.0,1.0,4.0,3.0,2.5,1995.0,104.0,55.0,31.0,
4451,14,35348.5,132.0,8607218.0,10.5,4.57,624.5,1993.0,12.77,116723834.0,1.0,5.0,400.0,4.57,61.504999999999995,2.5,4451.0,2.5,2.0,3.0,2.5,3.0,2019.0,82.0,47.5,32.0,
44532,19,43639.0,210.95,14858437.0,11.0,3.51,698.4,1972.0,6.43,115793400.0,1.0,3.0,490.0,3.51,78.0,3.0,44532.0,3.0,1.0,3.0,3.0,3.0,2017.0,141.89999999999998,60.0,460.0,
44534,13,50692.0,150.0,16009860.0,11.0,3.51,810.0,1977.5,6.43,116020769.0,1.0,3.0,565.0,3.51,76.84,4.0,44534.0,3.0,1.5,3.0,3.0,3.0,2019.0,121.0,75.0,,
44536,21,50255.0,130.0,288402.0,9.0,3.51,650.7950000000001,1956.0,6.43,115835567.0,1.0,2.0,420.0,3.51,75.0,3.0,44536.0,3.0,2.0,3.0,3.0,3.0,2017.0,143.0,96.0,5502.0,
44563,1,58063.0,140.0,10564675.0,0.0,3.77,648.0,1973.0,7.53,115799558.0,,3.0,428.0,3.77,76.0,3.0,44563.0,3.5,2.0,5.0,3.0,3.0,,142.0,80.0,,
44575,29,30871.0,138.0,780996.0,8.0,3.27,614.0,1965.0,7.91,114893306.0,1.0,2.0,457.56,3.27,67.06,3.0,44575.0,2.5,2.0,3.0,2.0,3.0,2017.5,120.75,58.0,100.0,
44577,27,31565.0,130.0,15666381.0,9.0,3.27,581.4549999999999,1962.0,7.91,116839836.0,1.0,2.0,399.0,3.27,66.6,2.0,44577.0,3.0,2.0,3.0,3.0,3.0,2016.5,127.0,75.0,100.0,
44579,17,24373.0,116.0,1924949.0,7.0,3.27,570.0,1962.0,7.91,115450700.0,1.0,2.0,395.0,3.27,64.01,2.0,44579.0,3.0,1.5,3.0,3.0,3.0,2015.5,143.4,63.0,52500.0,
44581,7,29868.0,120.0,15666381.0,8.0,3.27,474.985,1930.0,7.91,116643510.0,1.0,1.0,325.0,3.27,54.0,2.0,44581.0,2.0,1.0,2.0,2.0,2.0,2010.0,165.9,58.0,100.0,
44623,48,41987.5,114.00999999999999,3520254.0,9.0,2.94,572.55,1954.0,8.19,116460007.5,1.0,2.0,399.5,2.94,62.254999999999995,2.0,44623.0,2.5,2.0,3.0,2.0,3.0,2019.0,127.0,75.0,3.5,
44625,33,44644.0,126.0,657918.0,7.0,2.79,506.55,1956.0,7.86,116270469.0,1.0,2.0,359.1,2.79,60.0,2.0,44625.0,3.0,1.5,2.5,3.0,2.0,2019.5,151.3,60.0,3.0,
44626,1,61359.0,125.0,16011859.0,5.0,2.94,725.0,,8.19,115642660.0,30.0,,500.0,2.94,90.0,3.0,44626.0,3.5,7.0,7.0,3.0,4.0,2019.0,,100.0,,
44627,42,33836.5,119.4,16400543.5,8.0,3.085,529.0,1930.0,6.74,116470811.0,1.0,1.0,404.5,3.085,63.56,2.5,44627.0,2.25,2.0,3.0,2.0,3.0,2018.0,138.0,75.0,1.0,
44628,31,27534.0,142.0,898121.0,7.0,2.37,677.0,1972.0,7.76,116964227.0,1.0,3.0,400.0,2.37,62.04,2.0,44628.0,3.0,1.0,3.0,3.0,3.0,2016.0,105.0,53.0,4711.0,
44629,18,63650.5,97.5,650043.0,8.0,2.33,460.0,1929.0,7.67,114960011.0,1.0,1.0,351.5,2.33,58.5,2.0,44629.0,2.5,2.0,3.0,2.0,2.0,2019.0,142.0,50.0,599.0,
4463,3,23664.0,160.0,16006298.0,7.0,4.99,652.0,1996.0,13.96,117024611.0,1.0,5.0,492.0,4.99,72.33,3.0,4463.0,2.0,1.0,3.0,2.0,3.0,2020.0,104.9,,,
44649,89,25974.0,115.0,16050720.0,8.0,2.71,559.85,1958.0,7.08,116864218.0,1.0,2.0,415.0,2.71,66.06,3.0,44649.0,3.0,2.0,3.0,3.0,3.0,2018.0,144.6,85.0,3.0,
44651,26,49473.5,95.0,9000763.5,8.0,2.43,600.0,1954.0,7.51,115975506.0,1.0,2.0,442.0,2.43,72.75999999999999,3.0,44651.0,3.0,2.0,3.0,3.0,3.0,2019.5,186.0,80.0,0.0,
44652,41,32810.0,100.0,16731195.0,7.0,3.0,557.65,1952.0,6.4,116833380.0,1.0,2.0,370.0,3.0,61.68,2.0,44652.0,2.5,2.0,3.0,2.0,3.0,2018.0,160.0,72.5,44652.0,
44653,58,25977.5,96.0,17094509.0,7.0,3.02,560.0,1953.0,7.77,117001050.5,1.0,2.0,349.0,3.02,52.825,2.0,44653.0,3.0,1.0,3.0,3.0,2.0,2018.0,142.05,70.0,2.0,
4468,1,81405.0,125.0,14701696.0,10.0,3.52,500.0,,9.57,84507026.0,,,375.0,3.52,73.0,2.0,4468.0,2.0,2.0,,2.0,3.0,,,,,
44787,34,44748.0,117.0,15520580.0,8.0,4.86,721.8050000000001,1962.0,10.13,116374124.5,1.0,2.0,522.5,4.86,56.0,3.5,44787.0,2.0,2.0,4.0,2.0,2.0,2014.0,118.0,67.5,1.0,
44789,35,36272.0,151.94,5350578.0,8.0,4.76,787.79,1961.0,9.88,116364343.0,1.0,2.0,544.0,4.76,77.0,4.0,44789.0,2.5,1.5,3.0,2.0,3.0,2017.0,105.72,72.16,1.0,
44791,21,30959.0,162.0,3308730.0,11.0,4.47,881.75,1958.5,8.57,116647974.0,1.0,2.0,569.0,4.47,73.0,4.0,44791.0,3.0,2.0,3.5,3.0,3.0,2019.0,123.85,89.0,1.0,
44793,53,43324.0,119.0,146060.0,7.0,5.32,583.16,1953.0,9.98,115983641.0,1.5,2.0,413.03,5.32,53.25,3.0,44793.0,2.0,1.0,3.0,2.0,2.0,2018.0,141.0,61.5,55.0,
44795,63,38405.0,123.0,146060.0,6.0,4.8,621.0,1956.5,11.14,115686800.0,1.0,2.0,440.0,4.8,58.0,3.0,44795.0,2.5,2.0,3.0,2.0,2.0,2018.0,126.3,51.5,1.0,
44797,9,27264.0,197.5,12621822.0,12.0,4.05,844.5,1986.5,10.22,116973294.0,1.0,4.5,790.0,4.05,71.0,5.0,44797.0,3.0,0.5,3.0,3.0,3.0,2019.0,161.68,49.0,,
44799,17,32830.0,130.0,529872.0,6.0,5.16,581.0,1954.0,9.27,116665408.0,1.0,2.0,420.0,5.16,49.43,3.0,44799.0,2.0,1.0,3.0,2.0,2.0,2019.0,127.0,70.0,30.0,
44801,22,38821.5,127.0,4420501.5,10.0,4.18,725.99,1973.0,8.67,116733612.5,1.0,3.0,491.24,4.18,61.15,3.0,44801.0,2.5,2.0,5.0,2.0,3.0,2019.5,124.58,122.0,11000.0,
44803,31,29106.0,127.0,3308730.0,8.0,4.66,709.5,1958.0,9.97,116969015.0,1.0,2.0,510.0,4.66,63.0,4.0,44803.0,3.0,1.0,3.0,3.0,3.0,2020.0,142.5,60.0,1.0,
44805,18,27913.0,110.7,16559924.0,5.0,4.24,580.0,1960.0,8.99,116931106.0,1.0,2.0,455.0,4.24,69.82,3.0,44805.0,3.0,2.0,3.0,3.0,3.0,2019.5,111.5,75.0,4711.0,
44807,9,38020.0,165.0,16140215.0,12.0,3.99,637.5,1959.5,8.525,116325567.0,1.0,2.0,490.0,3.99,65.8,3.0,44807.0,3.0,2.0,2.0,3.0,3.0,2015.5,102.2,55.0,1.0,
44809,30,42200.5,134.5,15865903.0,9.5,4.56,617.69,1959.0,8.87,116027598.5,1.0,2.0,445.0,4.56,65.96,3.0,44809.0,2.5,1.0,3.0,2.0,3.0,2020.0,101.25,75.0,4711.0,
44866,42,31850.0,100.0,15716927.0,6.0,4.08,560.0,1957.5,7.7,116107334.0,1.0,2.0,414.5,4.08,60.5,3.0,44866.0,2.0,2.0,3.0,2.0,2.5,2019.0,156.0,75.0,1.0,
44867,22,46109.0,131.5,316805.0,6.0,4.19,750.0,1966.0,8.24,116401321.5,1.0,2.0,574.0899999999999,4.19,70.065,4.0,44867.0,2.75,2.0,3.0,2.5,3.0,2019.5,83.0,45.0,2.0,
44869,17,29126.0,120.0,12621822.0,8.0,3.95,570.0,1963.0,7.21,116867112.0,1.0,2.0,439.0,3.95,61.72,3.0,44869.0,2.5,1.0,3.0,2.0,3.0,2017.0,144.49,45.0,1.0,
44879,35,43310.0,125.0,15457468.0,9.0,3.53,665.0,1969.0,8.93,116357734.0,1.0,2.5,500.0,3.53,69.0,3.0,44879.0,2.5,1.0,3.0,2.0,3.0,2019.0,131.6,55.0,2.0,
44881,1,50766.0,160.0,16431923.0,9.0,2.24,450.0,1964.0,5.13,116240106.0,1.0,2.0,290.0,2.24,54.0,1.0,44881.0,2.0,2.0,3.0,2.0,2.0,,108.9,,,
44892,19,40540.0,152.0,5850703.0,9.0,4.21,685.5,1964.0,8.46,116138074.0,1.0,2.0,480.0,4.21,73.56,3.0,44892.0,3.0,2.0,4.0,3.0,3.0,2016.5,127.0,50.0,3.0,
44894,40,30143.0,97.5,12647775.0,7.0,3.98,543.0,1957.0,7.46,116704069.5,1.0,2.0,399.5,3.98,59.825,2.0,44894.0,2.5,1.0,3.0,2.0,2.0,2020.0,148.5,59.0,1011.0,
44896,1,65544.0,45.0,12647775.0,4.0,2.39,330.0,1953.0,6.49,115435058.0,,2.0,240.0,2.39,34.86,1.0,44896.0,1.0,2.0,,1.0,1.0,,216.0,45.0,,
45037,1,5501.0,85.0,18365904.0,8.0,3.63,600.0,,6.32,117323226.0,,,440.0,3.63,70.0,3.0,45037.0,2.5,,,2.0,3.0,,,75.0,,
45046,1,60457.0,180.0,16211519.0,13.0,3.45,630.0,,,91529284.0,,,450.0,,70.0,3.0,45046.0,2.0,4.0,5.0,2.0,3.0,2017.0,,80.0,,
4509,158,66192.5,121.5,598513.0,5.0,3.51,490.0,1982.0,10.33,115220671.0,1.0,4.0,350.0,3.51,60.6,2.0,4509.0,2.0,3.0,4.0,2.0,2.0,2011.0,107.6,60.0,1.0,
45127,41,39454.0,125.0,5786927.0,9.0,4.47,628.5,1968.0,8.14,116374323.0,1.0,2.0,495.0,4.47,56.83,3.0,45127.0,2.0,2.0,4.0,2.0,2.0,2019.0,104.6,80.0,83.5,89634.0
45128,57,33517.0,115.0,826301.0,10.0,3.75,732.5,1957.0,10.91,116012946.0,1.0,2.0,550.0,3.75,63.0,4.0,45128.0,2.0,2.0,3.0,2.0,3.0,2019.0,117.3,61.0,22.0,
45130,55,34028.0,109.5,5852170.0,10.0,3.88,673.75,1956.0,11.06,116575166.0,1.0,2.0,580.0,3.88,64.0,4.0,45130.0,2.5,2.0,4.0,2.0,3.0,2017.5,117.5,68.0,22.0,
45131,26,30502.0,218.5,14829583.5,11.5,3.88,1067.0,1959.0,11.06,116901720.5,1.0,2.0,1024.5,3.88,85.5,6.5,45131.0,3.0,2.0,4.0,3.0,4.0,2019.0,104.1,88.0,3.0,
45133,33,29347.0,250.0,5373528.0,12.0,2.95,1315.0,1964.0,10.16,116775313.0,1.0,2.0,1030.0,2.95,99.0,7.0,45133.0,3.0,1.0,2.0,3.0,4.0,2019.0,127.0,90.0,2366.5,
45134,20,41696.0,140.0,15888810.5,13.0,3.06,912.0,1936.0,9.66,114314595.5,1.0,1.0,710.0,3.06,83.75,5.0,45134.0,3.25,2.0,3.0,3.0,3.5,2017.5,117.15,140.0,,
45136,23,32858.0,120.0,13058076.0,10.0,3.42,635.0,1958.0,9.17,116551189.0,1.0,2.0,550.0,3.42,66.0,4.0,45136.0,2.5,2.0,3.0,2.0,3.0,2018.0,121.4,75.0,4.0,
45138,44,40537.0,120.0,3888559.5,8.0,3.27,632.5,1953.0,9.65,116244340.5,1.0,2.0,483.5,3.27,67.76,3.0,45138.0,3.0,2.0,3.0,3.0,3.0,2017.0,128.0,70.5,4711.0,
45139,31,44416.0,120.0,5298321.0,7.0,3.53,541.7950000000001,1953.0,8.64,115753217.0,,2.0,375.0,3.53,58.69,2.0,45139.0,2.0,2.0,4.0,2.0,2.0,2019.0,142.0,60.0,2362.0,
45141,59,41002.0,118.0,172907.0,7.0,4.86,565.0,1955.0,7.83,116200638.0,0.5,2.0,402.14,4.86,54.75,3.0,45141.0,2.0,2.0,3.0,2.0,2.0,2019.0,132.95,54.0,4711.0,
45143,67,44333.0,120.0,1924949.0,8.0,3.41,605.0,1957.0,7.07,116487562.0,1.0,2.0,420.0,3.41,61.0,3.0,45143.0,2.5,2.0,3.0,2.0,3.0,2017.5,128.37,70.0,201.0,
45144,34,31477.5,136.0,1183713.0,8.0,3.31,554.0,1958.0,7.74,116907898.5,0.0,2.0,424.75,3.31,59.985,3.0,45144.0,2.5,2.0,3.0,2.0,2.0,2019.0,129.15,60.5,98.0,
45145,54,27556.0,115.0,3725909.5,8.0,3.31,576.25,1954.0,7.74,116908499.0,0.0,2.0,439.0,3.31,61.515,3.0,45145.0,2.5,2.0,4.0,2.0,3.0,2019.0,129.24,57.5,201.0,
45147,67,31487.0,130.0,12613244.0,10.0,3.81,590.0,1956.0,10.81,116915813.0,1.0,2.0,480.0,3.81,57.0,3.0,45147.0,2.0,2.0,3.0,2.0,2.0,2017.0,121.55000000000001,49.5,4711.0,
45149,15,34978.0,190.0,384129.0,13.0,3.31,1280.0,1966.5,9.01,116755074.0,1.0,2.0,1100.0,3.26,94.0,7.0,45149.0,3.0,2.0,3.0,3.0,4.0,2019.0,160.0,116.0,4711.0,
45189,1,42804.0,60.0,497657.0,5.0,5.79,405.0,,7.33,116612633.0,,,319.0,5.79,25.71,2.0,45189.0,1.0,3.0,7.0,1.0,1.0,,,26.0,3.0,
4519,11,51137.0,140.0,8107876.0,11.0,4.13,579.0,1997.0,8.81,114944850.0,1.0,5.0,439.0,4.13,66.0,3.0,4519.0,2.0,1.5,3.0,2.0,3.0,2020.0,59.9,,35.0,
45219,26,31866.0,230.0,1175565.0,9.0,3.27,858.0,1977.5,8.74,116702567.5,1.0,3.0,630.5,3.27,78.5,5.0,45219.0,3.0,2.0,3.0,3.0,3.0,2018.0,121.5,40.0,1.0,
4523,12,52810.0,77.5,868729.0,9.5,3.45,393.0,1910.0,10.15,115694756.5,1.0,1.0,278.0,3.45,52.5,1.0,4523.0,2.0,2.0,2.5,2.0,2.0,2019.0,161.89499999999998,62.5,,
45239,31,33228.0,171.5,15613670.0,9.0,2.7,855.0,1976.0,9.65,116174753.0,1.0,3.0,695.0,2.7,70.0,5.0,45239.0,2.0,1.0,2.0,2.0,3.0,2018.0,101.0,75.0,3.0,88017.0
45257,19,22215.0,146.0,934266.0,11.0,3.4,770.0,1954.0,9.08,114833426.0,1.0,2.0,575.0,3.4,80.98,4.0,45257.0,3.0,1.0,3.0,3.0,3.0,2019.0,193.9,52.0,50.0,
45259,19,32638.0,210.0,5298321.0,8.0,3.03,1060.0,1997.0,9.17,116918758.0,1.0,5.0,665.0,3.03,70.0,5.0,45259.0,2.5,1.0,2.0,2.0,3.0,2017.0,94.0,59.5,4.0,
45276,29,47762.0,142.5,808249.0,7.0,2.86,680.0,1973.0,8.26,114944730.0,1.0,3.0,490.0,2.86,78.0,3.0,45276.0,3.0,2.0,3.0,3.0,3.0,2020.0,138.0,60.0,2.0,
45277,20,23172.0,120.0,146060.0,7.0,3.55,622.02,1959.5,9.77,117028245.5,,2.0,467.51,3.55,53.93,3.0,45277.0,2.0,1.0,3.0,2.0,2.0,2015.0,86.0,49.0,3.5,
45279,67,34751.0,155.0,1924949.0,8.0,2.57,614.9200000000001,1968.0,7.78,116851631.0,1.0,2.0,379.84,2.57,67.3,2.0,45279.0,3.0,2.0,4.0,3.0,3.0,2018.0,90.85,71.475,1000.0,
45286,3,62239.0,198.09,17819981.0,9.0,3.04,669.55,1973.0,8.28,115612084.0,1.0,3.0,480.7,3.04,90.04,3.0,45286.0,4.0,2.0,3.0,4.0,4.0,,132.0,,,
45289,6,15386.5,192.5,18465150.5,11.0,2.59,807.5,1975.0,8.75,116969757.0,1.0,3.0,602.5,2.59,82.5,4.5,45289.0,3.25,2.0,2.0,3.0,3.5,2019.0,150.05,,22.0,
45307,61,48104.0,122.0,497657.0,8.0,3.35,630.68,1962.0,5.47,116392117.0,1.0,2.0,425.0,3.35,64.63,3.0,45307.0,2.0,2.0,3.0,2.0,3.0,2019.0,141.1,57.5,4.0,
45309,56,47222.0,123.0,146060.0,7.0,3.0,605.0,1958.0,8.36,115490174.0,1.0,2.0,442.0,3.0,65.155,3.0,45309.0,3.0,1.0,3.0,3.0,3.0,2019.0,148.0,59.0,4711.0,
45326,55,30089.0,125.25,12607637.0,8.0,3.04,525.0,1962.0,7.37,116476083.0,1.0,2.0,375.0,3.04,60.0,2.0,45326.0,2.5,2.0,3.0,2.0,2.0,2019.0,124.5,61.75,999.0,
45327,112,51449.0,127.5,146060.0,7.0,3.57,592.0,1960.0,7.17,115450373.5,1.0,2.0,409.0,3.57,60.25,3.0,45327.0,3.0,2.0,3.0,3.0,2.0,2019.0,148.5,69.5,30.0,
45329,45,45879.0,126.0,146060.0,6.0,3.32,576.0,1955.5,6.3,115573498.0,1.0,2.0,420.0,3.32,65.74,3.0,45329.0,3.0,1.0,3.0,3.0,3.0,2016.5,148.0,54.5,4711.0,
45355,65,31564.0,131.5,1924949.0,12.0,3.21,584.0,1956.0,8.0,116678532.0,1.0,2.0,424.0,3.21,61.33,3.0,45355.0,2.0,1.0,3.0,2.0,3.0,2018.5,123.45,60.5,4711.0,
45356,21,21479.0,120.0,13313496.0,8.0,3.07,511.5,1962.0,6.77,117034981.0,1.0,2.0,350.0,3.05,56.0,2.0,45356.0,2.5,1.5,3.0,2.0,2.0,2020.0,124.8,50.0,3.0,
45357,56,50702.5,119.5,366062.0,9.5,3.62,601.5,1958.0,7.78,115490024.5,1.0,2.0,436.375,3.62,64.785,3.0,45357.0,2.5,1.0,2.0,2.0,3.0,2019.0,123.5,50.0,4711.0,
45359,50,28363.0,147.5,9031527.5,10.0,3.03,697.5,1966.0,8.14,116511122.5,1.0,2.0,497.5,3.03,70.5,3.0,45359.0,3.0,1.0,3.0,3.0,3.0,2019.0,118.05,60.0,17.0,
4539,11,56879.0,120.0,14558221.0,7.0,2.78,419.5,1982.0,6.34,113505979.0,1.0,4.0,299.0,2.78,59.12,1.0,4539.0,3.0,2.0,3.0,3.0,2.0,2019.0,127.0,30.0,2.0,
45468,59,41027.0,154.0,3520254.0,9.0,3.49,692.5,1973.0,8.74,115647945.0,1.0,3.0,488.25,3.49,67.0,3.0,45468.0,2.0,3.0,4.0,2.0,3.0,2018.0,127.0,70.0,53.0,
45470,15,34826.0,182.5,5394580.0,8.0,3.03,787.0,1976.0,9.71,116787928.0,1.0,3.0,520.0,3.03,75.0,4.0,45470.0,2.5,1.0,3.0,2.0,3.0,2015.5,111.65,65.0,10.5,
45472,18,39681.0,170.0,379283.5,10.0,3.68,744.5,1965.0,10.83,116521988.5,1.0,2.0,554.5,3.68,77.5,4.0,45472.0,3.0,1.5,2.0,3.0,3.0,2020.0,113.0,76.0,20.0,
45473,20,27629.5,153.5,63647.0,4.0,3.49,596.8,1955.0,8.74,116911624.0,1.0,2.0,397.485,3.49,59.115,2.5,45473.0,2.75,2.0,3.0,2.5,2.0,2018.0,127.5,50.0,4711.0,
45475,21,35656.0,160.0,15452152.0,9.0,3.54,658.0,1974.5,8.55,116804142.0,1.0,3.0,475.0,3.54,69.83,3.0,45475.0,3.0,2.0,3.0,3.0,3.0,2018.0,106.42,73.5,4711.0,
45476,14,26838.5,153.5,10518079.0,9.5,2.9,592.0,1953.0,8.18,116806179.5,5.5,2.0,411.0,2.9,63.25,3.0,45476.0,3.0,1.0,3.0,3.0,3.0,2017.0,160.85,58.0,18355.5,
45478,28,42894.5,179.0,6034626.0,11.0,3.28,790.315,1962.0,10.69,115909946.0,1.0,2.0,580.0,3.28,80.785,4.0,45478.0,3.0,1.0,2.5,3.0,3.5,2019.0,139.95,65.0,3.0,
45479,32,29167.5,148.5,146060.0,8.0,3.35,752.0799999999999,1964.0,9.34,115803311.5,1.0,2.0,573.925,3.35,73.75,4.0,45479.0,3.0,2.0,3.0,3.0,3.0,2019.0,109.65,57.5,4711.0,
45481,17,38462.0,210.0,1038286.0,8.0,3.2,875.0,1988.5,8.56,116166737.0,1.0,4.5,700.0,3.2,84.0,5.0,45481.0,2.0,2.0,2.0,2.0,4.0,2015.0,133.7,59.0,46.5,
4552,81,40920.0,100.0,8957677.0,9.0,2.76,455.0,1974.0,7.34,116392022.0,1.0,3.0,309.0,2.76,60.03,2.0,4552.0,3.0,2.0,3.0,3.0,2.0,2017.0,106.08500000000001,65.0,2.0,
45525,42,37747.5,120.0,1187280.5,7.0,2.78,644.6,1954.0,9.52,116614078.0,1.0,2.0,455.0,2.78,70.985,3.0,45525.0,2.5,1.5,3.0,2.0,3.0,2016.0,139.0,70.0,3.0,
45527,21,47740.0,99.0,259877.0,7.0,2.78,607.985,1953.0,9.52,115662441.0,1.0,2.0,460.0,2.78,60.0,3.0,45527.0,2.5,2.0,3.0,2.0,2.0,2018.0,124.0,40.0,4711.0,
45529,26,60413.5,129.5,146060.0,7.0,2.78,732.39,1965.0,9.52,114390383.5,1.0,2.0,554.2950000000001,2.78,66.655,4.0,45529.0,3.0,3.0,2.0,3.0,3.0,2020.0,51.0,54.0,,
4553,1,15067.0,100.0,18462509.0,7.0,2.76,349.6,,7.34,115639727.0,,,249.6,2.76,48.0,1.0,4553.0,2.0,1.0,3.0,2.0,2.0,,,,,
45549,13,27895.0,200.0,15899347.0,9.0,2.26,840.0,1974.0,9.0,116967652.0,1.0,3.0,660.0,2.26,98.0,5.0,45549.0,3.0,1.0,3.0,3.0,4.0,2015.5,134.0,100.0,,
45557,1,31573.0,90.0,9486975.0,19.0,3.2,,,8.8,116933444.0,,,367.5,3.2,75.0,2.0,45557.0,3.5,2.0,2.0,3.0,3.0,2019.0,,,2.0,
4563,1,23043.0,120.0,17402207.0,10.0,4.19,400.0,1956.0,10.43,117028874.0,1.0,2.0,280.0,4.19,50.0,1.0,4563.0,2.0,2.0,2.0,2.0,2.0,2020.0,,,,
4564,48,46795.0,145.5,12303497.0,10.5,4.19,487.5,1954.5,10.43,115917434.0,1.0,2.0,327.5,4.19,60.0,2.0,4564.0,3.0,2.0,2.5,3.0,2.0,2002.0,104.9,67.225,88.0,
4565,13,50857.0,99.0,15441775.0,12.0,4.4,378.0,1940.0,9.48,116237665.0,1.0,1.0,270.0,4.4,54.0,1.0,4565.0,2.0,2.0,2.0,2.0,2.0,2020.0,113.1,60.0,1.0,
45655,1,57127.0,105.0,5765800.0,15.0,3.2,460.0,,8.8,115833872.0,,,460.0,3.2,75.0,3.0,45655.0,3.5,3.0,3.0,3.0,3.0,,158.0,,2.0,
45657,43,50093.0,145.0,12462875.0,7.0,3.2,595.0,1955.0,8.8,114863032.0,1.0,2.0,430.0,3.2,64.0,3.0,45657.0,2.5,2.0,3.0,2.0,3.0,2017.0,137.9,74.0,220.0,
45659,23,27825.0,129.0,16353226.0,10.0,3.2,638.655,1968.0,8.8,116891105.0,1.0,2.0,500.0,3.2,71.39,3.0,45659.0,2.5,1.0,3.0,2.0,3.0,2019.5,87.55,68.0,,
45661,30,40786.5,107.0,15282619.0,9.0,3.2,535.5,1964.0,8.8,116550264.5,1.0,2.0,385.0,3.2,65.0,2.0,45661.0,3.0,2.0,3.0,3.0,3.0,2017.5,129.1,75.0,2.0,
45663,20,34990.0,120.0,5368056.5,10.0,3.2,492.0,1975.5,8.8,116138908.5,1.0,3.0,352.5,3.2,59.114999999999995,2.0,45663.0,2.75,2.0,3.0,2.5,2.0,2018.5,117.35,75.0,3.0,
45665,38,50265.5,120.0,894304.0,8.0,3.2,556.95,1961.0,8.8,115850916.0,1.0,2.0,404.235,3.2,67.11500000000001,3.0,45665.0,2.5,2.0,3.0,2.0,3.0,2018.0,162.05,70.0,4.0,
45669,3,60070.0,190.0,249609.0,8.0,2.52,648.39,1977.5,7.44,95434476.0,,3.5,400.5,2.52,76.0,2.0,45669.0,3.0,2.5,3.5,3.0,3.0,2020.0,112.83500000000001,75.0,1660671.0,
4567,38,56667.5,102.0,14558221.0,9.5,3.71,366.0,1968.0,6.06,115899793.0,1.0,2.0,254.5,3.71,58.5,1.0,4567.0,3.0,2.0,4.0,3.0,2.0,2000.0,86.7,64.5,20.5,
45699,45,33464.0,134.5,15906785.0,10.0,2.85,583.8,1952.0,7.88,116144704.0,1.0,2.0,390.0,2.85,65.34,2.0,45699.0,3.0,2.0,3.0,3.0,3.0,2019.0,177.45,75.0,3564.0,
45701,46,53669.0,121.0,146060.0,8.5,2.85,582.87,1962.0,7.88,115450514.0,1.0,2.0,405.015,2.85,63.97,2.5,45701.0,3.0,2.0,3.0,3.0,3.0,2017.0,137.5,76.0,2.5,
4571,32,27293.5,96.5,10682029.0,9.0,3.47,538.0,1952.5,7.82,116951255.5,1.0,2.0,395.3,3.45,67.0,2.0,4571.0,3.0,2.0,3.0,3.0,3.0,2013.5,129.0,80.0,3.0,
45711,56,43875.0,150.0,3690438.5,9.5,3.34,647.0,1989.0,8.78,115293346.0,1.0,4.5,455.0,3.34,75.96000000000001,3.0,45711.0,3.0,2.0,2.0,3.0,3.0,2019.0,118.69,80.0,2381.5,
45721,23,33310.0,160.0,15357802.0,8.0,3.34,825.0,1993.0,9.28,115738023.0,1.0,5.0,645.0,3.34,82.46,5.0,45721.0,2.5,1.0,3.0,2.0,4.0,2019.0,119.55,75.0,3.0,90132.0
45729,1,17619.0,200.0,9043474.0,10.0,2.38,695.0,1968.0,12.22,117095122.0,,2.0,415.0,2.38,70.0,3.0,45729.0,3.0,4.0,4.0,3.0,3.0,2017.0,136.0,80.0,472.0,
45731,34,22112.5,124.89,5366184.0,9.5,3.3,650.0,1972.0,9.14,116837669.5,1.0,3.0,492.0,3.3,68.14,3.5,45731.0,3.0,1.0,2.0,3.0,3.0,2020.0,109.0,85.0,100.0,
45739,23,41765.0,135.0,15351301.0,9.0,3.02,597.5,1987.0,7.9,113593621.0,1.0,4.0,434.0,3.02,67.0,3.0,45739.0,3.0,2.0,3.0,3.0,3.0,2018.0,136.6,88.0,3.0,
4574,3,78454.0,75.0,4936797.0,10.0,2.81,353.0,1936.0,8.73,113985953.0,,1.0,230.0,2.81,50.0,1.0,4574.0,2.0,2.0,3.0,2.0,2.0,2018.0,158.0,67.0,1.0,
4575,37,19147.0,100.0,8957677.0,11.0,2.81,399.0,1952.0,8.73,117076807.0,1.0,2.0,242.0,2.81,56.78,1.0,4575.0,2.0,2.0,3.0,2.0,2.0,2018.5,210.0,75.0,3.0,
45768,33,44721.0,110.0,15319492.0,9.0,2.81,540.0,1968.0,7.64,115437693.0,1.0,2.0,390.0,2.81,70.0,2.0,45768.0,3.0,2.0,3.0,3.0,3.0,2015.0,129.0,70.0,,
45770,42,57215.5,125.0,15319492.0,9.0,2.81,560.0,1964.0,7.64,115267756.5,1.0,2.0,426.0,2.81,70.59,3.0,45770.0,3.0,2.0,3.0,3.0,3.0,2018.0,141.5,74.72,24000.0,
45772,30,31657.5,120.0,14930774.5,10.0,2.81,547.0,1961.5,7.64,116552366.5,1.0,2.0,397.0,2.81,65.92,2.0,45772.0,3.0,2.0,3.0,3.0,3.0,2016.0,156.5,77.0,510.0,
4579,6,56867.0,102.5,15706082.0,10.5,3.45,340.0,1967.0,8.275,115904955.0,1.0,2.0,295.0,3.45,56.305,1.5,4579.0,2.5,3.0,5.0,2.5,2.5,2019.0,78.5,90.0,130.0,
45866,2,25122.5,132.0,17653685.0,29.5,2.21,619.5,1958.0,7.38,115901761.5,,2.0,487.5,2.21,90.5,3.0,45866.0,4.5,1.0,3.5,4.0,4.0,2018.0,108.3,,,
45879,71,50541.0,100.0,5239978.0,8.0,2.18,517.0,1956.0,6.55,115319426.0,1.0,2.0,375.0,2.18,65.0,2.0,45879.0,2.5,3.0,4.0,2.0,3.0,2019.0,137.8,76.0,4.0,
45881,107,54456.0,95.0,2057239.0,8.0,2.24,450.0,1954.0,5.13,115644932.0,1.0,2.0,330.0,2.24,60.0,2.0,45881.0,2.5,2.0,3.0,2.0,2.0,2018.0,141.2,60.0,110.5,
45883,50,49363.5,90.0,600578.0,8.5,1.98,525.0,1953.0,7.19,116154327.5,1.0,2.0,385.31,1.925,60.0,2.0,45883.0,2.0,2.0,3.0,2.0,2.0,2020.0,105.0,60.0,7.0,
45884,36,48712.0,85.0,15945874.0,8.0,2.4,430.0,1925.0,6.65,115936958.0,1.0,1.0,310.0,2.4,55.915,2.0,45884.0,2.5,2.0,3.0,2.0,2.0,2018.5,138.75,60.0,1.0,
45886,80,51085.0,97.0,2057239.0,8.0,2.21,534.0,1956.0,7.38,115811748.0,1.0,2.0,356.92999999999995,2.21,63.025,2.0,45886.0,3.0,2.0,3.0,3.0,3.0,2018.0,130.0,71.0,4711.0,
45888,93,43691.0,87.5,12601236.0,7.0,2.07,452.5,1953.0,6.13,116365668.0,1.0,2.0,328.48,2.07,58.56,2.0,45888.0,2.5,2.0,4.0,2.0,2.0,2019.0,147.0,75.0,3000.0,
45889,53,54056.0,97.0,3520254.0,9.0,2.74,492.5,1957.0,6.78,114889882.0,1.0,2.0,347.0,2.74,60.0,2.0,45889.0,3.0,1.0,3.0,3.0,2.0,2019.0,147.4,60.0,3.0,
45891,34,39368.5,120.0,5239978.0,9.0,2.08,515.0,1961.0,6.61,115625944.0,1.0,2.0,369.21000000000004,2.08,64.0,2.0,45891.0,3.25,2.0,3.0,3.0,3.0,2019.0,140.2,82.0,4711.0,
45892,35,25930.0,110.0,14649890.0,9.0,2.65,550.0,1960.0,8.47,116861887.0,1.0,2.0,365.0,2.65,67.0,2.0,45892.0,3.0,2.0,3.0,3.0,3.0,2015.5,118.9,70.0,3.0,
45894,49,54352.0,110.0,4336091.0,8.0,2.2,575.46,1947.5,6.69,115450084.0,1.0,1.5,420.0,2.2,61.59,3.0,45894.0,3.0,2.0,3.0,3.0,3.0,2015.5,115.0,85.0,35.0,
45896,82,31681.0,98.5,17094509.0,10.0,2.6,509.0,1958.0,7.29,116931103.5,1.0,2.0,330.86,2.6,60.0,2.0,45896.0,3.0,1.5,3.0,3.0,2.0,2018.0,146.0,80.0,4711.0,
45897,41,41901.0,105.48,15408958.0,9.0,2.2,581.1,1974.0,6.69,115846170.0,1.0,3.0,366.0,2.2,64.67,2.0,45897.0,3.0,2.0,3.0,3.0,3.0,2016.0,141.5,80.0,1.0,
45899,132,58180.5,102.0,146060.0,7.0,2.39,498.26,1956.0,6.49,115455312.5,1.0,2.0,364.48,2.39,61.195,2.0,45899.0,3.0,2.0,3.0,3.0,3.0,2020.0,147.5,62.0,4711.0,
45964,42,52173.5,150.0,15325794.0,10.0,3.34,588.0,1960.5,8.01,115861900.0,1.0,2.0,394.77,3.34,63.42,2.5,45964.0,2.5,2.0,3.0,2.0,3.0,2018.0,122.2,68.0,2.0,
45965,1,73068.0,200.0,16422463.0,6.0,3.34,575.0,,8.01,114772844.0,,,375.0,3.34,62.0,2.0,45965.0,2.0,1.0,,2.0,3.0,,147.5,,,
45966,32,46533.5,118.5,15325794.0,8.0,3.34,607.5,1966.5,8.01,115935045.5,1.0,2.0,435.0,3.34,68.23,3.0,45966.0,3.0,2.0,3.0,3.0,3.0,2019.0,82.96,75.0,2.0,
45968,73,59364.0,117.0,146060.0,7.0,3.34,562.1,1952.0,8.01,115569582.0,1.0,2.0,389.0,3.34,57.54,2.0,45968.0,3.0,1.0,3.0,3.0,2.0,,146.0,60.0,2.0,
4600,136,52987.5,110.0,11985137.0,7.5,1.49,410.0,1913.0,2.14,115557844.0,1.0,1.0,299.5,1.49,59.3,1.0,4600.0,2.0,2.0,4.0,2.0,2.0,2004.0,126.4,72.0,2.0,
4603,3,82286.0,100.0,12676597.0,22.0,0.0,310.0,1975.0,0.74,101294695.0,1.0,3.0,230.0,0.19,44.0,1.0,4603.0,2.0,2.0,2.5,2.0,2.0,1997.0,141.5,50.0,0.0,
46045,49,41608.0,112.5,15521025.0,8.0,2.54,569.04,1957.0,9.18,116590727.0,1.0,2.0,399.0,2.54,63.0,2.0,46045.0,2.0,2.0,3.0,2.0,3.0,2019.0,123.5,68.5,53.0,
46047,43,35308.0,137.0,2826447.0,8.0,2.92,560.0,1953.0,9.12,116851380.0,1.0,2.0,385.0,2.92,60.36,2.0,46047.0,2.5,2.0,3.0,2.0,2.0,2020.0,134.8,50.0,4711.0,
46049,32,32701.5,114.0,14019675.0,9.5,2.89,542.5,1957.0,9.44,116913251.5,2.0,2.0,440.0,2.84,70.0,3.0,46049.0,3.0,2.0,3.0,3.0,3.0,2018.5,132.8,60.0,2365.5,
4610,26,60525.0,87.5,10003210.0,7.0,1.68,464.5,1935.0,0.37,114529591.5,1.0,1.0,319.5,1.68,61.5,2.0,4610.0,3.0,1.0,2.0,3.0,3.0,2002.0,115.87,65.0,1.0,
46117,16,34937.5,106.0,16073001.0,7.0,2.54,547.5,1957.5,9.33,116850691.5,1.0,2.0,371.8,2.54,53.205,2.0,46117.0,2.25,2.0,3.0,2.0,2.0,2019.0,146.8,65.0,51.5,
46119,5,30276.0,107.0,17164181.0,12.0,2.51,569.0,1964.0,8.92,116421882.0,1.0,2.0,419.0,2.51,68.0,3.0,46119.0,2.5,1.0,2.0,2.0,3.0,2020.0,120.0,60.0,15505.0,
4613,11,47248.0,100.0,15665164.0,10.0,0.62,347.0,1952.0,0.14,116422377.0,1.0,2.0,247.0,0.62,50.0,1.0,4613.0,2.0,2.0,2.0,2.0,2.0,2017.0,80.74,50.0,1.0,
46145,26,36148.0,150.0,3299507.0,11.0,2.45,643.0,1972.0,8.66,116763906.0,1.0,3.0,462.5,2.45,71.96000000000001,3.0,46145.0,3.0,2.0,3.0,3.0,3.0,2019.0,110.0,67.5,2.0,
46147,14,23574.5,131.15,16651944.5,8.0,2.42,795.0,1973.0,10.01,115771238.0,1.0,3.0,580.0,2.42,84.5,4.0,46147.0,3.5,2.0,2.0,3.0,4.0,2019.0,123.6,71.0,3.0,
46149,26,40905.0,130.5,15474731.0,8.5,2.57,570.0,1975.0,9.27,116403495.0,1.0,3.0,405.0,2.57,62.325,2.5,46149.0,2.75,2.0,2.0,2.5,3.0,2016.5,133.225,71.0,10.0,
4617,9,49889.0,141.0,317429.0,10.0,0.98,477.0,1939.0,3.145,115548126.0,1.0,1.0,330.0,0.89,65.0,2.0,4617.0,2.0,0.5,2.0,2.0,3.0,2010.0,118.2,55.08,209.0,
4618,1,44142.0,160.0,12676597.0,11.0,0.61,510.0,1905.0,,116571714.0,1.0,1.0,350.0,0.61,84.2,2.0,4618.0,3.5,2.0,2.0,3.0,4.0,,272.6,,,
46199,7,26245.0,50.0,18365904.0,11.0,2.54,480.0,1970.0,9.33,116997541.0,1.0,2.0,380.0,2.54,43.0,2.0,46199.0,1.5,0.0,2.0,1.0,2.0,2020.0,,50.0,4.0,
46236,27,57041.0,135.0,16275202.0,8.0,2.88,568.97,1965.5,7.390000000000001,115706019.0,1.0,2.0,395.0,2.88,65.0,2.0,46236.0,3.0,2.0,3.0,3.0,3.0,2014.0,102.3,70.0,1.0,
46238,30,43340.5,106.5,146060.0,7.0,3.79,523.0,1955.0,7.48,115295432.0,1.0,2.0,364.46500000000003,4.04,55.965,2.0,46238.0,2.5,1.0,3.0,2.0,2.0,2014.0,150.0,54.0,,
46240,22,34772.5,117.5,5389929.0,10.0,3.67,533.3,1957.0,7.01,116410588.5,1.0,2.0,403.0,3.67,58.82,3.0,46240.0,3.0,1.0,2.0,3.0,2.0,2010.5,118.39,63.0,7.0,
46242,17,28665.0,138.0,15697966.0,9.0,2.7,700.21,1964.0,7.88,116933211.0,1.0,2.0,455.0,2.7,78.0,3.0,46242.0,3.0,1.0,3.0,3.0,3.0,2018.0,79.0,53.0,1.5,
46244,9,36940.0,203.5,680353.0,8.0,2.53,1307.0,1996.5,9.31,116818357.0,3.0,5.0,875.0,2.53,87.49,6.0,46244.0,3.0,1.5,3.0,3.0,4.0,2020.0,67.4,59.98,,
4626,13,70569.0,90.0,976194.0,12.0,1.13,420.0,1987.0,4.59,113473803.0,1.0,4.0,320.0,1.13,65.0,2.0,4626.0,3.0,2.0,2.0,3.0,3.0,2015.0,110.6,65.0,,
46282,5,43580.0,190.0,4299029.0,10.0,2.91,762.5,2017.0,8.28,116231822.0,3.5,9.0,535.0,2.91,62.62,4.0,46282.0,3.5,0.5,2.0,3.0,3.0,,72.55,75.0,,
46284,11,32044.0,135.0,16540415.0,6.0,3.04,763.0,1980.0,8.28,116925731.0,1.0,3.5,569.0,3.04,72.64,4.0,46284.0,3.0,2.0,3.0,3.0,3.0,2013.0,147.6,71.5,1.0,
46286,22,35140.0,168.98000000000002,17409719.0,11.0,3.04,525.0,1973.0,8.28,115611311.0,1.0,3.0,380.0,3.04,76.81,2.0,46286.0,3.0,2.0,4.0,3.0,3.0,2018.5,95.5,0.0,19.0,
46325,18,28989.0,160.0,1106708.0,13.5,3.33,605.0,2013.0,7.09,116958073.0,1.0,8.0,725.0,3.33,95.78,5.0,46325.0,3.0,1.5,2.0,3.0,4.0,2020.0,41.3,90.0,4.0,
46342,4,18083.5,166.95999999999998,17539496.5,6.0,2.68,710.0,1990.5,4.56,117089621.0,1.0,4.5,555.0,2.68,86.0,4.0,46342.0,2.5,,3.0,2.5,4.0,2017.5,,,,
46348,8,44170.0,80.0,3175077.5,6.5,2.97,510.0,1998.0,6.17,116112541.0,1.0,5.0,525.0,2.9800000000000004,77.0,3.5,46348.0,2.5,2.0,2.0,2.0,3.0,2014.0,80.0,,11.0,
46354,2,65800.5,160.0,16297240.0,15.5,3.59,882.5,2019.0,6.88,114885229.0,1.0,9.0,722.5,3.59,80.0,5.0,46354.0,3.0,1.5,2.0,3.0,3.5,2019.5,22.5,,,
46359,1,51275.0,185.0,12543175.0,11.0,3.1,949.0,2019.0,6.45,115785821.0,1.0,9.0,764.0,3.1,95.39,5.0,46359.0,3.0,0.0,,3.0,4.0,,19.0,,,
4639,5,44792.0,100.0,12676597.0,8.0,1.02,347.5,1955.0,6.82,116553161.0,1.0,2.0,245.0,1.02,52.0,1.0,4639.0,2.0,2.0,2.0,2.0,2.0,2005.0,108.0,55.0,2.0,
46395,4,29424.5,90.0,18601773.0,6.5,3.89,1100.0,2016.5,7.83,116962940.0,1.0,8.5,1037.5,3.89,110.0,6.5,46395.0,3.5,2.0,3.0,3.5,5.0,1983.0,213.9,,,
46397,7,33509.0,120.0,1257841.0,7.0,3.89,930.0,2000.0,7.83,114626165.0,1.0,5.0,765.0,3.89,85.0,5.0,46397.0,3.0,0.5,3.0,3.0,4.0,2017.5,45.5,97.5,,
46399,13,37051.0,160.0,1257841.0,22.0,3.89,795.0,1974.0,7.83,116812295.0,1.0,3.0,714.0,3.89,100.0,5.0,46399.0,3.0,2.0,2.0,3.0,4.0,2012.0,84.35,85.0,1.0,
46414,4,45798.5,250.5,8599999.0,8.0,3.87,1228.0,2018.0,7.63,116498785.0,1.0,9.0,841.0,3.87,86.89,5.5,46414.0,3.0,1.0,3.0,3.0,4.0,2014.0,54.8,92.5,8.0,
46419,8,27926.5,125.0,2297081.0,9.0,3.2,440.0,1972.0,6.63,116295188.5,1.0,3.0,409.5,3.2,75.0,2.5,46419.0,3.0,1.0,1.5,3.0,3.0,2010.0,126.5,80.0,6.0,
4643,15,49643.0,120.0,14452795.0,7.0,3.47,440.0,1967.5,7.48,115651410.0,1.0,2.5,315.0,3.47,62.0,2.0,4643.0,2.5,2.0,3.0,2.0,3.0,2019.0,124.5,81.0,2150.0,
46432,1,34518.0,190.0,15169240.0,0.0,2.68,650.0,,4.56,116884853.0,,,460.0,2.68,84.0,3.0,46432.0,3.0,1.0,2.0,3.0,4.0,,,,,
46446,19,43526.0,140.0,16647964.0,9.0,2.66,695.0,2009.0,5.92,115206555.0,1.0,7.5,609.87,2.66,80.0,5.0,46446.0,3.0,2.0,3.0,3.0,3.0,2020.0,120.8,70.0,,
46459,6,58274.5,180.0,8949877.0,6.0,2.87,631.0,1973.0,6.59,115807605.5,1.0,3.0,410.0,2.87,77.0,3.0,46459.0,3.0,1.0,4.0,3.0,3.0,2014.0,160.8,55.0,,
46483,44,28715.0,150.0,11341525.5,10.0,2.48,589.0,1958.0,5.2,116855190.5,1.0,2.0,450.0,2.48,68.0,3.0,46483.0,2.5,2.0,3.0,2.0,3.0,2020.0,140.3,68.0,3.0,
46485,13,37989.0,140.0,15937642.0,8.0,2.48,646.94,1980.0,5.2,116450411.0,1.0,3.0,479.0,2.48,75.14,3.0,46485.0,3.0,1.0,2.5,3.0,3.0,2018.0,128.4,80.0,3.0,
46487,2,46038.0,194.0,15999854.0,10.0,2.48,839.0,1988.5,5.2,113776853.5,1.0,5.5,617.5,2.48,77.5,4.5,46487.0,3.25,1.0,1.5,3.0,3.5,,266.9,,,
46499,29,26517.0,180.0,523445.0,4.0,2.94,875.0,2018.0,6.5,116812067.0,1.0,9.0,670.0,2.94,78.4,5.0,46499.0,3.0,1.0,2.0,3.0,3.0,2017.5,34.9,90.0,3.0,85334.0
46509,18,39259.0,200.0,16470871.5,12.0,3.35,920.0,2012.0,6.7,116514527.0,1.0,7.5,760.0,3.35,92.0,5.0,46509.0,3.0,2.0,2.0,3.0,4.0,2017.0,69.595,115.0,5.0,
4651,40,47817.5,70.0,3520254.0,9.0,3.08,414.0,1984.0,9.88,115412287.5,1.0,4.0,255.5,3.08,60.05,1.0,4651.0,3.0,3.0,4.0,3.0,2.0,2018.0,122.8,85.0,54.0,
46514,5,27396.0,130.0,5360893.0,8.0,2.41,665.0,1969.0,4.68,113015890.0,1.0,2.0,500.0,2.41,78.0,3.0,46514.0,3.0,2.0,2.0,3.0,3.0,2018.0,145.5,0.0,5.0,
46519,3,45198.0,175.0,726748.0,7.0,2.7,,1984.0,6.39,115437158.0,1.0,4.0,539.0,2.7,96.86,4.0,46519.0,3.0,2.0,2.0,3.0,4.0,,135.6,90.0,0.0,
46535,30,49794.0,134.5,12647775.0,9.0,2.43,667.5,1960.0,5.75,115408291.5,1.0,2.0,517.0,2.43,74.16499999999999,4.0,46535.0,3.0,2.0,3.0,3.0,3.0,2016.5,114.0,77.5,1.0,
46537,16,20402.5,145.0,16823525.0,10.5,2.43,690.0,1972.0,5.75,116965567.5,1.0,3.0,496.69,2.43,71.5,3.5,46537.0,3.0,2.0,3.0,3.0,3.0,2020.0,112.9,90.0,4711.0,
46539,21,31742.0,175.0,718111.0,9.0,2.43,805.0,1992.0,5.75,116906843.0,1.0,5.0,618.0,2.43,76.65,5.0,46539.0,3.0,2.0,3.0,3.0,3.0,2007.0,84.0,62.0,4711.0,
4654,11,49650.0,80.0,12862274.0,9.0,2.96,380.0,1972.5,7.41,115753559.0,1.0,2.5,275.0,2.96,53.0,1.0,4654.0,2.0,2.0,3.0,2.0,2.0,2013.0,97.35,51.0,3.0,
4655,2,79917.5,95.0,659618.0,4.0,2.11,350.0,1960.0,8.08,113667014.0,,2.0,255.0,2.11,50.55,1.0,4655.0,2.5,2.0,2.0,2.5,2.0,1996.0,106.0,,,
46562,10,29578.0,160.0,861682.5,5.0,2.18,618.5,1994.0,4.88,115320736.5,1.0,5.0,412.0,2.18,70.0,3.0,46562.0,3.25,2.0,3.0,3.0,3.0,2020.0,102.15,75.0,1.0,
46569,3,34318.0,150.0,16881180.0,8.0,2.48,600.0,1995.0,5.07,115526271.0,1.0,5.0,450.0,2.48,66.0,3.0,46569.0,2.0,0.0,1.5,2.0,3.0,,113.35,,1007.0,
4668,62,64985.0,110.0,6409110.0,9.0,3.52,470.0,1968.0,9.57,114897290.5,1.0,2.0,330.0,3.52,58.504999999999995,2.0,4668.0,2.0,2.0,3.0,2.0,2.0,2020.0,144.0,82.5,1.0,
4680,28,58243.5,100.0,16997700.5,11.0,1.42,372.5,1986.5,3.92,115175847.5,1.0,4.0,269.46000000000004,1.62,60.235,1.0,4680.0,2.5,2.0,3.0,2.5,2.5,2019.5,79.4,64.0,5.0,
4683,12,34224.0,150.0,4367479.0,10.0,3.67,671.0,1910.0,14.14,115452409.5,1.0,1.0,482.5,3.67,73.5,3.0,4683.0,2.5,2.0,2.0,2.5,3.0,2020.0,107.0,95.0,4551.0,
4685,1,78222.0,200.0,16933978.0,10.0,2.83,650.0,1993.0,9.1,114018144.0,,5.0,450.0,2.83,98.0,3.0,4685.0,3.0,1.0,1.0,3.0,4.0,,142.7,,,
4687,5,44318.0,150.0,15917014.0,13.0,2.28,517.5,1990.0,11.5,115127184.0,1.0,4.5,360.0,2.28,70.0,2.0,4687.0,3.0,1.0,2.5,3.0,3.0,2019.0,103.5,75.0,1.0,
4703,29,54047.0,120.0,15364666.0,8.0,1.14,395.0,1937.0,1.33,115949254.0,1.0,1.0,275.0,1.14,58.3,1.0,4703.0,2.0,1.0,3.0,2.0,2.0,1999.0,125.2,70.0,100.0,
47051,42,38668.0,167.5,6557221.0,10.0,3.555,675.0,1963.0,11.21,116266861.5,1.0,2.0,493.28999999999996,3.66,70.24000000000001,3.0,47051.0,2.0,2.0,4.0,2.0,3.0,2014.0,135.0,87.5,19.0,
47053,69,51009.0,120.0,10817575.0,7.0,3.41,520.0,1955.0,10.22,115536100.0,2.0,2.0,350.0,3.41,57.0,2.0,47053.0,2.0,2.0,3.0,2.0,2.0,2019.0,124.5,61.5,1163.0,
47055,38,30940.0,130.0,15656121.0,10.0,3.25,558.5,1953.0,11.55,116920988.5,1.0,2.0,432.0,3.25,59.735,3.0,47055.0,2.5,2.0,3.0,2.0,2.0,2017.0,148.0,72.5,4711.0,
47056,1,69424.0,222.75,18049434.0,9.0,2.91,951.75,1997.0,4.96,112944242.0,1.0,5.0,729.0,2.91,81.0,5.0,47056.0,3.0,1.0,2.0,3.0,4.0,2019.0,97.2,,,
47057,46,33033.0,144.5,15682210.0,8.0,3.13,595.0,1955.0,11.53,116633044.0,1.0,2.0,430.0,3.13,64.27000000000001,3.0,47057.0,2.75,2.0,3.0,2.5,3.0,2019.0,129.9,61.0,101.5,
47058,34,40614.0,146.0,15118896.0,8.0,2.89,554.0,1954.0,11.54,116539757.0,1.0,2.0,439.0,2.89,63.1,3.0,47058.0,2.0,2.0,4.0,2.0,3.0,2020.0,121.0,54.0,4711.0,
47059,19,37515.0,147.0,705519.0,9.0,2.25,494.13,1958.5,8.89,116804840.0,,2.0,320.0,2.25,54.31,2.0,47059.0,2.0,2.0,2.5,2.0,2.0,2020.0,101.9,50.0,4711.0,
47119,32,55320.0,150.0,4921271.5,8.0,2.7,592.0,1957.0,9.495000000000001,114658847.5,,2.0,377.5,2.61,68.0,2.0,47119.0,2.75,2.0,3.0,2.5,3.0,2018.0,141.0,70.0,116.5,
47135,1,60102.0,70.0,16668643.0,11.0,3.08,505.0,,9.85,115688714.0,,,435.0,3.08,76.0,3.0,47135.0,2.5,,2.0,2.0,3.0,,,,,
47137,99,46056.0,106.0,11402775.0,8.0,3.08,517.0,1957.5,9.85,115777979.0,1.0,2.0,355.0,3.08,60.0,2.0,47137.0,2.5,2.0,3.0,2.0,2.0,2019.0,150.0,62.0,19000.0,
47138,26,37496.5,117.0,16307544.5,8.0,3.17,628.08,1967.0,9.7,116300616.5,1.0,2.0,405.0,3.17,70.55,3.0,47138.0,3.0,1.0,3.0,3.0,3.0,2016.0,114.0,72.5,0.0,
47139,39,40121.0,130.0,6449671.0,9.0,2.96,538.5,1955.0,9.78,116740798.0,1.0,2.0,359.0,2.96,65.0,2.0,47139.0,3.0,1.5,3.0,3.0,3.0,2018.0,139.4,69.3,9.0,
47166,69,45357.0,150.0,2755547.0,8.0,2.8,553.0,1964.0,8.92,116364409.0,1.0,2.0,380.0,2.8,70.0,2.0,47166.0,3.0,2.0,3.0,3.0,3.0,2019.0,136.0,70.0,4711.0,
47167,63,43667.0,134.0,1924949.0,7.0,2.62,530.0,1972.0,9.86,116357689.0,1.0,3.0,346.53,2.62,66.0,2.0,47167.0,2.5,2.0,3.0,2.0,3.0,2019.0,140.6,70.0,4711.0,
47169,66,51904.5,141.0,8011815.0,7.0,3.41,500.0,1961.0,9.39,115973398.5,1.0,2.0,349.5,3.41,60.0,2.0,47169.0,2.25,2.0,3.0,2.0,2.0,2019.0,139.0,70.0,1.0,
47178,28,39292.5,130.5,9627.0,9.0,3.32,577.78,1967.0,12.02,116765821.5,1.0,2.0,378.5,3.32,64.24,2.0,47178.0,3.0,1.0,2.0,3.0,3.0,,111.0,67.5,4711.0,
47179,36,36751.0,150.0,1924949.0,10.0,3.28,561.0,1965.0,11.3,116695327.5,1.0,2.0,397.5,3.28,66.22,2.0,47179.0,2.75,2.0,2.5,2.5,3.0,2015.0,128.4,70.0,4711.0,
47181,1,36664.0,180.0,18612581.0,7.0,1.96,1280.0,1994.0,10.97,116833365.0,1.0,5.0,1100.0,1.96,180.0,7.0,47181.0,4.0,,,4.0,7.0,2020.0,,,,
47198,63,48582.0,120.0,5398626.0,9.0,2.69,500.0,1968.0,9.63,115830020.0,1.0,2.0,375.0,2.69,59.6,2.0,47198.0,2.0,2.0,3.0,2.0,2.0,2019.0,132.285,70.0,4711.0,
47199,4,32680.0,175.0,638142.0,12.0,2.5,1125.0,1980.0,13.01,116878770.5,2.0,3.0,875.0,2.5,122.09,6.0,47199.0,3.5,2.0,2.0,3.5,5.5,,72.0,100.0,1.0,
4720,189,64333.0,110.0,581789.0,8.0,0.98,400.0,1966.0,-0.38,114750935.0,1.0,2.0,279.0,0.98,59.0,1.0,4720.0,2.0,2.0,4.0,2.0,2.0,2017.0,115.4,60.0,13.0,
47226,24,56647.5,126.0,15327510.0,8.5,2.24,565.38,1958.0,11.14,115747007.5,,2.0,363.0,2.24,62.730000000000004,2.0,47226.0,2.5,2.0,3.0,2.5,3.0,2015.0,139.3,56.0,3.0,
47228,30,46722.0,140.0,16427153.5,10.5,2.81,600.0,1966.0,11.17,115865527.0,1.0,2.0,420.0,2.81,68.095,3.0,47228.0,3.0,2.0,3.0,3.0,3.0,2019.0,101.5,65.0,2.5,
47229,24,41335.0,117.5,1259041.5,9.0,3.45,535.0,1957.0,11.57,115125693.5,1.0,2.0,362.0,3.45,61.19,2.0,47229.0,2.75,2.0,2.0,2.5,2.5,2013.5,130.0,54.0,3.0,
47239,25,22271.0,177.0,5326772.0,13.0,2.67,648.0,1967.0,12.66,116993812.0,1.0,2.0,458.79,2.67,70.57,3.0,47239.0,3.0,2.0,2.5,3.0,3.0,2017.0,137.42,48.0,4711.0,
47249,27,40881.0,170.0,15452152.0,10.0,3.91,604.1,1959.0,10.56,116254130.0,1.0,2.0,450.0,3.91,64.52,3.0,47249.0,3.0,2.0,3.0,3.0,3.0,2017.0,148.56,73.0,4711.0,
47259,43,29022.0,135.0,17094509.0,7.0,3.39,690.0,1954.0,12.32,116897094.0,1.0,2.0,425.0,3.39,64.24,3.0,47259.0,2.0,1.0,2.0,2.0,3.0,2019.0,99.34,72.0,51.0,
47266,3,45304.0,85.0,15445454.0,14.0,2.24,420.0,,11.14,116546052.0,,,335.0,2.24,58.38,2.0,47266.0,2.0,2.0,3.0,2.0,2.0,2020.0,150.0,0.0,,
47269,13,25199.0,150.0,17094509.0,8.0,3.03,723.0,1972.0,11.96,116921553.0,1.0,3.0,550.0,3.03,59.96,4.0,47269.0,2.5,2.0,3.0,2.0,2.0,2018.0,131.8,50.0,3.0,
47279,8,16721.5,131.5,17094509.0,12.5,4.7,860.0,1957.0,10.6,117111762.0,1.0,2.0,504.5,4.7,56.47,3.5,47279.0,2.0,1.0,3.0,2.0,2.0,2010.0,165.75,73.5,3.0,
47335,1,7046.0,75.0,18628926.0,7.0,2.73,555.0,,7.01,117297964.0,,,480.0,2.73,92.0,3.0,47335.0,3.0,1.0,3.0,3.0,4.0,2012.0,218.7,,,
4736,39,60548.0,90.0,12802178.0,8.0,0.79,385.5,1983.0,-0.27,115669274.0,1.0,4.0,280.0,0.79,58.0,1.0,4736.0,2.0,1.0,3.0,2.0,2.0,2018.0,114.5,60.0,100.0,
4741,20,79462.5,120.0,619836.0,10.0,1.0,397.5,1994.0,-1.08,112441799.0,1.0,5.0,273.0,1.0,59.145,1.0,4741.0,2.0,1.0,3.0,2.0,2.0,2008.0,120.0,55.0,100.0,
47441,57,32194.0,140.0,1924949.0,11.0,2.6,772.5,1969.0,5.83,116850628.0,1.0,2.0,539.0,2.6,75.0,4.0,47441.0,3.0,2.0,3.0,3.0,3.0,2019.0,113.35,75.0,7.5,
47443,18,43004.0,130.0,7214162.5,9.0,2.6,597.5,1962.0,5.83,115518980.5,1.0,2.0,457.5,2.6,72.0,3.0,47443.0,3.0,1.5,2.0,3.0,3.0,2020.0,137.05,65.0,14001.5,
47445,18,32928.5,150.0,7527606.5,9.0,2.6,600.0,1975.5,5.83,116892395.0,1.0,3.0,397.845,2.6,68.0,2.0,47445.0,3.0,2.0,2.5,3.0,3.0,2018.0,110.0,75.0,2.0,
47447,10,40406.5,125.5,12503376.0,7.5,2.6,545.91,1981.0,5.83,116151674.5,1.0,4.0,385.355,2.6,63.730000000000004,2.0,47447.0,2.0,3.0,3.0,2.0,3.0,2014.5,120.0,61.0,7.5,
4746,14,67878.0,92.5,705329.0,11.0,0.82,355.855,1981.0,-2.54,115180409.5,1.0,4.0,258.395,0.82,47.730000000000004,1.0,4746.0,2.0,1.5,3.0,2.0,2.0,2012.5,124.0,62.144999999999996,,
47475,33,29341.0,200.0,16555963.0,8.0,3.52,887.0,1999.0,5.97,116663842.0,1.0,5.0,580.0,3.52,82.0,4.0,47475.0,3.0,1.0,3.0,3.0,4.0,2018.0,125.4,66.0,33.0,
4749,4,51302.0,150.65,15791163.0,20.5,-0.23,432.365,1984.5,1.66,116206267.5,,4.0,281.12,-0.23,70.28,1.5,4749.0,3.5,2.0,4.0,3.5,2.5,,103.74000000000001,,,
47495,11,31326.0,190.0,14219585.0,10.0,2.63,921.0,2003.0,5.7,112088135.0,1.0,6.0,615.0,2.55,88.0,5.0,47495.0,3.0,2.0,2.0,3.0,4.0,2016.0,47.7,88.0,1000.0,
47506,23,49828.0,170.0,16573681.0,12.0,2.91,790.0,2005.0,4.96,115496486.0,1.0,6.0,640.0,2.91,83.0,5.0,47506.0,3.0,2.0,3.0,3.0,4.0,2019.0,134.6,92.5,10.0,
47509,3,21016.0,140.0,15489075.0,8.0,2.07,600.0,1989.5,5.02,81054753.0,1.0,4.5,460.0,2.07,70.16,3.0,47509.0,3.0,1.0,2.0,3.0,3.0,2015.0,,79.25,3.0,
47533,73,41743.0,120.0,14862279.0,9.0,2.73,607.75,1979.0,7.01,114908830.0,1.0,3.0,500.0,2.73,63.0,3.0,47533.0,2.0,1.0,2.0,2.0,3.0,2014.0,123.3,57.5,2.0,
47546,2,58271.5,67.5,283403.5,4.0,2.66,308.5,1915.0,6.38,115836838.0,,1.0,241.0,2.66,27.635,1.0,47546.0,1.5,1.0,1.0,1.5,1.0,2019.0,221.95,,239.0,
47551,2,46682.0,225.0,15791535.0,15.0,2.815,725.0,1965.0,3.2,110801506.5,1.0,2.0,637.5,2.46,103.195,4.5,47551.0,3.5,1.0,1.0,3.5,4.5,2017.0,150.3,,,
47559,4,38685.0,120.0,16084482.5,2.5,1.1,485.0,2012.0,5.69,116750465.5,1.0,8.0,562.0,1.1,78.0,4.0,47559.0,3.0,1.0,2.0,3.0,3.5,2020.0,54.68,17.5,2.0,
47574,24,31825.5,132.0,15191734.0,9.0,2.43,677.5,2005.5,6.31,116751270.5,1.0,6.5,548.22,2.43,79.97999999999999,4.0,47574.0,3.0,1.0,2.0,3.0,3.0,2016.0,115.0,62.5,475.0,
4758,37,51570.0,110.0,16868628.0,10.0,3.35,469.07,1989.0,4.69,115831418.0,1.0,4.0,340.0,3.35,60.25,2.0,4758.0,2.0,1.0,3.0,2.0,2.0,2019.0,97.0,65.0,13.0,
47589,5,39550.0,50.0,229945.0,3.0,2.96,439.5,1967.0,7.36,116757212.0,1.0,2.0,350.0,2.96,66.0,2.0,47589.0,3.0,0.5,1.0,3.0,3.0,2015.0,199.0,55.0,475.0,
47608,16,33500.0,140.0,16527186.0,9.5,2.77,800.0,1993.5,7.81,116614478.0,1.0,5.0,600.0,2.77,77.0,4.5,47608.0,3.0,2.0,3.0,3.0,3.0,2017.0,37.85,50.0,3.0,
47623,12,26729.5,117.5,11056662.5,10.0,2.91,730.0,2007.5,7.25,115513626.0,1.0,7.0,612.5,2.91,76.5,4.5,47623.0,2.0,1.0,2.0,2.0,3.0,2015.0,65.19999999999999,35.0,39272.5,
47626,4,13353.5,100.0,17152113.5,9.0,2.91,720.0,2008.5,7.25,117185005.5,1.0,7.0,584.25,2.91,86.56,4.5,47626.0,2.5,1.5,2.0,2.5,3.5,2000.0,106.1,40.0,,
47638,8,60323.5,180.0,3217228.0,11.5,2.72,920.0,2001.0,7.41,112804828.5,1.0,5.5,672.5,2.72,94.5,5.0,47638.0,3.0,1.5,3.0,3.0,4.0,2019.0,45.0,40.0,,
47647,8,25646.5,140.0,18248171.0,3.0,2.42,930.0,2020.0,4.54,116982003.5,1.0,9.0,790.0,2.42,86.6,5.5,47647.0,3.0,1.0,2.0,3.0,4.0,2019.5,27.8,,17.0,
47661,5,15664.0,115.0,16958074.0,12.0,3.21,494.0,1992.0,7.21,107481471.0,1.0,5.0,384.0,3.21,46.0,2.0,47661.0,2.0,1.5,2.0,2.0,2.0,2015.0,91.55,,,
47665,2,23621.0,215.0,574064.0,4.0,2.67,,1998.0,5.58,84454652.5,1.0,5.0,540.0,2.67,91.0,4.0,47665.0,3.0,1.0,1.5,3.0,4.0,2015.0,,,5.0,
47669,4,33140.0,127.5,8202575.0,11.5,2.7,610.0,2006.0,7.9,104078402.5,1.0,6.5,555.0,2.7,75.5,4.0,47669.0,3.0,1.5,2.5,3.0,3.0,1991.0,70.0,,,
4769,12,67530.5,125.0,6577769.0,7.5,2.03,415.0,1994.0,7.37,114376815.5,1.0,5.0,275.0,2.03,59.015,1.0,4769.0,2.75,2.0,3.0,2.5,2.0,2010.0,122.5,62.5,8.0,
4774,3,51747.0,75.0,18161839.0,20.0,2.2,455.0,1982.0,7.72,114762403.0,,4.0,305.0,2.2,57.67,2.0,4774.0,3.0,2.5,4.0,3.0,2.0,2017.0,92.0,75.0,,
47789,1,8438.0,180.0,16837042.0,26.0,2.99,800.0,,7.87,108368675.0,,,620.0,2.99,80.0,5.0,47789.0,3.0,3.0,3.0,3.0,3.0,,,,,
4779,2,27641.5,72.5,8953973.0,6.0,2.22,379.5,1981.0,4.74,101906906.5,,4.0,295.5,2.22,59.785,1.5,4779.0,3.0,0.5,3.0,3.0,2.0,,109.7,95.0,,
47798,122,35209.0,150.0,15533329.0,9.0,3.16,642.5,1954.0,6.05,116622378.5,1.0,2.0,470.0,3.16,63.0,3.0,47798.0,2.0,2.0,3.0,2.0,3.0,2019.0,141.0,70.0,1.0,74956.0
47799,74,35493.5,150.0,12617368.0,9.0,2.88,650.0,1956.0,6.84,116300578.5,1.0,2.0,467.5,2.88,69.75999999999999,3.0,47799.0,2.0,2.0,3.0,2.0,3.0,2016.0,160.0,75.0,1.0,
47800,35,41960.0,190.0,2027181.0,9.0,2.67,792.5,1971.5,7.25,115985365.0,1.0,3.0,595.0,2.67,65.1,4.0,47800.0,2.0,1.0,3.0,2.0,3.0,2019.0,116.0,105.0,3.0,
47802,8,26521.5,247.5,10972005.0,11.0,2.83,997.5,1994.0,7.06,116983169.0,2.0,4.5,1110.0,2.83,101.5,6.5,47802.0,2.0,0.5,2.0,2.0,4.5,2017.0,70.4,50.0,1.0,
47803,30,38740.0,150.0,9007982.5,7.5,2.6,629.0,1967.0,6.95,116587349.0,1.0,2.0,450.0,2.6,61.5,3.0,47803.0,2.0,2.0,3.0,2.0,2.5,2020.0,135.8,85.0,1.5,
47804,5,8743.0,144.0,17094509.0,13.0,2.67,685.0,1966.0,6.15,117280681.0,1.0,2.0,439.0,2.67,64.0,3.0,47804.0,2.0,1.0,4.0,2.0,3.0,,139.52499999999998,,,
47805,24,37114.5,150.0,618105.5,7.0,3.1,640.0,1973.0,7.1,116735977.5,1.0,3.0,507.095,3.1,61.0,3.5,47805.0,2.0,3.0,3.0,2.0,2.5,2019.0,136.0,71.5,3.0,
47807,15,33701.0,220.0,15332469.0,12.0,2.79,760.0,1972.0,7.48,116796167.0,1.0,3.0,580.0,2.79,80.0,4.0,47807.0,3.0,2.0,4.0,3.0,3.0,2019.0,111.0,88.5,7355.0,
47809,19,41035.0,160.0,445672.0,8.0,3.0,691.0,1972.0,7.25,115801635.0,1.0,3.0,520.0,3.0,68.69,4.0,47809.0,3.0,2.0,3.0,3.0,3.0,2020.0,142.0,73.0,,
47829,11,26319.0,130.0,10827803.0,10.0,2.64,715.0,1982.0,7.86,116989366.0,1.0,4.0,530.0,2.64,68.67,4.0,47829.0,2.0,1.0,3.0,2.0,3.0,2011.0,84.7,110.0,1.0,
47839,8,38089.5,190.0,15933663.0,13.0,2.4050000000000002,730.0,1970.0,7.94,110615726.0,1.0,2.0,535.0,2.38,70.0,4.0,47839.0,2.5,2.0,3.0,2.5,3.0,2018.0,132.75,75.0,,
47877,35,26549.0,168.0,15752716.0,12.0,3.03,792.0,1971.0,8.04,116890608.0,1.0,2.5,612.0,3.03,72.0,5.0,47877.0,2.0,1.0,2.0,2.0,3.0,2019.5,144.1,100.0,1.0,
47906,9,23368.0,180.0,2576046.0,9.0,2.83,580.0,1981.5,8.05,117026463.0,1.0,3.5,416.0,2.83,64.0,3.0,47906.0,3.0,1.0,2.0,3.0,3.0,2020.0,129.0,102.0,3302.5,
47918,18,25214.0,167.5,15518425.5,12.0,2.7,917.5,1993.0,7.59,115913718.5,1.0,5.0,647.5,2.7,94.225,5.0,47918.0,3.0,2.0,2.0,3.0,4.5,2019.0,124.0,50.0,3.0,
47929,9,25302.0,125.0,1944478.0,7.0,2.15,550.0,1994.0,5.69,116917723.0,1.0,5.0,575.0,2.15,75.0,4.0,47929.0,3.0,1.0,2.0,3.0,3.0,2020.0,154.0,,1.0,
47998,1,58093.0,250.0,16391193.0,6.0,3.16,1050.0,1899.0,6.05,115789957.0,,1.0,800.0,3.16,100.0,5.0,47998.0,3.5,3.0,3.0,3.0,4.0,,,,,
4808,97,65810.0,100.0,1007006.0,10.0,2.83,430.0,1985.0,9.1,115133679.0,1.0,4.0,300.0,2.83,60.0,1.0,4808.0,2.0,2.5,3.0,2.0,2.0,2019.0,117.0,55.35,4.0,
48143,19,35689.0,200.0,17144993.0,7.0,4.37,1270.5,1999.0,6.47,116769629.0,1.0,5.0,1000.0,4.37,77.0,6.0,48143.0,2.0,3.0,4.0,2.0,3.0,2019.0,63.7,160.0,1.0,
48145,9,11076.0,190.0,15406335.0,10.0,4.97,1275.0,1974.0,8.96,116850958.0,1.0,3.0,1095.0,4.97,78.0,7.0,48145.0,3.0,2.0,2.5,3.0,3.0,2018.0,99.0,74.0,100.0,
48147,18,11628.5,222.0,15941190.0,11.0,3.99,1490.0,2017.0,7.43,117152370.0,1.0,9.0,1240.0,4.29,101.805,7.0,48147.0,3.0,2.0,3.0,3.0,5.0,2015.0,76.43,70.0,3.0,
48149,25,25042.0,182.5,16921408.0,9.0,4.29,1000.0,2000.0,9.73,116976433.0,1.0,6.0,915.0,4.29,73.0,6.0,48149.0,2.0,2.0,3.0,2.0,3.0,2017.0,81.0,92.5,100.0,
48151,22,22404.5,150.0,18000680.5,4.0,4.88,732.76,2016.5,9.605,115891087.5,1.0,9.0,699.85,4.88,60.565,5.0,48151.0,2.0,1.0,2.5,2.0,2.5,2019.0,52.5,104.0,921.0,
48153,7,22499.0,150.0,16069813.0,9.0,5.18,900.0,2012.0,9.84,117033856.0,1.0,8.0,750.0,5.18,65.56,5.0,48153.0,2.0,2.0,2.0,2.0,3.0,2014.0,25.0,125.0,,
48155,12,14758.0,160.0,17872590.0,6.5,4.345000000000001,945.0,2000.0,8.41,116851097.5,1.0,5.5,767.25,4.19,69.5,5.0,48155.0,2.0,2.0,2.0,2.0,3.0,2019.0,129.9,80.0,,
48157,12,16314.0,220.0,16549105.5,12.5,4.68,1166.5,2002.0,8.47,116802001.0,1.0,6.0,1005.5,4.68,94.16,6.5,48157.0,3.0,1.0,2.5,3.0,4.0,2020.0,47.0,114.0,,
48159,48,42800.0,75.0,497657.0,6.0,5.79,560.0,1974.0,7.33,116614546.0,1.0,3.0,354.5,5.79,32.08,2.0,48159.0,1.0,4.0,7.0,1.0,1.0,2019.0,79.0,31.5,3.0,
48161,16,19533.0,120.0,16574172.0,8.5,4.47,510.0,1980.0,9.0,116943564.0,1.0,3.0,415.0,4.47,35.0,3.0,48161.0,1.0,1.5,3.0,1.0,1.0,2018.0,112.5,30.0,326.5,
48163,7,10940.0,150.0,10197475.0,8.0,4.67,980.0,1971.5,8.77,117146303.0,1.0,2.5,830.0,4.67,81.0,6.0,48163.0,3.0,2.0,3.0,3.0,4.0,2020.0,123.0,57.5,,
48165,15,19798.0,140.0,5354674.0,8.0,4.58,967.5,1998.0,8.59,117035876.0,1.0,5.5,785.0,4.58,80.0,5.0,48165.0,2.0,1.0,3.0,2.0,3.0,2014.0,104.0,58.0,1841.0,
48167,28,29453.5,187.28,16620888.5,10.5,4.61,977.25,1981.0,8.52,116583824.0,1.0,3.5,790.0,4.615,81.555,5.5,48167.0,3.0,1.5,2.0,3.0,4.0,2019.0,89.05,62.305,1.0,
48176,1,11643.0,260.0,18587541.0,1.0,4.61,1522.0,1967.0,8.52,117196992.0,1.0,2.0,1262.0,4.61,112.0,7.0,48176.0,5.0,1.0,3.0,5.0,5.0,2012.0,,,,
4821,3,26107.0,120.0,15480682.0,8.0,4.96,570.0,1995.0,12.3,116515328.0,1.0,5.0,450.0,4.96,70.0,3.0,4821.0,2.0,1.0,2.5,2.0,3.0,2020.0,90.2,,,
48231,18,23275.5,147.5,7414375.0,7.0,3.78,720.0,1984.0,9.64,116965375.0,1.0,4.0,557.5,3.78,77.485,4.0,48231.0,3.0,1.0,2.5,3.0,3.0,2017.5,94.0,,,
4824,3,32146.0,115.0,15298838.0,9.0,4.96,451.0,1993.0,12.3,116923950.0,1.0,5.0,336.0,4.96,48.0,2.0,4824.0,2.0,2.0,2.0,2.0,2.0,2008.5,97.3,85.0,1006.0,
48249,14,52810.5,165.72,17882325.0,5.0,3.49,997.73,2019.0,7.54,116125525.5,1.0,9.0,829.845,3.49,86.77,6.0,48249.0,3.0,1.0,2.0,3.0,4.0,2012.0,15.3,60.0,109.0,
48268,21,34365.0,150.0,14961404.0,11.0,3.44,790.0,1994.0,7.4,116673135.0,1.0,5.0,610.0,3.44,83.0,5.0,48268.0,3.0,1.0,2.0,3.0,4.0,2015.0,72.5,60.0,2.0,
4827,11,55680.0,150.0,16506589.0,12.0,4.32,460.0,1995.0,13.91,115774960.0,1.0,5.0,392.7,4.32,67.0,2.0,4827.0,3.0,2.0,3.0,3.0,3.0,2013.5,95.5,75.0,1.0,
4828,7,55431.0,100.0,15435724.0,12.0,3.97,547.0,1950.0,10.36,115984979.0,1.0,1.0,395.0,3.97,69.0,2.0,4828.0,3.0,2.0,2.0,3.0,3.0,2011.0,93.7,,4.0,
48282,8,12363.0,150.0,2931588.5,7.0,3.59,850.0,2013.0,7.79,116776536.5,1.0,8.0,575.5,3.59,86.85,4.0,48282.0,2.5,2.5,3.0,2.5,4.0,,77.55,,5.0,
48291,8,36008.0,182.5,17510683.5,8.0,3.94,871.2,1984.5,9.86,113627083.5,1.0,4.0,710.0,3.94,87.0,5.0,48291.0,3.0,2.0,3.0,3.0,4.0,2020.0,146.9,69.5,,
48301,6,16288.0,155.0,17670464.5,5.5,3.53,728.5,2007.5,7.84,117117017.5,1.0,7.0,576.0,3.53,71.5,4.0,48301.0,2.5,1.5,2.0,2.5,3.5,2020.0,51.5,30.0,53790.0,
48308,6,24670.5,90.0,7811555.0,9.5,3.82,625.725,1975.5,6.69,116489279.5,1.0,3.0,576.0,3.82,76.275,4.0,48308.0,3.0,1.0,2.5,3.0,3.0,2019.0,111.1,85.0,100.0,
48321,1,6114.0,190.0,18591607.0,20.0,3.86,1040.0,2020.0,9.64,117268826.0,1.0,9.0,850.0,3.86,85.0,6.0,48321.0,3.0,3.0,3.0,3.0,4.0,2020.0,30.1,,,
48324,1,11885.0,220.0,13866778.0,19.0,2.84,,2020.0,9.54,117188085.0,1.0,9.0,1110.0,2.84,148.0,7.0,48324.0,3.0,1.0,,3.0,6.0,2020.0,,100.0,,
48329,3,12612.0,85.0,1466154.0,10.0,4.69,500.0,1980.0,3.39,110259182.0,1.5,3.0,350.0,4.69,45.0,2.0,48329.0,2.0,1.0,2.0,2.0,2.0,2020.0,147.05,67.5,,
48336,3,45800.0,110.0,16623081.0,15.0,3.89,740.98,1976.0,7.97,116489412.0,1.0,5.0,615.0,3.89,90.14,5.0,48336.0,3.0,1.5,2.0,3.0,4.0,2014.5,,55.0,,
48341,5,17243.0,115.0,5776498.0,6.0,3.64,649.94,1990.0,9.24,115758294.0,0.5,4.0,426.94,3.64,74.25,3.0,48341.0,3.0,1.0,1.0,3.0,3.0,2016.0,128.0,75.0,11.0,
48346,4,42508.0,155.0,17205897.0,5.5,3.17,772.0,2013.5,8.73,116515770.0,1.0,8.0,597.0,3.17,73.81,4.5,48346.0,3.0,1.0,2.0,3.0,3.0,2017.0,39.5,,,
48351,2,10720.0,155.0,11438080.0,8.5,3.99,725.0,1983.0,7.75,82735003.0,1.0,4.0,570.0,3.5,75.0,4.0,48351.0,3.0,1.0,2.0,3.0,3.0,2017.0,,,,
48356,2,18853.0,130.0,17205734.0,18.0,3.09,905.0,2019.0,8.61,89210868.5,1.0,9.0,775.0,3.09,92.775,5.0,48356.0,4.75,0.0,0.0,4.0,4.0,,55.5,,,
48361,1,24716.0,200.0,5394580.0,12.0,2.91,,1979.0,4.06,117011876.0,,3.0,550.0,2.91,80.0,4.0,48361.0,3.0,1.0,,3.0,3.0,,144.3,,,
48366,3,60159.0,101.15,14858416.0,6.0,2.87,569.41,1998.0,7.08,108203250.0,0.5,5.0,404.58,2.87,67.43,3.0,48366.0,3.0,2.0,2.0,3.0,3.0,2018.0,86.75,81.84,,
48369,1,15437.0,160.0,18625077.0,10.0,2.91,660.0,,10.25,117127553.0,1.0,,500.0,2.91,77.0,3.0,48369.0,3.0,,,3.0,3.0,,,,,
4838,99,48452.0,69.0,15779686.0,9.0,2.61,371.5,1963.0,10.31,115995060.0,1.0,2.0,275.0,2.61,56.0,1.0,4838.0,2.0,2.0,4.0,2.0,2.0,2014.0,96.8,65.0,1.0,
4839,1,1196.0,200.0,481984.0,4.0,1.02,550.0,1900.0,6.82,117371387.0,,1.0,350.0,1.02,100.0,2.0,4839.0,4.0,,4.0,4.0,4.0,,,,,
48429,15,29323.0,130.0,786115.0,4.0,3.7,745.0,1998.0,6.77,115663351.0,1.0,5.0,517.0,3.7,74.0,4.0,48429.0,3.0,2.0,2.0,3.0,3.0,2011.5,58.8,65.0,,
48431,12,42681.0,120.0,3276643.0,7.5,3.7,742.5,1975.0,6.77,112959788.0,1.0,3.0,502.5,3.7,68.05,3.5,48431.0,2.0,1.0,2.0,2.0,3.0,2020.0,169.0,70.0,,
48432,1,52481.0,120.0,786115.0,5.0,3.7,,2017.0,6.77,107722155.0,1.0,9.0,322.46,3.7,66.0,2.0,48432.0,2.0,0.0,2.0,2.0,3.0,,28.0,70.0,,
48455,10,51234.5,172.5,16049998.0,4.5,3.8449999999999998,882.5,2014.0,3.24,112461129.0,1.0,8.0,622.5,3.87,94.50999999999999,4.5,48455.0,3.0,2.0,3.0,3.0,4.0,2017.0,63.4,48.0,300.0,
48477,4,24600.5,120.0,11209316.5,10.0,3.88,820.0,1961.5,6.21,116922008.0,1.0,2.0,617.5,3.88,91.0,4.5,48477.0,4.0,2.0,2.0,4.0,4.0,2020.0,116.05,85.0,244.5,
48480,1,52182.0,230.0,699535.0,18.0,3.08,960.0,2011.0,5.47,116169016.0,2.0,8.0,730.0,3.08,115.0,5.0,48480.0,5.0,1.0,2.0,5.0,5.0,,69.7,,,
48485,1,11658.0,60.0,17607999.0,11.0,,550.0,1995.0,,101157371.0,1.0,5.0,440.0,,78.0,3.0,48485.0,3.0,2.0,3.0,3.0,3.0,,,50.0,,
4849,16,49196.0,112.5,829620.5,12.5,3.13,477.0,1973.5,8.46,116361756.0,2.0,3.0,314.5,3.13,60.0,1.5,4849.0,3.0,3.0,5.0,3.0,2.0,,106.0,62.0,,
48493,1,54623.0,60.0,15667804.0,7.0,2.78,549.43,1974.0,4.61,116025516.0,,3.0,409.43,2.78,54.59,3.0,48493.0,2.0,0.0,1.0,2.0,2.0,,,60.0,,
48499,1,36711.0,145.0,17997078.0,9.0,3.0,835.0,2019.0,,113072298.0,2.0,9.0,690.0,3.0,92.46,5.0,48499.0,3.5,1.0,1.0,3.0,4.0,2019.0,41.0,,,
48527,3,39517.0,128.5,353641.0,5.0,3.32,,2019.0,3.66,116757465.0,1.0,9.0,500.0,3.32,74.0,3.0,48527.0,3.0,1.0,2.0,3.0,3.0,,94.5,70.0,,
48529,6,43379.0,117.5,7876924.5,3.5,3.37,825.0,1984.0,3.66,116082200.0,1.0,4.0,570.0,3.37,85.10499999999999,4.5,48529.0,3.0,2.0,3.0,3.0,4.0,,87.0,80.0,,
48565,22,31135.0,150.0,16682321.5,1.5,3.64,821.0,2019.5,7.74,116931128.0,1.0,9.0,577.875,3.64,73.5,4.0,48565.0,2.5,1.0,2.0,2.5,3.0,2018.0,56.45,,12552.0,
48599,19,41683.0,120.0,15847375.0,7.0,3.35,756.0,2018.0,6.92,116667064.0,1.0,9.0,600.0,3.35,79.56,4.0,48599.0,3.0,1.0,3.0,3.0,3.0,2018.0,166.2,57.0,1000.0,
4860,16,56705.0,74.5,374451.0,7.0,2.18,408.5,1970.0,11.15,114858272.0,2.0,2.0,287.5,2.18,58.9,1.0,4860.0,2.5,3.0,1.0,2.5,2.0,2020.0,83.0,58.0,1.0,
48607,4,16378.0,145.68,3175807.5,0.5,3.6,425.22,2019.0,8.86,117116261.0,1.5,9.0,610.0,3.6,76.0,5.0,48607.0,3.0,0.5,2.5,3.0,3.0,,55.0,,,
48612,1,10322.0,200.0,18627629.0,13.0,3.83,950.0,1981.0,6.85,117244547.0,,4.0,750.0,3.83,110.0,5.0,48612.0,4.0,1.0,1.0,4.0,5.0,2017.0,125.0,,,
48619,1,44076.0,150.0,18604789.0,3.0,3.73,970.0,2015.0,2.49,116572730.0,1.0,8.0,820.0,3.73,145.0,6.0,48619.0,4.0,1.0,1.0,4.0,6.0,,,,,
48629,2,26562.0,107.5,2839665.0,5.5,3.32,493.77,1986.0,2.81,78210417.0,1.0,4.0,353.77,3.32,72.375,2.0,48629.0,2.5,1.0,,2.5,3.0,,164.15,65.0,53450.0,
48653,15,40493.0,121.85,15387427.0,4.0,3.83,675.03,1995.0,7.03,116164841.0,1.0,5.0,490.07,3.83,69.0,3.0,48653.0,3.0,2.0,2.0,3.0,3.0,2019.5,130.5,69.5,1.0,
48683,11,15519.0,150.0,17493231.0,4.0,3.5,695.0,1995.0,6.88,117126966.0,1.0,4.5,575.0,3.5,81.0,4.0,48683.0,3.0,2.0,2.5,3.0,4.0,2016.5,70.0,48.0,1.0,
48691,3,40435.0,50.0,1257841.0,5.0,3.36,410.0,2015.0,4.39,116735493.0,1.0,8.0,360.0,3.36,46.0,2.0,48691.0,2.0,2.0,2.0,2.0,2.0,,36.0,,,
48703,3,28828.0,180.0,18400943.0,7.0,3.61,885.0,1994.0,5.8,116869685.0,1.0,5.0,680.0,3.61,105.0,5.0,48703.0,3.5,,,3.0,5.0,2018.5,,85.0,,
48712,5,27578.0,85.0,490076.0,1.0,3.33,615.0,1982.0,6.84,116986500.0,1.0,4.0,530.0,3.33,76.62,4.0,48712.0,3.0,1.0,3.0,3.0,3.0,2017.0,125.45,,,
48720,4,51826.0,137.5,9651066.0,8.0,2.49,585.0,1991.0,3.93,115323596.0,1.0,5.0,512.5,2.49,92.31,3.5,48720.0,3.5,1.0,2.0,3.5,4.0,2015.0,86.9,,,
48727,3,19842.0,180.0,18404064.0,18.0,3.34,1340.0,2020.0,7.56,117065815.0,1.0,9.0,1090.0,3.34,122.0,7.0,48727.0,3.0,2.0,2.0,3.0,6.0,2018.0,21.0,,,
4874,3,80481.0,70.0,18433813.0,7.0,2.63,366.0,1985.0,6.06,113527861.0,1.0,4.0,245.0,2.63,58.0,1.0,4874.0,3.0,1.0,4.0,3.0,2.0,2020.0,111.0,,,
4880,2,63664.0,64.5,364646.0,2.0,2.75,395.0,1963.0,,115270231.0,,2.0,270.5,2.75,59.7,1.0,4880.0,3.0,2.0,,3.0,2.0,,77.5,60.0,1.0,
4886,14,49441.5,145.5,1168457.0,11.5,2.24,449.0,1993.0,,114829997.5,1.0,5.0,291.0,2.24,63.6,1.0,4886.0,3.0,2.0,3.5,3.0,3.0,2019.0,61.5,82.5,2.5,
4895,2,66288.5,66.81,399354.0,7.5,2.72,406.05,2001.0,,115372659.0,,6.0,258.16999999999996,2.72,47.07,1.0,4895.0,1.0,1.5,1.0,1.0,1.5,,67.0,54.14,6271.0,
49034,1,36773.0,70.0,12623979.0,5.0,3.07,290.0,1962.0,6.57,54833990.0,1.0,2.0,220.0,3.07,19.0,1.0,49034.0,1.0,1.0,3.0,1.0,1.0,2010.0,,,,
49074,21,40360.0,135.0,15363197.0,12.0,3.07,1002.5,1962.0,6.57,115671521.0,1.0,2.0,890.0,3.07,91.0,6.0,49074.0,3.0,2.0,3.0,3.0,4.0,2014.0,142.15,70.0,517.0,
49076,18,33347.0,194.0,5133961.0,11.0,3.02,1152.24,2000.5,7.47,114601162.0,1.0,5.5,882.62,3.02,95.41999999999999,6.0,49076.0,3.0,2.0,2.0,3.0,4.0,2018.5,70.15,86.25,1000.0,
49078,7,31204.0,170.0,15779144.0,11.0,3.56,870.0,1983.0,8.25,116940958.0,1.0,4.0,690.0,3.56,84.03,5.0,49078.0,3.0,2.0,3.0,3.0,4.0,2019.0,70.0,100.0,203.5,
49080,23,34003.0,100.0,17549179.0,8.0,3.16,722.5,1956.0,8.06,116080900.0,1.0,2.0,600.0,3.24,68.17,4.0,49080.0,2.0,2.0,3.0,2.0,3.0,2019.0,199.0,70.0,502.0,
49082,8,35384.0,113.5,9126827.5,6.5,3.69,627.5,1964.0,7.45,116760598.5,1.0,2.0,500.0,3.69,63.0,3.5,49082.0,3.0,2.0,2.5,3.0,2.5,2019.0,164.0,60.0,,
49084,8,27337.0,142.5,10555857.5,7.5,3.57,791.5,2004.0,7.47,116988162.5,1.0,6.5,645.0,3.57,71.21000000000001,5.0,49084.0,2.5,1.0,3.0,2.5,3.0,2020.0,58.8,62.5,19.0,
49086,12,24309.0,150.0,15974479.5,9.5,2.6399999999999997,897.5,1986.0,6.89,117016898.5,1.0,4.0,757.5,2.6399999999999997,86.5,5.0,49086.0,3.0,2.0,2.0,3.0,4.0,2016.0,118.6,95.0,,
49088,18,37825.5,134.5,146060.0,7.0,4.27,784.475,1961.0,7.98,116109234.5,1.0,2.0,568.8399999999999,4.27,71.47999999999999,4.0,49088.0,3.0,2.0,2.0,3.0,3.0,2014.5,76.5,72.0,,
49090,12,32178.5,129.0,1086113.0,10.0,3.38,674.52,1978.0,7.28,116676939.0,1.0,3.0,494.25,3.38,69.13,3.0,49090.0,2.0,1.0,2.0,2.0,3.0,2019.0,118.1,69.0,50905.0,
4910,9,57323.0,100.0,7299374.0,6.0,1.82,480.0,1974.0,11.89,115305503.0,1.0,3.0,340.0,1.82,60.88,2.0,4910.0,2.0,2.0,3.0,2.0,2.0,,113.0,73.0,3.0,
49124,5,28883.0,140.0,18107595.0,9.0,4.17,620.0,1975.5,6.89,115786232.0,1.5,3.0,480.0,4.17,78.0,3.0,49124.0,3.0,1.0,1.0,3.0,3.0,2017.0,159.65,55.5,50905.0,
49134,5,15305.0,80.0,15768036.0,19.0,3.98,720.0,1988.0,6.29,117128043.0,1.0,4.0,640.0,3.98,83.5,5.0,49134.0,3.0,1.0,2.0,3.0,4.0,2017.0,121.5,50.0,1602.0,
49145,1,52190.0,55.0,949305.0,10.0,2.45,,,8.66,116169436.0,,,250.0,2.45,35.98,1.0,49145.0,2.0,3.0,,2.0,1.0,,,35.0,,
49152,4,52710.5,145.0,18245339.0,7.0,3.455,812.5,2019.5,7.2,113352683.5,1.0,9.0,622.5,3.43,74.0,4.0,49152.0,2.5,2.0,3.0,2.5,3.0,2017.5,47.0,,,
4916,7,65587.0,92.5,574507.0,8.0,1.65,476.5,1965.0,20.28,97909517.0,4.0,2.0,331.0,1.65,59.43,2.0,4916.0,3.0,3.0,3.0,3.0,2.0,2002.0,111.5,65.0,1.0,
49163,1,4089.0,90.0,16496104.0,2.0,2.43,650.0,,5.93,117335915.0,1.0,,560.0,2.43,100.0,4.0,49163.0,3.0,1.0,2.0,3.0,4.0,,,,,
49176,3,23144.0,134.75,17626820.0,8.0,3.65,670.5,1956.0,4.79,117025937.0,1.0,4.5,450.0,3.65,85.0,3.0,49176.0,2.0,0.0,2.0,2.0,4.0,,60.0,55.0,,
49179,1,18918.0,120.0,16998748.0,12.0,3.39,805.0,2016.0,6.41,86778516.0,,9.0,685.0,3.39,85.0,5.0,49179.0,2.0,,,2.0,4.0,,,,,
49186,3,17998.0,170.0,17626820.0,9.0,3.92,756.0,1986.5,5.99,117090496.0,1.0,4.5,586.0,3.92,82.0,4.0,49186.0,3.0,1.0,2.0,3.0,4.0,2018.0,101.0,60.0,,
49191,1,31813.0,150.0,16891362.0,11.0,4.62,950.0,1963.0,7.33,116929246.0,1.0,2.0,800.0,4.62,98.0,5.0,49191.0,3.0,2.0,2.0,3.0,4.0,2020.0,,,,
49196,4,49242.5,165.0,17113379.5,6.0,3.63,600.0,1982.0,6.6,116260886.5,1.0,4.0,447.5,3.63,82.5,3.0,49196.0,2.5,1.0,2.0,2.5,3.5,2017.0,97.25,,,
49201,7,49185.0,150.0,16168482.0,2.0,4.4,742.5,1995.0,5.8,115477634.0,1.0,5.0,580.0,4.4,94.95,4.0,49201.0,3.0,2.0,1.0,3.0,4.0,,88.6,72.5,,
49205,2,33267.0,80.0,8902119.5,10.0,3.55,860.0,2015.5,6.58,102201493.0,1.0,8.5,715.0,3.13,95.775,5.0,49205.0,2.5,,1.0,2.5,4.5,,,75.0,,
49214,14,31368.5,150.0,16303910.0,11.5,4.14,792.5,1978.0,5.3,115968719.0,1.0,3.0,577.5,4.14,77.5,4.0,49214.0,2.0,2.0,2.0,2.0,3.0,2018.0,100.6,73.5,,
4928,3,70632.0,120.0,15317090.0,10.0,1.8,470.0,1946.0,,114987923.0,,1.0,350.0,1.8,68.0,2.0,4928.0,3.0,0.5,1.0,3.0,3.0,,128.2,,2741.5,
4931,3,36156.0,35.0,17974645.0,13.0,2.47,245.0,1950.0,,116849948.0,1.0,1.0,210.0,2.47,43.0,1.0,4931.0,2.0,1.0,2.0,2.0,2.0,2010.0,,40.0,1.0,
49324,8,19394.5,230.0,9088607.0,11.0,3.96,805.2,2010.0,7.12,117054479.5,1.0,7.0,685.0,3.96,89.75,5.0,49324.0,3.0,2.0,2.0,3.0,4.0,2018.0,79.9,,302.0,
49326,2,78397.5,80.0,115721.0,18.0,3.96,437.5,1950.0,7.12,113894682.5,,1.0,357.5,3.96,61.0,2.0,49326.0,2.0,2.0,2.5,2.0,2.5,,150.0,,,
49328,1,22212.0,210.0,17006492.0,14.0,3.7,910.0,1910.0,,84152887.0,2.0,1.0,700.0,,118.0,5.0,49328.0,5.0,0.0,1.0,5.0,5.0,2007.0,,120.0,,
49356,36,55946.5,113.5,15408488.0,10.5,4.48,619.0,1987.5,5.6,115780304.0,1.0,4.0,442.5,4.48,75.32,3.0,49356.0,3.0,1.0,3.0,3.0,3.0,2019.0,109.0,74.0,20.0,
4936,1,35752.0,43.0,574507.0,3.0,2.37,348.0,1970.0,,116860444.0,,2.0,233.0,2.37,45.69,1.0,4936.0,2.0,1.0,2.0,2.0,2.0,1994.0,138.0,60.0,1.0,
49377,39,34274.0,150.0,3809349.0,7.0,0.44,750.0,2016.5,4.42,116793140.0,1.0,8.5,650.0,0.44,82.31,5.0,49377.0,3.0,1.0,2.0,3.0,4.0,2019.5,119.0,75.0,4937713.0,
4938,2,68082.5,89.0,574507.0,6.5,0.42,524.0,1800.0,,115267545.0,,1.0,370.0,0.42,74.75,2.0,4938.0,2.0,1.5,2.0,2.0,3.0,2006.0,83.0,65.0,2.0,
49393,16,59007.5,185.0,3809349.0,7.0,-0.24,890.0,2019.0,1.05,115755076.5,1.0,9.0,690.0,-0.24,88.47999999999999,5.0,49393.0,3.0,2.0,2.0,3.0,4.0,,56.9,90.0,,
49396,1,54085.0,75.0,115721.0,18.0,5.01,565.0,1994.0,,116052726.0,1.0,5.0,490.0,5.01,75.0,3.0,49396.0,3.0,2.0,2.0,3.0,3.0,,,,,
49400,1,27743.0,260.0,18619362.0,20.0,0.0,1040.0,,4.04,116983486.0,1.0,,780.0,0.0,100.0,5.0,49400.0,3.0,1.0,1.0,3.0,4.0,,,,,
49401,5,27941.0,140.0,5172664.0,10.0,0.51,780.0,1983.0,3.61,115809063.0,1.0,4.0,590.0,0.51,66.0,4.0,49401.0,3.0,1.0,1.0,3.0,3.0,2017.5,101.6,,,
49406,7,68077.0,84.5,50896.0,1.0,4.33,527.0,1966.0,-1.78,114968841.0,,2.0,376.48,4.33,55.0,2.0,49406.0,3.0,1.0,2.0,3.0,2.0,,86.0,,,
49413,5,35095.0,110.0,3809349.0,9.0,0.0,725.0,1983.0,0.17,116873309.0,1.0,4.0,525.0,0.0,91.0,4.0,49413.0,3.0,1.0,2.0,3.0,4.0,2019.0,138.3,,,
49419,2,37293.0,142.5,16731422.0,9.0,1.67,537.5,1976.0,1.14,102707355.5,1.0,3.0,395.0,3.34,70.5,2.5,49419.0,2.5,1.0,2.0,2.5,3.0,2012.0,98.6,,,
49424,2,55481.5,140.0,17803726.5,3.0,-0.21500000000000002,900.0,2020.0,,115611421.0,1.0,9.0,690.0,-0.21500000000000002,84.5,5.0,49424.0,3.0,1.0,3.0,3.0,4.0,,,,,
49429,2,35475.0,124.5,8014078.0,3.0,1.63,473.68,1983.0,1.15,76750089.5,1.0,4.0,426.34000000000003,1.63,63.905,3.0,49429.0,2.5,1.0,1.0,2.5,2.5,,161.4,72.0,,
49434,3,27008.0,150.0,16016006.0,13.0,0.52,750.0,2013.0,2.73,116989909.0,,8.0,560.0,0.52,70.0,4.0,49434.0,2.0,4.0,4.0,2.0,3.0,,61.0,,,
49439,2,63451.5,120.0,1064797.0,8.5,-0.58,710.0,1966.0,3.29,115545677.0,1.0,2.0,590.0,-0.58,90.0,4.0,49439.0,4.0,,,4.0,4.0,,121.0,,,
49448,3,42571.0,95.0,15408488.0,4.0,3.83,595.0,1979.0,-0.44,116638971.0,1.5,3.5,495.0,3.83,79.0,3.0,49448.0,4.0,0.0,1.0,4.0,3.0,,121.44999999999999,,,
49451,1,23533.0,140.0,18621156.0,11.0,0.53,810.0,,2.57,117025403.0,2.0,,670.0,0.53,95.0,5.0,49451.0,3.0,1.0,2.0,3.0,4.0,,,,,
49456,1,74843.0,100.0,16381949.0,3.0,4.48,500.0,,5.6,114563313.0,,,350.0,4.48,38.0,2.0,49456.0,1.0,1.0,2.0,1.0,1.0,,,,,
49457,1,26659.0,30.0,15408488.0,11.0,2.05,,1990.0,,116993335.0,1.0,4.0,380.0,2.05,80.0,2.0,49457.0,2.0,1.0,,2.0,3.0,,145.0,,,
49459,2,47252.5,140.0,16796504.5,6.5,5.029999999999999,545.0,1995.0,5.57,102399122.0,1.0,5.0,405.0,5.3,52.2,2.5,49459.0,2.0,1.0,2.0,2.0,2.0,,,,,
49477,14,30900.0,165.0,16273048.0,8.0,4.23,970.0,2015.0,8.25,116727392.5,1.0,8.5,775.0,4.23,96.565,5.0,49477.0,3.0,1.0,2.0,3.0,4.0,2017.0,77.1,77.0,,
49479,3,23737.0,200.0,17473310.0,17.0,4.23,920.0,1995.0,8.25,116919908.0,1.0,6.0,760.0,4.23,88.0,5.0,49479.0,3.0,1.0,2.5,3.0,4.0,,,150.0,,
49492,2,57633.5,95.0,9523684.0,7.5,3.64,720.0,1995.0,6.34,115800212.5,1.0,5.0,545.0,3.64,76.985,4.0,49492.0,2.5,1.5,2.0,2.5,3.0,,111.30000000000001,80.0,,
49504,3,19527.0,95.0,3937044.0,6.0,4.04,511.5,1996.0,9.23,117067691.0,1.0,5.0,460.0,4.04,70.71,3.0,49504.0,2.0,2.0,3.0,2.0,3.0,,69.95,60.0,,
49525,4,56870.0,160.0,9689967.5,8.0,3.47,1090.0,2019.0,7.3,115883323.0,1.0,9.0,817.5,3.47,113.765,5.5,49525.0,3.5,1.0,2.0,3.5,5.0,2018.0,72.0,,,
49565,3,41612.0,90.0,16501913.0,14.0,3.67,820.0,2020.0,5.84,116562913.0,1.0,9.0,730.0,3.67,83.0,5.0,49565.0,3.0,1.0,2.0,3.0,4.0,2020.0,110.0,90.0,,
49584,4,47172.0,97.5,3090347.5,8.0,4.29,535.0,1990.0,6.55,112216894.0,1.0,4.0,432.5,4.29,90.5,2.5,49584.0,3.5,1.0,2.5,3.5,4.0,2013.0,100.85,82.5,,
49594,1,28808.0,250.0,7302725.0,0.0,4.26,1475.0,,,116971622.0,,,1225.0,4.26,115.0,7.0,49594.0,3.0,,,3.0,5.0,,,,,
49597,1,2035.0,180.0,16512904.0,2.0,3.28,880.0,1980.0,1.9,117361875.0,1.0,3.0,700.0,3.28,160.0,5.0,49597.0,4.0,,,4.0,7.0,,,,,
49610,1,76310.0,110.0,5367681.0,9.0,3.69,740.0,1978.0,4.43,87761686.0,,3.0,560.0,3.69,114.81,4.0,49610.0,3.0,1.0,2.0,3.0,5.0,,161.0,,,
49661,22,43318.5,180.0,483568.0,8.5,2.7,830.0,1998.0,5.91,116405483.5,1.0,5.0,605.0,2.7,85.5,4.5,49661.0,3.0,1.0,2.0,3.0,4.0,,96.0,,0.0,
49685,1,31174.0,150.0,17022945.0,14.0,1.89,600.0,1995.0,,84477812.0,1.0,5.0,450.0,,70.0,3.0,49685.0,2.0,1.0,1.0,2.0,3.0,2015.0,,,,
49695,1,28680.0,150.0,16817277.0,1.0,3.59,580.0,,,116973139.0,2.0,,430.0,3.59,52.0,3.0,49695.0,2.0,0.0,0.0,2.0,2.0,2019.0,,,,
49716,5,37111.0,85.0,15534496.0,6.0,3.07,560.0,1964.0,7.31,116810601.0,1.0,2.0,560.0,3.07,60.0,4.0,49716.0,3.0,1.5,2.5,3.0,2.0,2017.0,168.5,,1.0,
49733,2,45207.5,47.0,8138003.5,13.5,2.7,763.0,1994.0,6.47,116468566.0,1.0,5.0,644.0,2.7,104.5,5.0,49733.0,3.5,1.0,1.0,3.5,4.5,,113.0,76.0,,
49744,1,20806.0,150.0,18622987.0,12.0,3.44,550.0,,,117055693.0,1.0,,400.0,3.44,80.0,2.0,49744.0,3.0,,,3.0,3.0,,,,,
49751,2,27369.0,105.0,8228402.0,8.0,1.675,,2019.0,3.755,116906290.0,1.0,9.0,622.5,1.675,93.5,4.0,49751.0,2.0,0.0,2.0,2.0,4.0,,,,,
49759,1,63355.0,130.0,3239252.0,17.0,1.73,530.0,,3.76,115551056.0,,,400.0,1.73,80.0,2.0,49759.0,3.0,2.0,2.0,3.0,3.0,2019.0,,,,
49762,1,1368.0,,17197039.0,22.0,0.0,640.0,1990.0,,88251948.0,1.0,4.0,640.0,,150.0,5.0,49762.0,4.0,1.0,2.0,4.0,6.0,,,,,
49808,16,71425.5,100.0,15937642.0,9.0,3.18,665.0,1960.0,8.62,114751073.0,1.0,2.0,540.0,3.18,87.33500000000001,4.0,49808.0,3.0,1.0,2.0,3.0,4.0,2019.0,238.7,70.0,,
49809,3,15434.0,50.0,786115.0,9.0,3.18,370.0,1990.0,8.62,97898571.0,,4.0,450.0,3.18,90.0,3.0,49809.0,3.0,2.5,2.5,3.0,4.0,2018.0,120.3,70.0,,
49811,1,21004.0,150.0,18622775.0,2.0,3.13,800.0,2020.0,8.62,117054056.0,1.0,9.0,650.0,3.13,88.0,5.0,49811.0,3.0,1.0,1.0,3.0,4.0,,,,,
49824,3,25855.0,150.0,15876814.0,3.0,3.16,,2018.0,2.83,114637904.0,1.0,9.0,596.74,3.16,84.0,4.0,49824.0,4.0,1.0,2.0,4.0,4.0,,31.8,100.0,,
49828,2,12902.0,125.0,9239399.0,5.0,3.38,,1995.0,2.22,117192062.5,,5.0,392.5,3.38,69.5,2.5,49828.0,3.0,1.0,,3.0,3.0,,,70.0,0.0,
49832,2,12987.0,70.0,16436061.0,13.5,4.21,542.8,2001.5,6.52,117188935.5,1.5,6.5,507.8,4.21,90.5,3.5,49832.0,3.0,1.0,1.5,3.0,4.0,2020.0,90.35,,,
49838,1,5806.0,200.0,1853438.0,12.0,2.66,830.0,1972.0,,117308635.0,,3.0,630.0,2.66,110.0,5.0,49838.0,3.0,2.0,2.0,3.0,5.0,2015.0,112.0,,,
49843,1,19034.0,80.0,15876814.0,0.0,3.31,350.0,,4.06,117079721.0,1.0,,270.0,3.31,45.0,1.0,49843.0,2.0,2.0,2.0,2.0,2.0,,,,,
4985,1,75710.0,60.0,574507.0,3.0,2.72,285.0,1968.0,,114446139.0,,2.0,180.0,2.72,31.11,1.0,4985.0,1.0,,2.0,1.0,1.0,1994.0,119.0,45.0,2.0,
50070,1,19756.0,65.0,18390060.0,0.0,3.91,535.0,,5.49,117066186.0,,,410.0,3.91,52.0,3.0,50070.0,2.0,1.0,4.0,2.0,2.0,,,60.0,,
50126,11,30915.0,190.0,12617368.0,9.0,3.3,660.0,1995.0,10.04,116701572.0,1.0,5.0,499.0,3.3,68.0,3.0,50126.0,3.0,1.0,3.0,3.0,3.0,2018.0,122.2,40.0,1.0,
50127,10,37404.0,185.7,16014815.0,7.5,3.3,729.0,1977.0,10.04,116461331.0,1.0,3.5,565.0,3.3,81.45,4.0,50127.0,3.0,2.0,3.0,3.0,3.5,2018.0,121.4,72.0,1.0,
50129,7,39736.0,210.0,15960085.0,12.0,3.3,1002.0,1992.5,10.04,115125561.0,1.0,5.0,700.0,3.3,77.0,5.0,50129.0,3.0,1.0,2.0,3.0,3.0,2017.5,240.0,120.0,,
50159,1,4874.0,60.0,15793666.0,8.0,3.96,725.0,2018.0,12.29,105289538.0,1.0,9.0,610.0,3.96,62.0,5.0,50159.0,2.0,2.0,2.0,2.0,3.0,,20.4,55.0,,
50169,12,35820.5,160.0,14978400.5,9.5,3.96,737.5,1977.5,12.29,115534072.0,1.0,3.5,530.0,3.96,72.0,4.0,50169.0,2.0,2.0,3.0,2.0,3.0,2015.0,140.5,50.0,1.0,
50170,16,26255.5,167.5,7476634.0,7.0,3.92,977.5,1999.5,12.29,116892850.0,1.0,5.0,804.25,3.94,79.0,5.5,50170.0,3.0,1.0,2.5,3.0,3.0,2019.0,26.5,60.0,5.0,
50171,10,34459.5,122.5,16118109.5,8.5,3.96,734.0,1994.0,12.29,116693554.0,1.0,5.0,657.0,3.96,74.0,5.0,50171.0,3.0,1.0,2.0,3.0,3.0,2016.0,60.25,95.0,15.0,
50181,9,27066.0,145.0,15287495.0,11.0,3.6,690.0,1991.5,11.18,113891299.0,1.0,4.5,490.0,3.66,74.0,3.0,50181.0,3.0,1.0,2.0,3.0,3.0,2014.0,139.86,110.0,196.0,
50189,8,46079.5,150.0,15436039.5,13.0,3.48,850.0,1971.0,10.49,115987203.5,1.0,2.5,560.0,3.48,68.0,4.0,50189.0,3.0,1.0,2.0,3.0,2.5,2018.5,154.4,77.5,,
5020,1,11526.0,0.0,18626788.0,6.0,3.18,990.0,,,117201919.0,,,990.0,3.18,100.0,6.0,5020.0,1.0,3.0,3.0,1.0,4.0,,,,,
50225,2,10241.0,112.5,41023.0,7.0,4.78,712.5,,9.11,117226539.5,,,600.0,4.78,45.0,4.0,50225.0,1.5,1.0,,1.5,1.5,,,,,
50226,45,25633.0,200.0,15283531.0,10.0,3.66,970.5,1994.0,13.05,116970212.0,1.0,5.0,795.0,3.66,80.0,5.0,50226.0,3.0,1.0,2.0,3.0,3.0,2017.5,116.5,58.5,11.0,
50259,43,21877.0,200.0,5576170.0,9.0,3.69,1100.0,2019.5,12.84,116889841.0,1.0,9.0,880.0,3.69,83.0,6.0,50259.0,3.0,2.0,3.0,3.0,4.0,2020.0,88.75,65.0,8.0,
50299,1,6800.0,300.0,16357697.0,15.0,3.69,1390.0,2000.0,12.84,117303009.0,1.0,5.0,1090.0,3.69,136.0,7.0,50299.0,4.0,3.0,3.0,4.0,6.0,2016.0,,,,
50321,34,38092.5,164.63,10418540.0,8.5,3.64,943.16,1995.0,13.16,116771495.0,1.0,5.0,752.65,3.64,80.0,5.0,50321.0,3.0,1.0,3.0,3.0,3.0,2019.0,90.4,73.0,101.0,
50354,42,30593.5,149.29000000000002,3047741.5,8.5,3.9,819.675,1996.0,13.4,116690591.0,1.0,5.0,671.865,3.9,64.86,5.0,50354.0,2.0,1.0,2.0,2.0,3.0,2018.5,96.0,60.019999999999996,1.5,
50374,25,24793.0,155.0,14283061.0,9.0,3.74,910.0,1999.0,11.61,116891511.0,1.0,5.0,735.0,3.74,85.0,5.0,50374.0,3.0,1.0,2.0,3.0,4.0,2019.0,85.0,40.0,2020.0,
50389,24,35195.5,200.0,814613.0,9.5,4.37,1088.4850000000001,2016.0,13.22,115659302.5,1.0,9.0,968.665,4.37,80.0,6.0,50389.0,3.0,2.0,3.0,3.0,3.0,2019.0,129.0,113.0,9.0,88734.0
50585,1,59560.0,200.0,17944509.0,10.0,4.62,1850.0,2020.0,9.47,115721898.0,1.0,9.0,1650.0,4.62,105.0,8.0,50585.0,3.0,2.0,3.0,3.0,5.0,2020.0,18.0,,,
50597,1,29330.0,115.0,18467830.0,10.0,4.32,1240.0,1997.0,8.04,116968056.0,1.0,5.0,990.0,4.32,66.0,6.0,50597.0,2.0,4.0,4.0,2.0,3.0,2016.0,,75.0,,
50667,14,30863.5,270.0,10429676.5,17.0,4.84,1800.0,1954.0,9.66,115911558.0,1.0,2.0,1280.0,4.84,81.5,7.0,50667.0,2.0,4.0,4.0,2.0,4.0,2020.0,122.0,72.5,1.0,
50668,21,29295.0,200.0,17440154.0,10.0,4.84,1091.0,1973.0,9.66,116852105.0,1.0,3.0,1150.0,4.84,70.0,7.0,50668.0,2.0,2.0,5.0,2.0,3.0,2019.5,106.0,37.0,54.5,
50670,22,16670.0,185.0,15871011.0,10.0,4.84,1260.0,1958.0,9.66,117072431.5,1.0,2.0,990.0,4.84,63.0,6.0,50670.0,2.0,2.0,4.0,2.0,2.5,2019.0,123.6,60.0,1.0,
50672,16,30815.0,155.0,16928443.0,10.0,4.84,1290.0,1975.5,9.66,116667153.5,1.0,3.5,1084.5,4.84,37.5,7.0,50672.0,2.0,1.0,5.0,2.0,1.0,2019.0,123.1,40.0,50506.0,
50674,24,26862.5,155.5,16599769.5,10.0,5.07,1250.0,1960.0,10.75,116882291.5,1.0,2.0,1020.0,5.07,57.5,6.5,50674.0,2.0,3.0,5.0,2.0,2.0,2019.0,82.5,95.0,,
50676,30,41352.0,200.0,15387653.0,9.0,5.07,1480.0,1976.5,10.75,116506193.5,1.0,3.0,1177.5,5.07,70.0,7.0,50676.0,2.0,2.0,4.0,2.0,3.0,2018.5,117.9,89.5,1.0,
50677,16,23952.5,158.5,14539322.0,9.5,5.07,1240.0,1960.0,10.75,115894635.0,0.5,2.0,1010.0,5.07,57.17,6.5,50677.0,2.0,3.0,4.0,2.0,2.0,2017.0,134.6,25.0,275.5,
50678,20,35983.5,290.0,16545193.0,13.0,5.07,1725.0,2008.5,10.75,116568979.0,1.0,7.0,1547.5,5.07,90.2,7.5,50678.0,2.25,3.0,4.0,2.0,4.0,2018.0,146.0,85.0,5.0,
50679,11,36841.0,150.0,15637527.0,12.0,4.97,1300.0,1945.0,10.68,115435154.0,1.0,1.5,1350.0,4.97,61.9,7.0,50679.0,2.0,2.5,3.0,2.0,3.0,2018.0,241.0,20.0,,
50688,1,1670.0,125.0,17709738.0,7.0,5.31,755.0,1966.0,,99974296.0,,2.0,630.0,,44.0,5.0,50688.0,1.0,1.0,4.0,1.0,2.0,2016.0,,,,
50733,10,21905.0,114.0,2852182.0,9.0,4.92,780.0,1961.0,10.8,114866083.5,1.0,2.0,653.0,4.92,48.5,5.0,50733.0,2.0,2.0,3.0,2.0,2.0,2016.0,84.6,66.5,1.0,
50735,23,21100.0,168.0,4880773.0,11.0,4.92,1087.0,1974.5,10.07,116770439.0,1.0,2.5,897.0,5.04,75.0,6.0,50735.0,2.0,2.0,3.0,2.0,3.0,2018.0,138.8,32.0,410.0,
50737,9,13435.0,200.0,17590797.0,13.0,4.81,1215.0,1969.0,9.56,117053251.0,1.0,2.0,975.0,4.81,88.81,6.0,50737.0,3.0,2.5,4.0,3.0,4.0,2016.0,86.0,53.0,,
50739,14,31837.5,182.5,3314843.0,10.5,4.8,980.0,1964.0,10.35,116821589.0,1.0,2.0,820.0,4.8,75.675,5.5,50739.0,3.0,2.0,3.0,3.0,3.0,2013.0,161.5,45.0,1.0,
50765,12,28381.0,180.0,817757.5,7.0,3.94,1135.225,2007.0,9.95,116566350.5,1.0,7.0,750.0,3.94,64.415,5.5,50765.0,2.5,1.0,2.0,2.5,3.0,2017.0,88.4,86.0,6.0,
50767,5,23140.0,132.0,1755556.0,5.0,4.6,864.0,1970.0,8.19,117028273.0,1.0,2.0,666.0,4.6,64.0,5.0,50767.0,2.0,2.0,2.0,2.0,3.0,2014.5,138.0,67.0,,
50769,14,24544.5,164.0,14911524.0,13.0,4.12,990.0,1978.0,7.645,116791614.5,1.0,3.0,770.0,4.165,81.06,5.0,50769.0,3.0,2.0,2.0,3.0,4.0,2017.0,87.0,86.0,2.0,
50823,17,36835.0,105.0,15620282.0,11.0,5.19,745.0,1958.0,10.489999999999998,115517833.0,0.5,2.0,650.0,5.1,35.45,5.0,50823.0,1.0,1.0,5.0,1.0,1.0,2019.0,161.0,60.0,4711.0,
50825,14,25634.0,110.0,16452533.0,8.0,5.01,775.0,1985.0,10.7,116329788.5,1.0,4.0,665.28,5.01,40.0,5.0,50825.0,1.0,2.0,4.0,1.0,1.0,2020.0,143.095,70.0,1010.5,
50827,5,12142.0,100.0,15769052.0,10.0,5.21,1110.0,2005.0,9.84,113632264.0,1.0,6.0,920.0,5.21,73.0,6.0,50827.0,2.0,1.0,2.0,2.0,3.0,2015.5,,40.0,504018.0,
50829,3,10736.0,220.0,977056.0,8.0,4.96,1152.5,1994.0,9.76,116940959.0,1.0,5.0,750.0,4.96,68.0,5.0,50829.0,3.0,1.0,4.0,3.0,3.0,2020.0,150.0,70.0,,
50858,45,24792.0,240.0,15547178.0,11.0,4.23,1312.0,1989.5,8.98,116889262.0,1.0,4.5,1060.0,4.23,80.0,7.0,50858.0,2.0,2.0,3.0,2.0,3.0,2018.0,120.0,50.0,5.0,
50859,14,40714.0,180.0,871925.0,9.5,4.465,1070.0,1991.5,9.03,116402362.5,1.0,4.5,947.5,4.55,74.68,6.0,50859.0,2.25,2.0,3.0,2.0,3.0,2015.0,118.0,45.0,51.5,
50931,14,30915.5,180.0,15533503.5,11.5,4.38,1290.0,1962.5,9.99,116591872.0,1.0,2.0,1110.0,4.38,67.35,7.0,50931.0,2.0,1.0,4.0,2.0,3.0,2018.0,149.5,75.0,2.0,
50933,26,35246.0,255.0,15580286.5,11.5,4.535,1830.0,1999.0,9.52,116741580.0,1.0,5.0,1491.0,4.54,106.75999999999999,7.5,50933.0,3.0,1.5,3.0,3.0,5.0,2017.0,114.695,113.0,601.0,87852.0
50935,11,20936.0,125.0,17440154.0,12.0,4.38,998.0,1979.5,9.99,116881426.0,1.5,3.5,750.0,4.38,50.0,5.0,50935.0,2.0,1.5,4.0,2.0,2.0,2019.5,75.4,,1.0,
50937,12,21950.0,170.0,16405927.0,9.5,4.53,800.0,1991.5,10.12,117042458.5,1.0,4.5,723.2,4.53,55.0,5.0,50937.0,2.0,2.0,4.0,2.0,2.0,2016.0,101.0,70.0,13652.5,
50939,12,42818.0,190.0,16138520.5,12.5,4.545,870.0,1971.5,10.12,114951033.0,1.0,3.0,685.0,4.53,49.0,5.0,50939.0,1.75,2.0,4.0,1.5,2.0,2017.0,140.1,0.0,2.0,
50968,31,33892.0,256.5,15702459.0,9.0,5.08,1318.0,1978.0,9.63,116806637.0,1.0,3.0,1250.0,5.08,87.0,7.0,50968.0,2.5,2.0,4.0,2.0,4.0,2016.0,102.0,69.0,24.0,
50969,10,26567.0,148.845,12314150.0,8.0,5.35,962.5,1977.0,11.04,116188707.5,1.0,3.0,749.5,5.35,69.5,5.0,50969.0,2.0,2.5,3.0,2.0,3.0,2015.0,95.8,75.66499999999999,509.0,
50996,7,24124.0,150.0,15437474.0,13.0,4.1,1167.5,1967.0,8.87,116024076.0,1.0,2.0,1295.0,4.1,93.83,7.0,50996.0,3.0,1.0,3.0,3.0,4.0,2017.0,173.6,55.0,1.0,
50997,14,32142.0,156.0,528711.0,8.5,4.76,898.0,1980.0,8.4,116566235.5,1.0,3.0,778.0,4.91,73.63,5.0,50997.0,3.0,1.0,2.0,3.0,3.0,2019.0,66.0,95.0,1200.0,
50999,14,7632.0,190.0,11310833.5,11.0,4.31,1169.395,1989.5,8.245000000000001,116268893.5,1.0,4.5,903.745,4.31,75.0,6.0,50999.0,3.0,2.0,3.0,3.0,3.0,2017.0,140.0,55.0,34.0,
51061,9,36560.0,150.0,10839275.0,10.0,4.26,920.0,1978.0,7.84,115762055.0,1.5,3.0,750.0,4.27,68.0,5.0,51061.0,2.0,1.0,2.0,2.0,3.0,2011.0,135.45,,1001.0,
51063,29,19776.0,144.0,15712142.0,9.0,5.33,890.0,1975.0,10.15,116756237.0,1.0,3.0,765.0,5.33,57.0,5.0,51063.0,2.0,2.0,4.0,2.0,2.0,2019.0,102.7,49.5,1.0,
51065,10,14421.0,125.0,10660187.0,8.0,5.3149999999999995,823.0,2011.5,10.15,117004481.5,1.0,7.5,631.0,5.3149999999999995,61.485,5.0,51065.0,2.0,1.0,4.0,2.0,3.0,2008.0,52.0,78.0,19690.0,
51067,8,18477.0,130.0,11559233.5,7.5,4.59,800.0,1965.0,8.75,117031962.0,1.0,2.0,670.0,4.59,52.5,5.0,51067.0,2.0,1.0,3.0,2.0,2.0,2020.0,182.0,65.0,1.0,
51069,21,17701.0,180.0,15982129.0,12.0,4.29,1000.0,1990.5,8.77,116888222.0,1.0,4.5,800.0,4.29,70.0,5.0,51069.0,2.5,2.0,3.0,2.0,3.0,2017.5,80.655,55.0,1.0,
51103,28,10240.5,124.0,4157876.5,8.5,4.96,765.0,1970.0,9.39,116770091.0,1.0,2.0,600.0,4.96,56.0,4.0,51103.0,2.0,3.0,4.0,2.0,2.0,2019.0,145.0,30.0,200.0,
51105,13,18665.0,165.0,16833347.0,15.0,4.4,962.5,1989.0,9.39,116877891.0,1.0,4.5,790.0,4.4,69.0,5.0,51105.0,2.5,2.0,3.0,2.0,3.0,2019.0,99.7,116.0,4711.0,
51107,14,60040.0,220.0,16183578.0,12.5,3.86,1285.0,1997.0,7.73,115539066.5,1.0,5.0,972.5,3.86,90.0,6.0,51107.0,3.0,1.0,2.0,3.0,4.0,2019.0,132.0,25.0,,
51109,20,13188.0,200.0,15723843.0,8.0,4.31,1110.0,1968.0,7.72,116863408.5,1.0,2.0,850.0,4.32,79.5,6.0,51109.0,3.0,1.5,3.0,3.0,3.0,2018.5,101.5,60.0,2020.0,
51143,13,18957.0,240.0,16512863.0,9.0,4.72,1210.0,1988.0,8.61,116777378.0,1.0,4.0,960.0,4.72,86.0,6.0,51143.0,3.0,1.5,2.5,3.0,4.0,2017.0,110.0,40.0,4685.0,
51145,17,21676.0,167.5,15526549.0,11.0,4.31,957.5,1973.0,8.08,116326655.0,1.0,3.0,750.0,4.475,70.0,5.0,51145.0,2.5,2.0,3.0,2.0,3.0,2019.0,87.0,40.0,1.0,
51147,15,22919.0,100.0,17445773.0,10.0,4.47,725.5,1981.0,8.12,116599989.0,1.0,4.0,560.0,4.47,55.0,4.0,51147.0,2.0,2.0,2.5,2.0,2.0,2017.5,108.4,47.5,4.0,
51149,9,10250.0,130.0,5391211.0,9.0,4.36,860.0,1985.0,7.2,116889667.0,1.0,4.0,695.96,4.36,55.0,5.0,51149.0,2.0,1.0,3.0,2.0,2.0,2011.0,124.5,50.0,4685.0,
51371,15,23174.0,163.0,939208.0,7.0,3.97,780.0,1979.5,9.79,114997032.0,1.0,3.5,554.61,3.97,67.78,4.0,51371.0,3.0,2.0,2.0,3.0,3.0,2020.0,109.4,46.0,3.0,
51373,20,27312.0,150.0,15080166.5,7.0,3.99,830.0,1954.0,9.96,116058105.5,1.0,2.0,685.0,4.03,64.5,5.0,51373.0,2.0,2.0,3.0,2.0,3.0,2019.0,114.58,59.5,1.0,
51375,18,27193.5,200.0,15841304.5,9.5,3.72,1000.0,1994.5,11.42,116641219.5,1.0,5.0,740.0,3.72,78.5,5.0,51375.0,3.0,1.0,2.0,3.0,3.5,2018.0,78.5,60.0,1.0,
51377,45,34099.0,156.5,146060.0,6.0,3.55,743.9649999999999,1966.0,11.55,116861719.0,1.0,2.0,563.76,3.55,71.55,4.0,51377.0,3.0,2.0,7.0,3.0,3.0,2010.0,108.0,47.0,4711.0,
51379,22,18933.0,163.75,9037978.0,10.0,3.07,820.0,1958.0,11.4,116985823.0,1.0,2.0,565.0,3.07,67.8,4.0,51379.0,3.0,2.0,3.0,3.0,3.0,2019.0,112.0,100.0,2361.0,
51381,18,40697.0,175.0,5574156.5,9.0,3.2,820.0,1974.0,9.43,116286481.0,1.0,3.0,632.5,3.2,74.11,5.0,51381.0,3.0,2.0,3.0,3.0,3.0,2019.0,122.7,73.5,1.5,
51399,10,24188.5,190.0,8856681.0,9.5,3.13,797.22,2013.0,6.91,116988017.0,1.0,8.0,624.0,3.13,81.0,4.5,51399.0,3.0,1.0,3.0,3.0,3.5,2019.0,102.0,80.0,1.0,
51427,20,40875.5,215.0,5331450.0,9.0,3.99,1260.19,1985.0,9.92,114915993.0,1.0,4.0,1035.19,3.99,80.815,7.0,51427.0,3.0,1.0,2.0,3.0,3.5,2017.5,144.45999999999998,20.0,7.5,
51429,28,24981.5,225.0,14875297.0,13.0,3.99,1152.75,2001.0,9.92,116874328.0,1.0,6.0,950.5,3.99,91.25,6.0,51429.0,3.0,1.0,2.5,3.0,4.0,2018.0,64.0,97.5,1.0,
51465,10,27087.0,196.0,9247244.0,12.5,3.99,995.0,1982.5,9.92,116372544.5,1.0,3.5,867.5,3.99,101.25,6.0,51465.0,3.0,2.0,2.0,3.0,5.0,2017.0,129.95,0.0,1.5,
51467,7,11957.0,185.0,16996097.0,10.0,3.99,985.0,1984.0,9.92,117024845.0,1.0,4.0,760.0,3.99,85.38,5.0,51467.0,3.0,1.0,3.0,3.0,4.0,2020.0,99.05,40.0,,
51469,15,41390.0,229.0,15871011.0,10.0,3.99,1395.0,1971.0,9.92,116573415.0,1.0,3.0,1135.0,3.99,95.0,7.0,51469.0,3.0,2.0,2.0,3.0,4.0,2018.0,117.0,37.0,1.0,
51491,13,15760.0,175.0,17345990.0,12.0,3.78,697.5,1990.5,9.15,117043407.0,1.0,4.5,665.0,3.78,74.0,5.0,51491.0,3.0,1.0,2.0,3.0,3.0,2017.5,115.0,45.0,1.0,
51503,28,25775.5,200.0,16996758.0,12.0,3.85,1265.0,1985.0,9.01,116169354.0,1.0,4.0,937.5,3.85,97.91499999999999,6.0,51503.0,3.0,1.0,2.0,3.0,4.0,2016.5,110.0,122.5,2.0,
51515,7,12126.0,150.0,18392176.0,6.0,3.94,690.0,1972.0,8.47,117182035.0,1.0,3.0,500.0,3.94,75.0,3.0,51515.0,3.0,2.0,2.5,3.0,3.0,2020.0,153.35,90.0,1.0,
51519,12,53188.0,200.0,3217768.5,11.5,3.8,965.0,1987.5,9.28,115240518.0,1.0,4.0,800.0,3.8,86.0,5.5,51519.0,3.0,1.0,3.0,3.0,4.0,2016.0,106.2,,1.0,
51545,17,44382.0,220.0,15470989.0,10.0,3.57,700.0,1973.0,12.34,115962810.0,1.0,3.0,450.0,3.57,81.0,3.0,51545.0,3.0,2.0,3.0,3.0,4.0,2020.0,177.6,60.0,54.0,
51570,4,43895.5,180.0,18477219.5,6.5,3.15,760.0,1996.0,6.77,115384465.0,1.0,6.0,610.0,3.15,83.0,4.5,51570.0,3.0,1.5,2.0,3.0,3.5,2017.5,118.4,80.0,,
51580,4,29707.5,182.5,17034018.5,4.5,3.28,825.0,2006.5,11.17,111358044.0,1.0,7.0,612.5,3.28,91.5,4.5,51580.0,2.5,1.5,2.0,2.5,4.0,2018.5,49.6,140.0,,
51588,5,15053.0,185.0,16381247.0,10.0,3.51,400.0,1962.0,12.01,104414603.0,1.0,2.0,420.0,3.9,79.0,3.0,51588.0,3.0,0.0,2.0,3.0,3.0,2017.0,93.0,70.0,1.0,
51597,1,57381.0,120.0,479422.0,12.0,3.74,495.0,1978.0,,114082349.0,,3.0,375.0,3.74,63.0,2.0,51597.0,2.0,,,2.0,3.0,,31.5,,,
51643,10,28706.5,200.0,17570045.0,13.0,3.76,1102.5,1974.0,12.09,115514550.5,1.0,3.0,862.5,3.76,96.5,6.0,51643.0,3.75,2.0,3.0,3.5,4.5,2019.0,115.58,70.0,1000.0,
51645,12,37235.5,105.0,15593809.0,8.0,3.76,545.0,1994.0,12.09,116696382.5,1.0,5.0,445.0,3.76,53.5,3.0,51645.0,2.5,1.0,2.0,2.5,2.0,2016.5,109.3,67.5,4.0,
51647,10,43526.0,147.46,12183477.0,9.5,3.76,686.01,1985.0,12.09,115836181.5,1.0,4.0,472.88,3.76,84.0,3.0,51647.0,3.0,1.0,2.0,3.0,4.0,2019.0,66.5,95.89500000000001,4.0,
51674,9,29309.0,150.0,15955613.0,9.0,3.46,760.0,1995.0,12.1,116911437.0,1.0,5.0,610.0,3.46,88.95,5.0,51674.0,3.0,1.0,2.0,3.0,4.0,2018.0,124.15,45.0,20.0,
51688,12,30625.0,160.0,15627047.5,12.0,3.51,720.0,1982.0,11.45,116302459.0,1.0,4.0,622.5,3.51,87.5,4.5,51688.0,3.0,2.0,2.0,3.0,4.0,2014.0,120.0,57.0,176.0,
51702,9,38010.0,130.0,15660511.0,7.0,4.14,700.0,1985.0,10.78,99405723.0,1.0,4.0,380.0,4.27,75.0,2.0,51702.0,2.0,1.0,3.0,2.0,3.0,2012.0,50.0,150.0,,
51709,6,55271.0,160.0,15835810.0,7.5,3.43,597.5,1981.0,11.51,115264788.5,1.0,4.0,510.0,3.43,85.0,3.5,51709.0,3.0,1.0,2.5,3.0,3.5,,140.0,100.0,0.0,
51766,17,36898.0,200.0,15124358.0,11.0,3.775,827.0,1981.0,12.17,116635476.0,1.0,4.0,690.0,3.79,92.0,5.0,51766.0,3.0,1.0,2.0,3.0,4.0,2017.5,175.25,102.0,0.0,
51789,8,40554.0,152.5,16091818.5,14.5,3.53,727.5,1984.0,12.83,116461899.5,1.0,4.0,555.0,3.53,76.5,4.0,51789.0,2.5,2.0,2.0,2.5,3.0,2017.0,144.1,80.0,,
52062,91,30162.0,122.5,6884659.0,8.0,2.93,640.0,1971.0,7.37,116699892.0,1.0,3.0,500.0,2.93,50.0,3.0,52062.0,2.0,3.0,4.0,2.0,2.0,2014.0,108.7,20.0,1.0,
52064,56,32985.5,145.0,5380460.5,9.5,2.93,750.0,1964.0,7.37,116344668.5,1.0,2.0,634.5,2.93,61.0,5.0,52064.0,2.0,2.0,4.0,2.0,2.5,2019.0,131.2,85.0,1.0,
52066,89,35386.0,150.0,12304439.0,8.0,2.88,750.0,1971.5,6.51,116554842.0,1.0,3.0,600.0,2.95,58.27,4.0,52066.0,2.0,2.0,4.0,2.0,2.0,2019.0,137.1,31.0,3.0,
52068,43,42158.0,125.0,5365943.0,11.0,3.62,630.0,1978.0,8.12,116415386.0,1.0,3.0,495.0,3.62,64.0,3.0,52068.0,2.0,2.0,4.0,2.0,3.0,2016.0,138.9,75.0,7.0,
52070,77,34741.0,124.0,4244646.0,10.0,2.55,750.0,1966.0,7.32,115649258.0,1.0,2.0,645.0,2.95,66.54,5.0,52070.0,2.0,2.0,4.0,2.0,3.0,2018.0,140.2,70.0,375.0,
52072,42,31938.5,140.0,14104948.5,10.0,2.95,760.0,1977.0,7.32,116309521.0,1.0,3.5,589.5,2.95,65.0,4.0,52072.0,2.0,3.0,4.0,2.0,2.5,2013.5,130.3,82.5,13.0,
52074,55,37534.0,150.0,863089.0,7.0,2.2,900.0,1972.0,3.48,116021106.0,1.0,3.0,664.0,2.2,80.0,5.0,52074.0,3.0,2.0,3.0,3.0,3.0,2018.5,118.0,94.0,6.5,
52076,25,30604.0,160.0,13006278.0,10.0,2.37,850.0,1974.0,4.33,116922610.0,1.0,3.0,650.0,2.37,96.34,5.0,52076.0,2.0,1.0,2.0,2.0,4.0,2017.0,116.2,70.0,559.5,
52078,28,34921.5,170.0,15772775.0,9.0,2.455,777.0,1968.0,6.18,114496661.5,1.0,2.5,625.0,2.68,75.7,5.0,52078.0,3.0,2.0,3.0,3.0,3.0,2018.0,124.4,67.5,,
52080,45,32610.0,150.0,13121648.0,9.0,2.78,730.0,1977.5,6.46,115941600.0,1.0,3.5,565.0,2.785,72.0,4.0,52080.0,3.0,2.0,3.0,3.0,3.0,2017.0,74.75,59.5,1.0,
52134,43,36385.0,170.0,3520254.0,9.0,2.33,715.0,1988.5,10.17,115118088.0,1.0,4.5,510.0,2.33,70.0,4.0,52134.0,2.5,1.0,2.5,2.0,3.0,2019.0,106.0,74.25,12.5,
52135,1,15024.0,150.0,18487683.0,4.0,2.33,750.0,1991.0,10.17,117134092.0,,5.0,600.0,2.33,85.0,4.0,52135.0,3.0,2.0,2.0,3.0,4.0,,,,,
52146,50,33067.5,175.0,14679694.0,9.5,2.59,750.0,1994.0,10.44,115856340.5,1.0,5.0,588.0,2.59,76.5,4.0,52146.0,3.0,1.0,3.0,3.0,3.0,2019.0,107.0,87.5,300.0,
52152,7,76152.0,250.0,15851301.0,10.0,2.16,830.0,1960.0,9.06,113481473.0,1.0,2.0,600.0,2.16,95.0,4.0,52152.0,3.0,1.0,2.5,3.0,4.0,2011.0,111.6,,,
52156,3,36523.0,154.0,18096355.0,12.0,2.08,470.5,1994.0,11.15,116839811.0,,5.0,246.18,2.08,52.87,1.0,52156.0,2.0,3.0,4.0,2.0,2.0,1994.0,122.73,76.0,,
52222,32,41368.0,150.0,12962132.0,10.5,2.34,645.7850000000001,1982.5,8.65,116372922.0,1.0,3.5,474.625,2.34,75.455,3.0,52222.0,3.0,2.0,3.0,3.0,3.0,2019.0,134.65,80.0,10272.0,
52223,13,50150.0,130.0,15851301.0,6.0,2.34,639.0,1963.5,8.65,115422054.0,1.0,2.0,450.0,2.34,69.0,3.0,52223.0,3.0,1.0,2.0,3.0,3.0,2018.0,159.65,110.0,,
52224,8,24865.0,221.0,11810673.5,8.5,2.34,860.0,2017.0,8.65,115279005.5,1.0,9.0,641.0,2.34,95.0,5.0,52224.0,3.0,2.0,2.0,3.0,4.0,2017.0,27.0,86.0,2.0,
52249,48,45901.5,155.7,1948493.0,7.0,2.69,710.0,1970.0,9.12,115644401.5,1.0,2.0,518.05,2.69,73.5,4.0,52249.0,3.0,2.0,3.0,3.0,3.0,2018.0,116.0,80.0,3.0,
52349,36,36564.5,150.0,5850703.0,9.5,3.63,699.0,1966.5,7.43,116329737.5,1.0,2.0,545.0,3.63,72.5,4.0,52349.0,2.5,2.0,3.0,2.0,3.0,2016.0,116.05,90.0,,
52351,19,29812.0,120.0,5850703.0,9.0,3.63,670.0,1995.0,7.43,116861166.0,1.0,5.0,525.0,3.63,70.0,4.0,52351.0,3.0,1.0,3.0,3.0,3.0,2018.0,112.8,48.0,13.0,
52353,13,24695.0,110.0,5850703.0,8.0,3.63,574.875,1975.0,7.43,116554090.0,1.0,3.0,480.0,3.63,60.0,3.0,52353.0,2.0,2.0,2.0,2.0,2.0,2019.0,101.0,52.5,2234.0,
52355,8,47311.0,120.0,3741651.5,5.5,3.63,698.88,1967.0,7.43,115894390.5,1.0,2.0,515.88,3.63,66.0,3.5,52355.0,2.75,3.0,4.0,2.5,2.5,2017.5,118.8,52.0,,
52372,7,20691.0,150.0,5533339.0,15.0,2.84,932.5,1987.5,7.19,114647794.0,1.0,4.5,770.0,2.84,110.0,5.0,52372.0,3.0,1.5,3.0,3.0,5.0,2017.0,59.0,80.0,,
52379,6,31792.0,155.0,17433390.0,9.0,4.19,746.81,1996.5,7.9,116052790.5,1.0,5.5,588.51,4.19,91.4,4.0,52379.0,3.0,1.0,2.5,3.0,4.0,2017.0,135.9,75.0,,
52382,6,25121.0,150.0,16989185.5,10.5,3.95,670.0,2011.0,6.71,115436056.5,1.0,8.0,707.5,3.95,91.0,5.0,52382.0,3.0,2.0,2.0,3.0,4.0,2011.0,91.5,72.5,,
52385,5,34237.0,180.0,15856105.0,13.0,3.26,750.0,2009.0,6.88,115785577.0,1.0,7.0,570.0,3.26,89.24,4.0,52385.0,3.0,1.0,2.5,3.0,4.0,2005.0,79.67,,20.0,
52388,2,36954.0,135.0,9619479.0,9.5,3.58,634.5,1968.0,7.39,116818277.0,1.5,3.0,484.5,3.58,77.0,3.0,52388.0,2.5,2.0,2.0,2.5,3.0,1996.0,73.9,30.0,,
52391,2,9129.0,,18628430.0,4.0,3.21,640.0,2020.0,9.77,117272985.0,1.0,9.0,640.0,3.21,81.25,4.5,52391.0,3.0,0.5,1.0,3.0,3.5,2020.0,21.77,,,
52393,1,57396.0,250.0,6716770.0,9.0,3.41,820.0,1983.0,6.92,115827250.0,1.0,4.0,570.0,3.41,100.0,4.0,52393.0,3.0,,1.0,3.0,4.0,,110.9,,,
52399,5,36163.0,90.0,16765055.0,12.0,3.54,1110.0,2018.0,8.72,115192296.0,1.0,9.0,940.0,3.54,92.98,6.0,52399.0,2.0,1.0,2.0,2.0,4.0,,43.14,80.0,,
52428,39,41536.0,112.0,14222221.0,8.0,3.8,614.5,1994.0,8.25,114062002.0,1.0,5.0,500.0,3.8,63.0,3.0,52428.0,2.0,2.0,3.0,2.0,3.0,2018.0,85.2,62.0,1.0,
52441,10,44881.5,195.0,17231761.0,12.5,3.115,709.5,2011.0,7.14,116496230.5,1.0,7.5,490.0,3.115,80.00999999999999,3.0,52441.0,3.0,1.0,3.0,3.0,3.5,2019.5,23.0,90.0,64.0,
52445,2,38362.0,275.0,17592436.5,11.0,2.755,1200.0,,10.9,102450751.0,2.0,,665.0,3.69,125.0,4.5,52445.0,3.0,1.0,1.0,3.0,5.0,2017.0,124.4,,,
52457,8,27377.5,197.0,7613854.0,11.5,3.64,800.0,1996.5,6.9,116952785.5,1.0,5.0,530.125,3.64,82.5,4.0,52457.0,3.0,1.5,2.0,3.0,3.5,2020.0,86.65,99.5,1502.0,
52459,3,46379.0,176.0,17722611.0,8.0,4.03,810.0,1991.0,8.16,116238362.0,1.0,5.0,660.0,4.03,76.88,5.0,52459.0,4.0,1.0,2.0,4.0,3.0,,108.35,,,
52477,25,30636.0,150.0,14649986.0,9.0,2.58,685.0,1999.0,8.49,116898564.0,1.0,5.0,518.5,2.58,64.0,4.0,52477.0,2.0,1.0,2.0,2.0,3.0,2016.5,45.3,50.0,2.0,
52499,20,21377.5,165.0,14048776.5,11.5,2.74,1005.0,2015.0,8.74,116863345.5,1.0,8.5,700.0,2.74,91.0,5.0,52499.0,3.0,1.0,2.0,3.0,4.0,2019.0,92.1,95.0,12.0,
52511,20,37375.5,170.0,885535.0,11.0,3.66,697.0,1997.0,9.05,116645603.5,1.0,5.0,715.0,3.66,89.75,5.0,52511.0,3.0,0.0,2.0,3.0,4.0,2017.0,53.39,127.5,12.5,
52525,31,30059.0,150.0,5558177.0,9.0,3.31,620.0,1995.5,7.32,115983123.0,1.0,5.0,525.0,3.31,75.0,4.0,52525.0,3.0,2.0,2.5,3.0,3.0,2020.0,87.75,65.0,1.0,
52531,19,34134.0,147.5,14493938.0,10.0,3.23,695.0,1985.0,7.61,116163466.0,1.0,4.0,515.0,3.23,85.0,4.0,52531.0,3.0,2.0,2.0,3.0,4.0,2015.0,129.5,84.0,2.5,
52538,12,37305.0,148.75,4809781.0,6.5,3.245,700.0,1978.0,7.83,116817352.5,1.0,3.0,535.0,3.25,85.0,4.0,52538.0,2.5,2.0,2.0,2.5,4.0,2016.5,135.0,75.0,1.0,
53111,18,40207.0,195.0,691587.0,9.0,3.81,665.0,1987.0,5.92,115730611.5,1.0,4.0,750.0,3.81,54.75,5.5,53111.0,2.0,1.0,3.5,2.0,2.0,2019.0,79.295,55.0,55.0,
53113,27,30625.0,190.0,751835.0,9.0,3.08,1027.5,1958.0,5.8,116410896.0,1.0,2.0,925.0,3.08,66.67,6.0,53113.0,2.0,1.0,3.0,2.0,3.0,2006.0,76.0,85.0,79.0,
53115,33,29739.0,143.5,661779.0,8.0,3.6,840.0,1957.0,6.85,116082206.0,1.0,2.0,710.0,3.6,65.0,5.0,53115.0,2.0,2.0,3.0,2.0,3.0,2016.0,102.0,0.0,173.0,
53117,16,13107.5,190.0,16491308.5,7.5,4.08,975.0,2011.5,8.265,116938151.0,1.0,7.5,772.0,4.08,65.69,5.0,53117.0,3.0,2.0,3.0,3.0,3.0,2020.0,78.5,45.0,1041.0,
53119,20,33855.5,205.0,581241.0,6.0,4.52,946.62,1972.5,6.26,116773933.0,1.0,3.0,659.81,4.52,74.655,5.0,53119.0,3.0,3.0,8.0,3.0,3.0,2019.0,149.7,91.0,46001.0,
53121,36,37804.0,120.0,642090.0,7.5,3.74,522.0,2014.5,8.34,116791291.0,1.0,8.0,605.0,3.74,43.7,4.5,53121.0,1.75,2.0,3.0,1.5,2.0,2019.0,120.0,40.0,10.5,
53123,13,41435.0,140.0,15467977.0,12.0,3.9,815.0,1971.0,7.42,116673133.0,1.0,3.0,680.0,3.92,70.0,5.0,53123.0,3.0,2.0,3.5,3.0,3.0,2017.0,148.0,50.0,16.0,
53125,20,36312.0,250.0,5416620.0,12.0,3.87,990.0,1982.0,7.47,116528362.0,1.0,4.0,814.745,3.87,97.525,5.5,53125.0,3.0,2.0,3.0,3.0,4.0,2019.5,124.5,58.0,,
53127,16,41041.5,250.0,16747511.5,13.0,3.59,1180.0,1992.0,5.77,116408685.5,1.0,4.5,1072.0,3.59,97.0,7.0,53127.0,3.0,2.0,2.0,3.0,4.0,2018.5,99.4,100.0,1.0,
53129,16,29205.0,185.0,304223.5,7.0,3.57,1000.0,1985.0,7.54,116513465.5,1.0,4.5,887.5,3.57,67.0,5.5,53129.0,2.0,2.5,3.0,2.0,3.0,2017.0,57.0,64.8,7501.0,
53173,13,41937.0,280.0,15588945.0,15.0,3.45,1380.0,1939.0,5.99,116565988.0,1.0,1.0,1200.0,3.45,100.0,7.0,53173.0,3.0,1.0,2.0,3.0,4.0,2020.0,129.6,100.0,744.0,
53175,18,29053.0,200.0,1713667.0,10.5,3.63,1195.0,1969.5,6.1,116962324.5,1.0,2.0,932.5,3.63,74.0,6.0,53175.0,2.25,1.5,2.0,2.0,3.0,2017.0,144.0,29.0,40.0,
53177,55,34993.0,226.0,15726900.0,12.0,3.45,1169.5,1990.0,5.99,116748281.0,1.0,4.0,965.0,3.45,88.0,6.0,53177.0,3.0,2.0,4.0,3.0,4.0,2017.0,76.5,93.5,4711.0,
53179,24,34760.5,195.0,504506.0,8.5,3.45,902.7750000000001,1973.0,5.99,116786506.0,1.0,3.0,816.01,3.45,74.81,5.5,53179.0,2.75,1.0,3.0,2.5,3.0,2019.0,114.0,50.0,3.0,
53222,1,10356.0,300.0,18627622.0,0.0,4.09,1190.0,1938.0,8.79,117244203.0,,1.0,890.0,4.09,111.0,6.0,53222.0,4.0,1.0,1.0,4.0,5.0,2019.0,,,,
53225,25,26112.0,150.0,15591927.0,10.0,3.81,975.0,2003.0,7.03,116698765.0,1.0,6.0,781.71,3.81,58.12,5.0,53225.0,2.0,2.0,3.0,2.0,2.0,2020.0,67.4,33.59,2002.0,
53227,6,27043.0,251.5,5600566.0,9.5,3.81,1190.0,2015.0,7.03,116896256.5,1.0,8.0,995.0,3.81,91.5,6.5,53227.0,3.0,1.0,3.0,3.0,4.0,2015.0,21.0,61.0,,
53229,23,26848.0,175.0,15442986.0,10.0,3.81,900.0,2006.0,7.09,116571454.0,1.0,6.5,687.0,3.81,75.28,5.0,53229.0,2.0,2.0,3.0,2.0,3.0,2019.5,87.0,65.0,11.0,
53332,23,23288.0,191.0,15146867.0,10.0,4.09,992.5,2000.5,8.79,116569129.0,1.0,5.5,725.0,4.09,79.0,5.0,53332.0,3.0,1.0,2.0,3.0,3.0,2018.0,91.4,100.0,2.0,
53340,9,37047.0,160.0,809674.0,10.0,3.73,790.0,1980.0,8.6,115689449.0,1.0,3.5,690.0,3.73,83.0,5.0,53340.0,3.0,2.0,3.0,3.0,4.0,2020.0,115.75,33.5,63.0,
53343,7,11262.0,208.0,17626797.0,12.0,3.59,1085.0,1978.0,6.76,117209857.0,1.0,3.0,845.0,3.59,105.0,6.0,53343.0,4.0,1.0,2.0,4.0,5.0,2019.0,103.0,100.0,,
53347,10,31737.5,170.0,7854324.0,8.5,4.07,805.0,1991.5,9.12,116882653.0,1.0,4.5,615.0,4.07,65.975,4.5,53347.0,2.5,2.0,3.0,2.0,3.0,2006.5,61.55,60.0,,
53359,22,45238.0,150.0,787378.0,10.0,3.96,1017.5,1997.0,8.83,116514155.5,1.0,5.0,795.0,3.96,87.5,5.0,53359.0,3.0,1.0,2.0,3.0,4.0,2019.0,65.0,50.0,4.0,
53424,15,29253.0,130.0,7462474.0,12.0,4.02,680.0,1991.0,9.82,116612520.0,1.0,5.0,550.0,4.02,56.0,4.0,53424.0,2.0,1.0,3.0,2.0,2.0,2020.0,124.9,30.0,6.0,
53426,1,64175.0,350.0,17345291.0,16.0,3.97,1550.0,1977.0,6.58,115513795.0,1.0,3.0,1200.0,3.97,153.0,7.0,53426.0,4.0,,2.0,4.0,7.0,2019.0,111.5,,,
53474,59,30063.0,170.0,16521205.0,10.0,3.39,945.0,1999.0,8.49,116751444.0,1.0,5.0,760.0,3.39,84.81,5.0,53474.0,2.5,1.0,3.0,2.0,4.0,2019.0,82.7,87.5,1.0,83993.0
53489,6,43195.5,160.0,15982801.5,13.5,3.75,977.5,1976.0,8.69,116308335.5,1.0,3.0,645.0,3.75,86.0,4.5,53489.0,3.0,1.0,2.5,3.0,4.0,2014.5,114.9,,,
53498,9,37607.0,150.0,831799.0,11.0,3.44,887.5,1984.0,8.43,114306577.0,1.0,4.0,515.0,3.44,68.0,4.0,53498.0,3.0,1.0,3.0,3.0,3.0,2017.0,130.1,85.0,1.0,
53501,4,20951.5,160.0,13432088.5,13.5,3.43,942.5,1989.0,11.42,117054531.0,1.0,4.0,765.0,3.43,111.0,5.0,53501.0,3.25,1.0,2.0,3.0,5.0,2020.0,273.6,85.0,1.0,
53505,2,45042.0,185.0,8298690.5,10.5,3.6799999999999997,880.0,1977.5,,116296707.5,1.0,3.5,585.0,3.6799999999999997,105.0,4.0,53505.0,2.75,1.5,2.0,2.5,4.5,2019.0,206.7,,1.0,
53506,1,30216.0,115.0,5267609.0,10.0,2.33,635.0,1994.0,,47690055.0,1.0,5.0,520.0,2.33,115.0,4.0,53506.0,4.0,2.0,3.0,4.0,5.0,2019.0,77.0,,,
53507,1,24224.0,150.0,15364828.0,17.0,4.55,,,,115246325.0,1.0,,590.0,4.55,65.0,4.0,53507.0,2.0,0.0,0.0,2.0,3.0,2018.0,,,,
53518,1,7793.0,,18628881.0,0.0,3.11,600.0,2010.0,8.9,117294188.0,1.0,7.0,600.0,3.11,108.0,4.0,53518.0,5.0,2.0,4.0,5.0,5.0,,,,,
53533,2,62957.0,90.0,3612639.0,14.5,3.17,,,,115567477.5,1.0,,432.5,3.17,86.5,2.5,53533.0,3.0,1.5,,3.0,3.5,2020.0,,100.0,,
53534,1,12870.0,50.0,3612639.0,16.0,2.82,,,,117164431.0,1.0,,270.0,2.82,48.0,1.0,53534.0,2.0,0.0,,2.0,2.0,,,80.0,,
53545,2,56333.5,140.0,9515677.5,15.5,4.145,725.0,1980.0,7.51,115930548.5,1.0,3.0,575.0,4.145,91.5,4.5,53545.0,3.0,1.0,,3.0,4.0,,128.5,,,
53547,3,24502.0,169.0,15165069.0,7.0,4.32,486.0,1988.0,10.45,117013653.0,1.0,4.0,414.0,4.32,69.0,3.0,53547.0,2.5,1.0,1.5,2.0,3.0,2014.0,140.0,0.0,,
53557,3,7876.0,120.0,18569088.0,11.0,3.96,690.0,1970.0,6.39,117286680.0,1.0,2.0,570.0,3.96,85.0,4.0,53557.0,3.0,2.0,2.0,3.0,4.0,2019.0,,,,
53562,1,77313.0,168.3,18004257.0,7.0,3.81,944.35,2018.0,,105813320.0,1.0,9.0,776.05,,93.5,5.0,53562.0,3.0,,,3.0,4.0,,20.0,,,
53567,1,56988.0,170.0,18581132.0,9.0,4.72,760.0,1999.0,10.15,115733695.0,,5.0,590.0,4.72,98.0,4.0,53567.0,2.0,,,2.0,4.0,2019.0,97.4,,,
53572,3,38389.0,160.0,15986413.0,8.0,3.86,980.0,1976.5,8.68,116755509.0,1.0,3.0,840.0,3.86,103.0,6.0,53572.0,4.0,2.0,4.0,4.0,5.0,2017.0,123.0,,1862381342.0,
53577,1,7309.0,250.0,18628775.0,12.0,3.98,1121.53,1965.0,8.2,117287738.0,2.0,2.0,871.53,3.98,139.0,6.0,53577.0,6.0,1.0,2.0,5.0,6.0,,189.0,,,
53578,1,12825.0,90.0,18593423.0,19.0,4.82,,2015.0,8.69,117165067.0,1.0,8.0,848.0,4.82,108.0,6.0,53578.0,3.0,,2.0,3.0,5.0,2015.0,70.0,,,
53579,2,11127.0,140.0,17865735.5,6.0,3.96,640.0,1979.0,8.42,117214679.0,1.0,3.0,500.0,3.96,70.0,3.5,53579.0,2.25,1.0,3.0,2.0,2.5,2020.0,,,,
53604,39,34670.0,185.0,5283079.0,12.0,4.01,922.5,1985.0,8.27,116540819.0,1.0,4.0,760.0,4.01,84.0,5.0,53604.0,2.0,1.0,3.0,2.0,4.0,2018.0,114.95,100.0,26.5,
53619,3,24672.0,170.0,8039574.0,9.0,4.38,725.0,1998.0,7.84,116958262.0,1.5,5.0,600.0,4.38,76.0,4.0,53619.0,3.0,0.0,2.5,3.0,3.0,2018.0,116.5,,,
53639,31,24300.0,180.0,10019574.0,13.0,4.11,1025.0,1972.5,8.17,116972713.0,1.0,3.0,810.0,4.11,85.0,6.0,53639.0,3.0,2.0,2.0,3.0,4.0,2019.0,117.25,80.0,1.0,
53721,26,46318.0,200.0,9730674.0,12.0,4.04,970.0,1996.0,9.07,115821144.5,1.0,5.0,692.5,4.04,81.0,5.0,53721.0,3.0,2.0,3.0,3.0,3.5,2019.5,102.0,69.0,2.0,
53757,21,34178.0,160.0,1217873.0,9.0,4.09,745.0,1990.0,9.54,116330917.0,1.0,4.0,640.0,4.09,72.0,5.0,53757.0,2.0,2.0,3.0,2.0,3.0,2020.0,82.0,,4.0,
53773,22,21720.5,220.0,16486217.0,13.5,3.91,1070.0,1993.0,9.15,116941488.0,1.0,5.0,847.5,3.91,85.16,6.0,53773.0,3.0,2.0,3.0,3.0,4.0,2020.0,104.7,,1.5,
53783,3,14904.0,150.0,18608567.0,9.0,3.53,550.0,1995.0,6.81,117138130.0,1.0,5.0,400.0,3.53,56.58,2.0,53783.0,2.0,1.0,2.0,2.0,2.0,2020.0,,40.0,,
53797,14,20018.0,162.5,16109505.0,8.0,3.78,690.0,1996.0,8.48,117012365.0,1.0,5.0,680.0,3.78,73.5,5.0,53797.0,2.0,1.0,3.0,2.0,3.0,2020.0,90.3,60.0,555.5,
53804,7,46902.0,145.0,15609538.0,11.0,3.45,711.0,2000.0,6.03,116391634.0,1.0,5.0,566.0,3.45,65.0,4.0,53804.0,3.0,1.0,2.0,3.0,3.0,2017.5,118.5,,949.0,
53809,3,45567.0,150.0,18285558.0,17.0,3.58,1150.0,1970.0,10.3,112017952.0,1.5,3.0,850.0,3.58,123.0,6.0,53809.0,3.0,1.0,2.0,3.0,6.0,2015.0,79.0,100.0,,
53813,1,39095.0,455.0,15613670.0,15.0,3.01,2145.0,2013.0,9.83,116758315.0,2.0,8.0,1690.0,3.01,169.0,8.0,53813.0,3.0,2.0,3.0,3.0,7.0,,66.21,,,
53819,5,45888.0,200.0,17963248.0,9.0,3.89,675.0,1984.0,8.52,115839494.0,1.0,4.0,580.0,3.89,85.0,4.0,53819.0,3.0,1.0,2.0,3.0,4.0,2018.5,112.95,80.0,,
53840,14,30454.5,200.0,15299728.0,7.0,4.06,912.5,1973.0,8.82,116255812.5,1.0,2.5,880.0,4.06,86.5,6.0,53840.0,2.75,2.0,3.0,2.5,4.0,2016.0,71.0,,1.0,
53842,5,4278.0,160.0,16259368.0,9.0,4.06,830.0,1951.5,8.82,117334310.0,1.0,3.0,550.0,4.06,68.0,4.0,53842.0,2.0,2.0,2.0,2.0,3.0,2019.0,145.0,46.0,,
53844,18,20093.0,245.0,16136535.0,11.0,4.06,1040.0,2015.5,8.82,116723121.5,1.0,8.5,757.5,4.06,83.5,5.0,53844.0,3.0,1.0,2.0,3.0,4.0,2019.5,83.0,,,
53859,8,29461.0,200.0,17095098.5,8.5,4.19,941.415,1981.5,8.8,116565382.5,1.0,3.5,742.5,4.19,86.0,5.5,53859.0,3.0,1.0,2.0,3.0,3.5,2017.0,146.0,8.0,,
53879,13,17518.0,130.0,9838574.0,11.0,3.68,700.0,1974.0,14.22,117094111.0,1.0,3.0,570.0,3.68,75.5,4.0,53879.0,2.0,2.0,3.0,2.0,3.0,2014.0,134.0,70.0,2.0,
53881,6,30766.0,155.0,5033238.0,5.5,3.68,755.0,1999.5,14.22,115452957.0,1.0,5.5,590.0,3.68,90.0,4.5,53881.0,3.0,1.0,2.0,3.0,4.0,2019.0,122.8,50.0,,
53894,9,28245.0,175.0,17651881.0,12.0,3.69,820.0,2007.0,13.23,116969124.0,1.0,7.0,620.0,3.69,86.0,5.0,53894.0,2.0,2.0,2.0,2.0,4.0,2019.0,54.92,100.0,2.0,
53902,11,46041.0,150.0,15820217.0,11.0,3.48,740.0,1994.5,13.5,115156450.0,1.0,5.0,540.0,3.48,73.0,4.0,53902.0,2.0,1.0,2.0,2.0,3.0,2014.5,104.7,70.0,5.0,
53909,7,27584.0,120.0,16472411.0,8.0,3.53,770.0,1998.0,15.5,116709554.0,1.0,5.0,600.0,3.53,83.0,4.0,53909.0,2.0,1.0,2.0,2.0,4.0,2018.0,84.36,,0.0,
53913,4,43155.5,145.0,624579.0,10.5,4.13,800.0,1975.0,8.77,115391820.5,1.0,3.0,555.0,4.13,92.5,4.0,53913.0,3.0,0.0,3.0,3.0,4.0,2017.0,263.4,,3.0,
53919,4,45906.5,190.0,2923925.5,0.5,3.68,970.0,2004.5,15.21,115988002.5,1.0,6.5,645.05,3.68,83.0,4.5,53919.0,3.0,1.0,1.0,3.0,4.0,2014.0,147.0,100.0,,
53925,2,44892.5,124.0,9655948.0,12.5,3.45,653.0450000000001,2002.0,13.8,115615713.5,,6.5,504.04499999999996,3.45,69.67,3.5,53925.0,2.5,1.0,2.0,2.5,3.0,,86.0,50.0,62.0,
53937,5,43902.0,130.0,16499446.0,19.0,3.84,640.0,1956.0,10.14,115899900.0,,2.0,445.0,3.84,66.0,3.0,53937.0,2.5,1.5,2.0,2.0,3.0,,226.2,110.0,,
53940,2,43117.5,182.5,17060211.5,14.0,2.76,640.0,1960.0,14.04,116458371.5,1.5,2.0,487.5,2.76,84.5,3.0,53940.0,3.0,2.0,2.0,3.0,3.5,2016.0,324.2,,,
53945,1,3393.0,150.0,18630205.0,16.0,3.24,530.0,,,117347642.0,1.0,,380.0,3.24,70.0,2.0,53945.0,2.0,1.0,2.0,2.0,3.0,,,,,
53947,2,22764.5,155.0,13321522.5,6.5,3.21,740.0,1974.5,12.59,116681810.0,1.0,3.0,585.0,3.21,108.0,4.0,53947.0,3.5,1.0,1.0,3.5,5.0,2018.0,202.9,,,
54059,1,52173.0,120.0,12953180.0,8.0,3.94,,1963.0,2.11,116169541.0,1.0,2.0,610.0,3.94,91.5,5.0,54059.0,4.0,1.0,,4.0,4.0,,149.7,,,
54290,27,19200.0,140.0,15496598.0,10.0,3.44,860.0,1958.0,4.45,117028594.0,1.0,2.0,690.0,3.51,69.0,5.0,54290.0,2.0,2.0,3.0,2.0,3.0,2019.0,194.0,50.0,1.0,
54292,57,12823.0,120.0,5359197.0,11.0,3.6,900.0,2020.0,3.29,117164931.0,1.0,9.0,760.0,3.6,65.74,5.0,54292.0,2.0,1.5,4.0,2.0,3.0,2019.0,127.0,77.5,2.0,
54293,11,41693.0,105.0,17021097.0,6.0,3.67,630.0,1970.0,2.49,116667280.0,1.0,2.0,510.0,3.67,68.0,4.0,54293.0,2.0,2.0,2.0,2.0,3.0,,163.9,,,
54294,34,33491.0,140.0,16311284.0,8.5,3.57,887.5,2017.0,2.87,116658537.5,1.0,9.0,725.0,3.77,75.725,5.0,54294.0,2.25,2.0,3.0,2.0,3.0,2017.0,82.1,70.0,2.0,
54295,43,45185.0,75.0,1175446.0,15.0,3.12,437.5,1994.0,5.31,116547965.0,1.0,5.0,250.0,3.12,21.0,1.0,54295.0,1.0,2.0,3.0,1.0,1.0,2020.0,79.8,62.5,301.0,
54296,22,17080.5,150.0,15496598.0,9.5,3.585,807.5,2013.0,4.45,117107963.0,1.0,8.0,645.0,3.585,68.345,4.5,54296.0,2.0,2.0,2.0,2.0,3.0,2012.0,45.81,,3.0,
54298,2,41704.0,150.0,10416548.5,10.5,2.365,737.5,1990.0,12.485,116088897.0,1.0,4.5,587.5,2.365,82.0,4.0,54298.0,3.5,1.0,2.0,3.5,3.5,2020.0,105.0,,,
54308,2,20208.5,125.0,12991791.0,8.0,2.12,600.0,,8.27,107840856.0,1.5,,475.0,2.12,57.5,3.0,54308.0,2.75,,,2.5,2.0,2017.0,,,,
54310,1,11299.0,145.0,17112662.0,3.0,4.32,929.0,2019.0,,117208510.0,1.0,9.0,929.0,4.32,93.0,6.0,54310.0,2.0,2.0,2.0,2.0,4.0,,13.8,,,
54316,1,43845.0,200.0,18604951.0,1.0,1.57,1180.0,2019.0,5.56,116576073.0,2.0,9.0,980.0,1.57,110.0,6.0,54316.0,3.0,1.0,3.0,3.0,5.0,,,,,
54317,6,34460.0,135.0,11126860.0,5.0,1.38,830.0,2008.0,10.54,116886345.5,1.5,7.0,640.0,1.38,89.27000000000001,4.5,54317.0,3.25,1.0,1.0,3.0,4.0,2015.0,149.0,,1.5,
54318,2,7850.5,95.0,17632679.0,6.5,2.61,,,11.16,117293679.0,,,585.0,2.61,65.0,3.5,54318.0,3.0,1.0,,3.0,2.5,2020.0,196.0,,,
54320,1,12930.0,120.0,5359197.0,11.0,1.17,790.0,1984.0,9.19,117164059.0,,4.0,670.0,1.17,96.0,5.0,54320.0,4.0,,,4.0,4.0,,,,,
54329,5,14949.0,160.0,5781309.0,11.0,1.99,630.0,1990.5,10.83,117137226.0,1.5,4.5,590.0,1.99,85.0,4.0,54329.0,3.0,2.5,3.5,3.0,4.0,2017.0,,,,
54331,2,32793.0,147.5,11976271.5,13.0,1.63,845.0,2004.0,6.83,116655238.0,1.0,6.0,672.5,1.63,99.0,4.5,54331.0,3.0,,1.0,3.0,4.0,,,,,
54332,2,30359.0,160.0,17537921.0,17.0,2.55,500.0,1959.5,10.4,116772870.5,2.0,3.0,740.0,2.55,81.5,4.5,54332.0,2.5,1.0,2.0,2.5,3.5,2020.0,,,0.0,
54338,3,12693.0,100.0,5359197.0,8.0,2.38,780.0,2005.5,11.2,117168609.0,1.0,6.5,645.0,2.38,68.0,5.0,54338.0,2.0,1.0,3.0,2.0,3.0,2014.0,51.4,,10401.0,
54340,1,53707.0,120.0,15295092.0,16.0,,760.0,2020.0,,116091858.0,2.0,9.0,640.0,,81.0,5.0,54340.0,3.0,0.0,3.0,3.0,4.0,2020.0,20.0,,,
54346,2,32931.5,150.0,16711734.0,9.5,2.835,665.0,1996.0,9.74,116531649.5,1.5,6.0,590.0,2.835,73.0,4.5,54346.0,3.0,2.0,2.5,3.0,3.5,2004.0,164.4,,0.0,
54347,1,10598.0,150.0,17912383.0,8.0,5.56,650.0,2009.0,-2.98,117233618.0,,7.0,500.0,5.56,74.0,3.0,54347.0,3.0,,,3.0,3.0,,,,,
54411,4,41761.5,125.0,3683740.0,17.0,1.72,500.0,1959.0,6.69,104951020.5,2.0,2.5,365.0,1.72,66.5,2.5,54411.0,2.75,2.0,3.0,2.5,2.5,2018.0,159.1,,,
54424,1,20457.0,120.0,3683740.0,7.0,2.35,475.0,1950.0,0.13,117062078.0,0.0,1.0,355.0,2.35,60.0,2.0,54424.0,2.0,1.0,3.0,2.0,2.0,2011.0,75.0,,,
54439,3,34470.0,170.0,5781309.0,6.0,2.12,1020.0,1952.0,10.37,116886324.0,2.0,2.0,650.0,2.12,103.4,5.0,54439.0,3.0,2.0,2.0,3.0,5.0,,116.0,,,
54441,1,12800.0,255.0,5359197.0,18.0,1.44,1035.0,,7.66,117165672.0,1.0,,740.0,1.44,98.5,5.0,54441.0,2.0,,,2.0,4.0,,,,,
54453,1,14327.0,,15496598.0,11.0,1.28,570.0,2006.0,9.35,117148606.0,,7.0,570.0,1.28,38.0,4.0,54453.0,1.5,,,1.0,1.0,,92.26,,,
54456,4,19130.5,150.0,17918898.5,14.5,2.83,820.0,1980.0,7.86,117079028.5,1.0,3.0,670.0,2.83,80.5,5.0,54456.0,2.5,1.0,1.0,2.5,3.5,2016.0,128.1,,,
54470,5,28119.0,150.0,14773873.0,10.0,3.44,700.0,1860.5,6.37,116977950.0,1.0,1.0,550.0,3.44,100.0,4.0,54470.0,3.0,1.0,3.0,3.0,4.0,2019.0,,200.0,,
54472,2,24033.5,125.0,12172743.0,2.0,2.5949999999999998,540.0,2016.0,0.49,117022091.0,,9.0,445.0,2.5949999999999998,73.0,3.0,54472.0,2.5,,,2.5,3.0,2017.0,,,,
54492,2,34537.5,175.0,7810950.0,18.0,1.41,710.0,1905.0,4.74,110847167.5,2.0,1.0,535.0,1.41,90.0,3.5,54492.0,3.0,2.0,5.0,3.0,4.0,2020.0,,,,
54497,1,12891.0,100.0,5359197.0,6.0,1.7,300.0,,6.0,117164362.0,,,200.0,1.7,40.0,1.0,54497.0,1.0,,,1.0,1.0,,,,,
54498,1,8828.0,150.0,18628611.0,3.0,3.46,480.0,,,117278859.0,,,480.0,3.46,75.0,3.0,54498.0,2.0,,,2.0,3.0,,,,,
54516,11,36162.0,180.0,17632679.0,7.0,2.92,951.5,2017.0,5.72,116622459.0,1.0,9.0,730.0,2.92,85.0,5.0,54516.0,2.5,1.5,2.0,2.0,4.0,2018.0,42.5,,,
54518,1,17515.0,160.0,16963582.0,0.0,0.54,650.0,1990.0,,111979112.0,,4.0,490.0,0.54,97.8,3.0,54518.0,4.0,4.0,4.0,4.0,4.0,2019.0,,,,
54536,2,25502.5,165.0,18618200.0,0.5,2.23,455.0,2018.0,1.68,117006710.5,,9.0,375.0,2.23,42.5,2.0,54536.0,1.5,1.0,1.0,1.5,1.5,2020.0,,,,
54538,1,36539.0,155.0,18195341.0,6.0,,545.0,,,116404707.0,1.0,,390.0,,80.0,2.0,54538.0,3.0,2.0,2.0,3.0,3.0,,,,,
54550,2,41939.0,125.0,3384516.0,12.5,2.465,,1963.5,8.46,116204673.0,1.0,2.0,625.0,2.465,78.9,4.0,54550.0,2.5,1.0,3.0,2.5,3.5,2020.0,211.0,100.0,,
54552,2,31348.5,90.0,16537396.5,16.0,2.925,479.5,1984.0,10.64,108921473.5,1.0,4.0,389.5,2.925,67.5,2.5,54552.0,2.5,0.5,0.5,2.5,2.5,2018.0,109.6,,,
54558,1,84118.0,0.0,16908005.0,7.0,3.85,,1980.0,,90956594.0,,3.0,550.0,,67.0,4.0,54558.0,3.0,0.0,,3.0,3.0,2013.0,,50.0,,
54568,4,34772.5,100.0,16131265.5,9.5,2.45,800.0,1995.0,9.22,116394156.5,1.0,5.0,575.0,2.45,97.0,4.0,54568.0,3.25,2.0,3.0,3.0,4.5,2010.0,51.5,100.0,,
54570,3,27521.0,140.0,5328682.0,18.0,3.225,700.0,1975.0,3.26,116955335.0,1.0,3.0,400.0,3.225,105.0,2.0,54570.0,3.0,1.0,2.0,3.0,5.0,2019.5,117.0,,,
54578,1,28753.0,100.0,15370410.0,1.0,3.15,750.0,1998.0,,116972719.0,1.0,5.0,550.0,3.15,109.0,4.0,54578.0,3.0,1.0,2.0,3.0,5.0,1998.0,163.0,100.0,,
54584,1,80973.0,,700131.0,7.0,3.44,,1955.0,12.82,113390729.0,1.0,2.0,310.0,3.44,60.0,2.0,54584.0,3.0,1.0,4.0,3.0,2.0,,180.4,,1.0,
54587,2,36303.5,137.5,16769758.0,7.5,1.95,573.0,2000.0,13.71,115610770.5,1.0,5.0,435.5,1.95,85.5,3.0,54587.0,3.0,1.5,2.0,3.0,3.5,,,,,
54589,1,23250.0,65.0,18621231.0,8.0,3.19,495.0,1976.0,8.8,117027194.0,1.0,3.0,360.0,3.19,74.0,2.0,54589.0,2.0,2.0,2.0,2.0,3.0,,,70.0,,
54595,8,46966.0,150.0,15378593.0,13.0,2.5,700.0,1990.0,9.41,116021991.5,1.0,4.0,500.0,2.5,83.1,3.0,54595.0,3.0,2.0,3.0,3.0,4.0,2019.0,213.0,90.0,,
54597,1,57591.0,70.0,15378593.0,25.0,2.14,800.0,1966.0,,115815022.0,1.0,2.0,630.0,2.14,105.0,5.0,54597.0,4.0,2.0,2.0,4.0,5.0,2020.0,,100.0,,
54611,1,56622.0,140.0,15378593.0,13.0,,590.0,,,107796519.0,,,450.0,,114.0,3.0,54611.0,3.0,,,3.0,5.0,,,,,
54614,1,7066.0,150.0,16372033.0,15.0,1.28,,1965.0,6.35,117301612.0,,2.0,545.0,1.28,100.0,4.0,54614.0,4.0,,,4.0,4.0,,26.28,,,
54634,13,27135.0,130.0,18007524.0,11.0,1.39,908.25,1937.0,8.07,115578482.0,1.0,1.0,743.75,1.39,96.0,5.0,54634.0,3.0,2.0,3.0,3.0,4.0,2018.0,35.8,44.0,54634.0,
54636,2,46554.5,165.0,10008738.0,7.5,,700.0,1955.0,,116195897.5,,4.0,750.0,,110.0,5.0,54636.0,3.5,,2.0,3.5,5.0,,110.8,,,
54646,1,12893.0,180.0,5359197.0,19.0,0.73,1020.0,1985.0,,117164236.0,,4.0,780.0,0.73,123.0,5.0,54646.0,4.0,,,4.0,6.0,,76.4,,,
54649,3,24427.0,90.0,15378593.0,10.0,4.43,470.0,,-2.31,117013648.0,,,350.0,4.43,64.38,2.0,54649.0,3.0,,,3.0,3.0,,,65.0,,
54655,3,68548.0,180.0,16629815.0,7.0,2.565,680.0,1970.0,6.65,102515730.0,1.5,2.0,500.0,2.565,90.0,3.0,54655.0,3.0,2.0,2.0,3.0,4.0,,,,204.0,
54657,1,31140.0,80.0,16679949.0,10.0,,680.0,1980.0,,116941869.0,1.0,3.0,500.0,,90.0,3.0,54657.0,4.0,3.0,3.0,4.0,4.0,,,100.0,,
54666,2,37681.5,210.0,10933245.0,11.5,2.92,1042.5,1972.0,10.81,116378127.5,,3.0,832.5,2.92,108.0,5.5,54666.0,4.0,2.0,3.0,4.0,4.5,2014.0,,,,
54673,1,49384.0,100.0,15651218.0,8.0,5.13,750.0,1945.0,-2.24,108654758.0,2.0,1.0,550.0,5.13,131.38,4.0,54673.0,4.0,2.0,2.0,4.0,6.0,,,100.0,2018.0,
5484,1,54744.0,95.0,1027949.0,11.0,1.52,325.0,1909.0,7.04,116016707.0,1.0,1.0,230.0,1.52,31.0,1.0,5484.0,2.0,,3.0,2.0,1.0,2012.0,82.9,,,
55116,39,33134.0,110.0,11436579.0,11.0,3.81,990.0,1978.0,5.9,116673508.0,1.0,3.0,780.0,3.81,45.0,5.0,55116.0,1.0,3.0,4.0,1.0,2.0,2016.0,135.235,35.5,1.0,
55118,24,40017.5,182.5,8056390.0,9.5,4.04,1289.5,1966.0,7.64,116326800.5,1.0,2.0,1085.0,4.04,67.5,7.0,55118.0,2.25,2.0,6.0,2.0,3.0,2017.0,58.35,22.5,5.0,
55120,14,16821.5,175.0,15536102.0,8.5,3.61,1115.0,2006.5,6.2,117108004.5,1.0,7.0,975.0,3.61,80.35,6.0,55120.0,3.0,1.0,3.0,3.0,3.5,2018.0,132.0,70.06,,
55122,38,31536.5,150.0,16934170.0,9.5,3.71,900.0,2014.0,6.8,115011098.5,1.0,8.0,770.0,3.71,52.5,5.0,55122.0,2.0,2.0,4.0,2.0,2.0,2019.0,83.6,120.0,1.0,78726.0
55124,11,21972.0,160.0,5445880.0,11.0,3.63,1020.0,1977.0,6.23,115837137.0,1.0,3.0,815.0,3.63,64.0,6.0,55124.0,2.0,2.0,2.0,2.0,3.0,2016.0,106.5,115.0,1.0,
55126,12,29578.5,185.0,16384548.0,11.5,3.28,1100.0,1979.5,5.96,116838421.5,1.0,3.0,850.0,3.28,66.0,6.0,55126.0,2.0,2.0,3.0,2.0,3.0,2020.0,136.5,60.0,1.0,
55127,11,38107.0,150.0,14421771.0,10.0,4.03,810.0,1972.0,6.35,116454508.0,1.0,3.0,640.0,4.03,57.07,5.0,55127.0,2.0,3.0,3.0,2.0,2.0,2015.5,80.0,40.0,3.0,
55128,9,14356.0,159.0,16934170.0,13.0,3.2,1170.0,1982.0,5.85,106006022.0,1.0,3.5,950.0,3.2,70.0,6.0,55128.0,2.0,2.0,2.0,2.0,3.0,2020.0,182.0,,1.0,
55129,22,19392.5,172.5,16036612.0,9.0,3.61,900.0,1995.5,6.39,117022343.0,1.0,5.0,815.0,3.61,79.065,5.5,55129.0,2.0,1.0,3.0,2.0,3.5,2018.0,140.0,95.0,20.0,
55130,20,35692.0,167.215,14941096.0,10.5,3.585,1275.0,2010.5,5.305,115471917.5,1.0,7.5,1085.0,3.585,101.5,7.0,55130.0,3.25,1.0,2.0,3.0,4.5,2018.5,95.6,100.0,3.0,
55131,33,34278.0,168.5,15901393.0,14.0,3.85,1500.0,2016.0,6.18,116571606.0,1.0,9.0,1350.0,3.85,90.0,7.0,55131.0,3.0,2.0,4.0,3.0,4.0,2019.0,99.4,85.0,3.0,
55218,17,25502.0,170.0,12809104.0,12.0,3.44,990.0,1983.0,11.47,116546901.0,1.0,4.0,890.0,3.44,90.0,6.0,55218.0,3.0,2.0,2.0,3.0,4.0,2019.0,112.3,,3.5,
55224,1,9920.0,215.0,17098354.0,12.0,3.63,1235.0,2016.0,6.23,117256303.0,1.0,9.0,1020.0,3.63,86.27,7.0,55224.0,3.0,1.0,3.0,3.0,4.0,2016.0,73.4,,,
55232,14,37645.0,167.5,15881689.0,14.0,4.18,907.5,2000.0,8.15,116336142.0,1.0,5.0,687.5,4.18,90.0,5.0,55232.0,3.0,1.0,3.0,3.0,4.0,2020.0,124.25,115.0,,
55234,5,6623.0,180.0,17442508.0,11.0,4.05,840.0,1996.5,7.2,117253047.0,1.0,5.0,640.0,4.05,86.0,5.0,55234.0,3.0,1.0,2.0,3.0,4.0,2019.0,131.35,,,
55237,2,36222.5,275.0,18409761.5,17.5,3.855,1155.0,1882.5,7.24,115196594.0,1.0,3.0,880.0,3.855,159.5,5.5,55237.0,3.25,1.0,1.5,3.0,6.5,2018.5,90.4,,,
55239,2,19497.0,165.0,17412848.5,9.0,4.52,980.0,2002.0,7.62,117076664.5,2.0,6.0,815.0,4.52,113.5,5.5,55239.0,3.25,1.0,2.5,3.0,5.0,2019.0,,,,
55246,5,41160.0,130.0,17367481.0,9.0,2.73,900.0,1953.0,8.53,112950372.0,1.0,1.5,770.0,2.73,71.0,5.0,55246.0,2.0,2.0,2.0,2.0,3.0,2018.5,407.31,,1.0,
55252,6,42172.5,144.0,4166839.0,9.5,2.53,750.645,1982.0,8.17,115501859.0,1.0,3.5,655.145,2.53,55.035,5.0,55252.0,2.0,3.0,6.0,2.0,2.0,2020.0,161.0,62.0,,
55257,7,53755.0,50.0,16934170.0,17.0,3.3,1299.5,2017.0,10.13,115238632.0,1.0,9.0,1100.0,3.3,71.0,7.0,55257.0,2.0,2.0,2.0,2.0,3.0,2018.0,121.0,,1.0,
55262,3,43288.0,220.0,16733059.0,23.0,3.54,1060.0,2018.0,11.15,116608086.0,1.0,9.0,880.0,3.54,85.0,6.0,55262.0,3.0,1.0,2.0,3.0,4.0,2017.0,45.0,,2.0,
55263,7,30507.0,200.0,14206313.0,12.0,3.35,990.0,1973.0,10.94,116925788.0,1.0,3.0,950.0,3.35,84.0,6.0,55263.0,3.0,0.5,1.5,3.0,4.0,2020.0,134.2,,1000.0,
55264,1,24299.0,200.0,18619939.0,11.0,2.73,900.0,,8.53,116996193.0,1.0,,700.0,2.73,80.0,5.0,55264.0,3.0,5.0,7.0,3.0,3.0,2015.0,,,,
55268,4,22476.0,80.0,15608193.0,11.0,3.36,870.0,1998.0,11.19,109007473.5,1.0,5.5,810.0,3.36,75.0,5.5,55268.0,2.5,0.0,2.5,2.5,3.0,2014.0,107.7,70.0,1.0,
55270,23,29325.0,170.0,16934170.0,12.0,3.31,1120.0,1990.0,10.13,116329416.0,1.0,4.0,940.0,3.19,92.43,6.0,55270.0,3.0,2.0,2.0,3.0,4.0,2019.5,125.0,,1.0,
55271,3,44096.0,150.0,12591505.0,7.0,2.92,1100.0,2000.0,10.48,116572015.0,2.0,5.0,950.0,2.92,100.0,6.0,55271.0,4.0,2.0,2.5,4.0,4.0,2018.0,135.5,,1.0,
55276,11,17037.0,150.0,12591505.0,9.0,3.12,850.0,1991.0,9.43,115725581.0,1.0,4.5,660.0,3.12,70.0,5.0,55276.0,2.0,1.0,2.0,2.0,3.0,2019.0,111.55,55.0,4.0,
55278,4,35204.0,175.0,9451324.0,6.5,3.1500000000000004,755.0,1996.5,8.68,116764386.0,3.0,6.0,710.0,3.1500000000000004,87.5,5.0,55278.0,3.0,2.0,2.0,3.0,4.0,2019.0,208.15,,12.5,
55283,7,28881.0,175.0,16036612.0,14.0,3.22,1000.0,1988.0,10.96,115221815.0,1.5,4.0,800.0,3.22,86.0,5.0,55283.0,3.0,2.0,2.0,3.0,4.0,2018.0,73.0,100.0,7.5,
55286,8,32682.0,115.0,15062891.5,8.5,4.47,790.0,1996.0,9.12,116907917.0,1.0,5.0,650.0,4.47,82.0,5.0,55286.0,2.75,1.0,1.0,2.5,3.5,2015.0,74.38,,617.5,
55288,6,38407.0,130.0,8686122.5,11.5,3.96,800.0,1994.0,7.75,116760336.0,1.0,5.0,685.0,3.96,89.0,5.0,55288.0,3.25,2.0,2.0,3.0,4.0,2020.0,109.15,,1234.0,
55291,7,48154.0,150.0,18278636.0,10.0,4.33,840.0,2019.0,9.04,116391529.0,1.0,9.0,660.0,4.33,60.0,5.0,55291.0,2.0,2.0,2.5,2.0,2.0,2019.0,17.9,,,
55294,5,38640.0,200.0,14282216.0,16.0,3.15,1295.0,1983.5,9.81,116777422.0,1.0,4.0,1055.0,3.15,107.83,7.0,55294.0,4.0,1.5,2.5,4.0,5.0,2019.0,124.05,150.0,3.0,
55296,5,29536.0,90.0,14206786.0,8.0,3.41,930.0,1991.5,9.42,105602105.0,1.0,4.5,780.0,3.41,77.0,5.0,55296.0,3.0,0.0,3.5,3.0,3.0,2020.0,129.0,90.0,1.0,
55299,3,9394.0,140.0,831849.0,7.0,3.37,937.0,2004.0,11.69,58033849.0,1.0,6.0,850.0,3.37,91.0,6.0,55299.0,3.0,2.0,2.0,3.0,4.0,2008.0,126.4,0.0,20.0,
55411,33,31255.0,150.0,12591505.0,13.0,3.29,857.5,1975.0,10.21,116456090.0,1.0,3.0,670.0,3.29,87.0,5.0,55411.0,3.0,2.0,3.0,3.0,4.0,2018.5,125.0,75.0,17.5,
55413,8,35926.0,184.56,12591505.0,20.0,3.51,733.62,2020.0,6.09,116852874.5,1.0,9.0,549.06,3.89,92.28,4.0,55413.0,3.0,1.0,2.5,3.0,4.0,2018.0,73.8,,1.0,
55422,5,72637.0,150.0,12591505.0,10.0,3.15,715.0,1900.0,13.54,114438164.0,1.0,1.0,580.0,3.15,86.5,4.0,55422.0,3.0,1.0,3.0,3.0,4.0,2017.0,158.1,,1.0,
55424,3,43423.0,130.0,5341895.0,20.0,3.03,740.0,,9.82,112389644.0,1.0,,560.0,3.03,70.0,4.0,55424.0,2.0,1.0,2.0,2.0,3.0,2019.0,,100.0,,
55425,3,29979.0,160.0,18540524.0,11.0,3.3,835.0,1994.0,7.5,116958664.0,1.0,5.0,800.0,3.3,70.0,5.0,55425.0,3.0,1.0,2.0,3.0,3.0,2020.0,36.0,,1.0,
55430,2,10858.5,130.0,16427895.0,9.5,1.89,550.0,1965.0,-9.47,117205371.0,,2.0,420.0,1.89,79.0,3.0,55430.0,3.0,1.0,3.0,3.0,3.0,2020.0,,,,
55432,1,16807.0,180.0,17930630.0,11.0,,780.0,1978.0,,117108375.0,,3.0,600.0,,120.0,4.0,55432.0,3.0,1.0,2.0,3.0,5.0,2016.0,,,,
55435,9,38221.0,180.0,18365831.0,4.0,3.12,1150.0,1976.0,11.43,115523375.0,1.0,3.0,990.0,3.12,99.51,6.0,55435.0,3.0,2.0,3.0,3.0,4.0,,129.7,65.0,1.0,
55437,4,58579.5,157.5,12591505.0,8.5,2.79,760.0,1989.5,13.41,115716195.5,1.0,4.5,580.0,2.79,62.5,4.0,55437.0,2.0,1.0,2.0,2.0,2.5,2019.0,126.0,,2.0,
55444,5,26277.0,240.0,15542746.0,22.0,3.63,950.0,1955.0,2.43,116997032.0,2.0,2.0,700.0,3.63,150.0,5.0,55444.0,3.0,1.0,2.5,3.0,6.0,2017.0,160.55,,4.0,
55450,7,9072.0,180.0,17539177.0,5.0,5.05,730.0,1989.0,6.42,117067782.0,1.0,4.0,600.0,5.05,82.0,4.0,55450.0,3.0,1.0,3.0,3.0,4.0,2018.0,120.0,,,
55452,2,11674.5,167.5,559105.0,10.0,3.85,595.0,1961.5,4.2,108966859.0,1.0,2.0,442.5,3.85,66.0,2.5,55452.0,2.5,3.0,2.5,2.5,3.0,2017.0,152.35,,,
55459,3,13878.0,150.0,16667391.0,6.0,3.91,1270.0,1975.0,14.59,117155651.0,1.0,3.0,770.0,3.91,99.0,5.0,55459.0,3.0,1.0,3.0,3.0,4.0,2015.0,77.0,,,
55469,15,19559.0,200.0,18615361.0,9.0,3.93,902.0,2019.5,3.65,117027978.0,1.0,9.0,750.0,3.93,86.0,5.0,55469.0,3.0,3.0,3.0,3.0,4.0,2019.0,194.64999999999998,,,
55471,1,7564.0,125.0,17370679.0,5.0,,525.0,,,90906920.0,,,400.0,,85.0,2.0,55471.0,3.0,1.0,2.0,3.0,4.0,,,,,
55481,1,38771.0,170.0,17092464.0,12.0,3.78,620.0,1960.0,-2.0,116547496.0,1.0,2.0,450.0,3.78,68.0,3.0,55481.0,3.0,2.0,2.0,3.0,3.0,2015.0,354.5,,,
55491,8,18748.5,150.0,18586715.0,5.0,3.8,650.0,,,117018560.5,1.0,,495.0,3.8,77.5,3.0,55491.0,3.0,1.0,2.0,3.0,3.0,,,,,
55494,2,17158.5,100.0,8697090.5,11.5,3.295,650.0,1990.5,5.765000000000001,117136681.5,1.0,4.5,505.0,3.295,60.61,3.5,55494.0,2.5,1.0,2.0,2.5,2.5,2015.0,140.6,,,
55496,1,15440.0,120.0,17797723.0,12.0,2.21,810.0,2018.0,,117067879.0,2.0,9.0,610.0,2.21,87.6,5.0,55496.0,3.0,2.0,2.0,3.0,4.0,2018.0,55.8,50.0,,
55516,1,13621.0,350.0,16248016.0,5.0,3.81,1300.0,1955.0,5.9,117007971.0,,2.0,950.0,3.81,110.0,6.0,55516.0,5.0,5.0,6.0,5.0,5.0,2015.0,159.3,,,
55543,80,45970.0,200.0,15950508.0,10.0,5.13,1025.0,2014.0,4.33,116368031.0,2.0,8.0,750.0,5.13,87.45,5.0,55543.0,3.0,2.0,3.0,3.0,4.0,2019.0,112.0,80.0,43.0,
55544,1,75666.0,120.0,16309247.0,3.0,5.13,,1700.0,4.33,114448877.0,,1.0,800.0,5.13,79.0,5.0,55544.0,3.0,1.0,,3.0,3.0,,,0.0,2.0,
55545,19,34431.0,180.0,10353475.0,9.0,5.13,815.0,1986.0,4.33,116571113.0,1.0,4.0,600.0,5.13,83.72,4.0,55545.0,3.0,1.0,2.0,3.0,4.0,2020.0,115.6,25.5,3424.5,
55546,6,36820.5,140.0,10097278.0,5.0,4.04,740.0,2008.0,4.02,104847125.5,1.0,7.0,490.0,4.8,66.25999999999999,3.5,55546.0,2.75,1.0,1.0,2.5,3.0,2019.0,115.1,,,
55559,2,3335.5,192.5,6703059.0,10.5,5.325,1050.0,2019.0,5.345,117349522.0,2.0,9.0,1017.5,5.325,111.5,6.5,55559.0,3.5,2.0,2.0,3.5,5.0,,41.5,,1.0,
55566,7,41980.0,120.0,830944.0,3.0,5.14,630.0,1966.5,1.95,116170656.0,1.0,2.0,450.0,5.14,65.7,3.0,55566.0,2.0,2.0,2.0,2.0,3.0,2005.0,129.55,90.0,,
55569,1,58095.0,200.0,16901071.0,11.0,4.26,850.0,1981.0,,115755782.0,2.0,4.0,650.0,4.26,120.0,5.0,55569.0,3.0,1.0,2.0,3.0,5.0,,,,,
55576,5,65967.0,90.0,3709709.0,12.0,3.11,990.0,2006.5,10.57,104230947.0,1.0,6.5,680.0,3.19,86.0,5.0,55576.0,3.0,1.0,2.5,3.0,4.0,2017.0,34.8,,11.0,
55578,1,13183.0,144.0,12591505.0,21.0,3.32,680.0,,6.44,117162397.0,,,536.0,3.32,78.0,4.0,55578.0,2.0,,,2.0,3.0,,129.0,,1.0,
55583,15,46133.0,210.0,16637187.0,11.0,4.68,920.0,1998.0,5.01,115234326.0,1.0,5.0,650.0,4.68,90.0,5.0,55583.0,3.0,1.0,4.0,3.0,4.0,2012.5,80.4,,1856.0,
55585,2,35096.5,95.0,6532114.0,11.5,4.33,510.0,1999.0,-1.21,116411566.5,2.0,5.0,402.5,4.33,77.5,2.5,55585.0,2.0,3.0,,2.0,3.5,,199.0,,1.0,
55590,2,24950.0,50.0,10149116.0,17.0,4.19,550.0,1618.0,0.01,115954125.5,,1.0,495.0,4.19,93.0,3.0,55590.0,5.0,1.5,2.5,4.0,4.0,2019.0,,100.0,,
55593,1,8850.0,120.0,17399094.0,15.0,4.33,770.0,1974.0,3.75,117277719.0,1.0,3.0,650.0,4.33,93.0,5.0,55593.0,3.0,1.0,1.0,3.0,4.0,2020.0,163.0,,,
55595,10,36822.5,147.5,17662392.0,10.0,4.88,860.0,1998.0,3.17,116798538.5,1.0,5.0,695.0,5.16,94.0,5.0,55595.0,3.0,2.0,2.0,3.0,4.0,2010.0,152.0,65.0,100.0,
55597,4,44765.0,145.0,5233211.0,9.0,3.725,692.5,1988.0,8.41,107791783.0,1.0,4.5,512.5,3.95,74.215,3.5,55597.0,3.0,1.0,3.0,3.0,3.0,2013.0,133.2,75.0,40.0,
55599,4,37519.0,162.5,8749906.5,10.5,4.46,850.0,1996.5,5.21,116275275.5,1.5,5.0,575.0,4.46,94.0,4.0,55599.0,2.75,1.0,3.0,2.5,4.0,2015.0,128.5,,,
55606,5,16016.0,150.0,17853851.0,15.0,3.85,650.0,1970.0,2.95,117119005.0,1.0,2.0,520.0,3.85,74.0,4.0,55606.0,3.0,2.0,4.0,3.0,3.0,2019.0,,,,
55618,1,76804.0,80.0,17032466.0,5.0,5.19,780.0,1999.0,5.47,84694888.0,2.0,5.0,595.0,5.19,76.2,4.0,55618.0,3.0,,2.0,3.0,3.0,2019.0,,,,
55624,1,81522.0,200.0,789496.0,29.0,1.95,,1910.0,,110161510.0,,1.0,450.0,1.95,129.0,3.0,55624.0,3.0,,,3.0,6.0,,161.8,,333.0,
55743,15,38033.0,150.0,14568296.0,9.0,2.79,525.0,1981.0,5.69,116702327.0,1.0,4.0,400.0,2.79,80.0,2.0,55743.0,2.5,1.0,3.0,2.0,3.0,2019.0,117.8,0.0,2.0,
55756,1,50488.0,120.0,18507264.0,20.0,4.23,1150.0,,,116269865.0,1.0,,900.0,4.23,135.0,6.0,55756.0,4.0,1.0,,4.0,6.0,,,130.0,,
55758,4,26777.5,145.0,9126018.0,16.0,1.52,850.0,1983.0,,116942615.5,2.0,4.0,665.0,1.52,130.0,5.0,55758.0,3.0,1.0,2.0,3.0,6.0,2013.0,121.6,80.0,,
55765,2,40248.0,140.0,8150728.0,10.0,3.19,465.0,1945.5,6.0,112256216.5,1.0,3.0,325.0,3.19,59.5,2.0,55765.0,2.0,1.5,4.0,2.0,2.5,2020.0,119.3,,2.0,
55767,3,36265.0,120.0,5521582.0,18.0,1.765,500.0,1927.0,,115739284.0,1.0,1.0,380.0,1.765,58.0,2.0,55767.0,2.5,1.5,4.0,2.0,2.0,2019.0,182.55,80.0,2.0,
55774,6,25188.0,147.0,12723595.0,5.0,1.44,530.0,1970.0,8.03,115433713.0,1.0,3.0,315.0,1.44,69.185,2.0,55774.0,3.0,1.0,2.0,3.0,2.5,2015.0,146.5,80.0,2.0,
55849,1,35534.0,136.0,15316630.0,7.0,2.86,621.0,1984.0,6.53,116863618.0,,4.0,423.0,2.86,58.17,3.0,55849.0,2.0,1.0,2.0,2.0,2.0,,113.0,62.0,,
56022,1,39238.0,150.0,14208278.0,19.0,2.51,800.0,,6.51,116763817.0,,,650.0,2.51,75.0,5.0,56022.0,2.0,1.0,4.0,2.0,3.0,,222.2,,,
56068,55,36570.0,115.94,15861544.0,7.0,3.78,800.0,1987.5,6.62,116739678.0,1.0,4.5,650.0,3.78,70.0,5.0,56068.0,2.0,2.0,4.0,2.0,3.0,2019.0,121.00999999999999,65.0,1.0,
56070,25,15447.0,120.0,18166654.0,8.0,3.91,800.0,1955.0,5.49,116752945.0,1.0,2.0,680.0,3.91,80.0,5.0,56070.0,3.0,2.0,3.0,3.0,3.0,2020.0,102.75,70.0,4711.0,
56072,30,28438.5,110.0,16646287.5,9.5,3.48,880.0,1994.0,5.0,116328095.5,1.0,5.0,654.4449999999999,3.48,80.0,5.0,56072.0,3.0,2.0,2.0,3.0,3.0,2019.0,92.5,70.0,1.0,
56073,18,53323.0,147.5,15578016.5,8.0,3.75,862.79,1981.0,4.93,115249859.5,1.0,3.5,680.0,3.75,75.075,5.0,56073.0,3.0,2.0,3.0,3.0,3.0,2018.0,103.1,92.58,18.0,
56075,11,21992.0,107.5,15593019.0,9.0,3.03,880.0,1975.0,5.51,116388565.0,1.0,3.0,780.0,3.03,97.0,5.0,56075.0,3.0,1.0,2.0,3.0,4.0,2013.0,152.1,,,
56076,15,25318.0,122.5,15626670.0,5.0,3.35,730.0,1966.5,4.53,114864858.0,1.0,2.0,585.0,3.35,68.0,4.0,56076.0,2.0,2.0,3.0,2.0,3.0,2017.0,96.0,59.5,,
56077,20,43839.5,135.26,8023213.5,10.0,3.82,805.0,1938.0,1.58,116577390.5,1.0,1.0,657.5,3.82,76.0,5.0,56077.0,2.0,2.0,3.5,2.0,3.0,2016.0,49.0,84.0,,
56112,19,22170.0,150.0,15761708.0,9.0,4.11,604.2,1981.0,11.18,116411853.0,1.0,4.0,480.0,4.11,67.0,3.0,56112.0,2.5,2.0,3.0,2.0,3.0,2018.0,142.95,80.0,4711.0,
56130,13,39038.0,146.0,14761324.0,8.0,3.8,615.0,1951.0,12.25,115576378.0,1.0,2.0,480.0,3.8,78.15,3.0,56130.0,3.0,2.0,3.0,3.0,3.0,2018.0,121.3,56.0,4711.0,
56133,1,56322.0,200.0,18500630.0,16.0,3.73,850.0,1974.0,13.84,115930104.0,2.0,3.0,650.0,3.73,105.0,5.0,56133.0,4.0,,3.0,4.0,5.0,,193.4,,,
56154,14,27800.5,162.5,16565099.0,7.0,3.12,620.0,1996.5,2.17,116909351.0,1.0,5.0,540.0,3.12,82.0,3.5,56154.0,3.0,1.0,3.0,3.0,4.0,2020.0,78.0,47.5,4711.0,
56170,7,23283.0,120.0,15685295.0,7.0,5.19,792.48,1993.5,5.41,116701764.0,1.0,5.0,650.0,5.19,88.0,5.0,56170.0,3.0,2.0,2.5,3.0,4.0,2020.0,120.4,,2362.0,
56179,13,25398.0,120.0,15845659.0,11.0,5.58,780.3,1993.5,5.87,115734324.0,1.0,5.0,620.0,5.58,84.0,5.0,56179.0,2.0,2.0,2.0,2.0,4.0,2017.0,72.65,80.0,4.0,
56182,3,7328.0,188.5,9719374.0,9.0,5.39,1306.25,1973.0,7.63,115834709.0,1.0,3.0,750.0,5.39,88.5,5.0,56182.0,2.5,1.0,2.0,2.0,4.0,,112.0,,2.5,
56191,3,52359.0,80.0,17285626.0,3.0,5.93,730.0,2020.0,8.16,116165936.0,1.0,9.0,650.0,5.93,52.0,5.0,56191.0,2.0,2.0,2.0,2.0,2.0,2019.0,30.0,80.0,,88565.0
56203,2,33330.5,165.0,15120091.5,11.0,4.24,985.0,1996.5,4.64,102077892.0,1.0,6.0,770.0,5.0,92.0,4.0,56203.0,2.5,1.0,3.0,2.5,4.0,2018.0,,100.0,,
56206,2,11064.5,225.0,18240619.0,18.0,4.44,830.0,1968.0,5.535,117161370.5,1.0,2.0,755.0,4.44,125.0,5.0,56206.0,3.5,1.0,1.0,3.5,5.0,2020.0,,,,
56218,1,13295.0,140.0,18612238.0,4.0,5.52,685.0,2014.0,5.08,117160589.0,,8.0,545.0,5.52,57.0,4.0,56218.0,2.0,,,2.0,2.0,,,,,
56220,11,24989.0,120.0,17273912.0,11.0,4.62,925.0,1990.0,5.31,115601006.0,1.0,4.5,770.0,4.62,89.0,5.0,56220.0,3.0,2.0,3.0,3.0,4.0,2019.0,130.2,,,
56235,19,62077.0,150.0,939368.0,12.0,4.81,917.5,2019.0,5.6,115475323.0,1.0,9.0,835.0,4.81,95.1,6.0,56235.0,3.0,1.0,2.0,3.0,4.0,2019.0,30.0,30.0,18.0,
56242,2,44360.5,239.13,12696903.0,15.5,5.96,632.235,2018.0,2.42,115772854.0,1.0,9.0,512.6700000000001,5.96,58.09,3.5,56242.0,2.0,3.0,3.0,2.0,2.5,2018.0,,,,
56244,4,21313.5,107.5,15160440.5,3.5,4.205,497.5,1992.0,,117055956.0,1.0,5.0,470.0,4.36,73.5,3.5,56244.0,2.5,1.0,0.5,2.5,3.0,2010.0,66.4,,,
56249,2,35235.5,160.0,13389061.0,11.0,4.4399999999999995,810.0,1999.0,,100274309.5,,5.0,630.0,4.88,86.0,4.5,56249.0,3.25,,,3.0,4.0,,,,,
56269,2,76135.5,87.5,18390060.0,23.0,3.63,765.0,,8.36,114083498.5,,,590.0,3.63,120.0,4.0,56269.0,4.0,1.0,,4.0,5.0,2019.0,127.66,87.5,,
56271,4,51138.5,150.0,12856478.0,13.5,4.8100000000000005,730.0,1984.5,3.95,116174364.0,1.0,3.5,565.0,4.8100000000000005,92.5,4.0,56271.0,3.5,1.0,2.0,3.5,4.0,2017.0,110.45,75.0,,
56276,1,23965.0,192.5,15586467.0,11.0,5.05,622.5,,,115208414.0,1.0,,430.0,5.05,86.0,3.0,56276.0,4.0,2.0,2.0,4.0,4.0,2020.0,,,,
56281,12,26314.0,155.0,17738288.5,10.5,3.44,840.0,2016.5,6.44,115698976.0,1.0,9.0,740.0,3.44,94.0,5.0,56281.0,3.0,2.0,2.5,3.0,4.0,2018.5,68.0,70.0,3.0,
56283,1,1844.0,60.0,13055094.0,6.0,4.5,435.0,1998.0,2.73,117363255.0,1.0,5.0,375.0,4.5,55.0,2.0,56283.0,2.0,,,2.0,2.0,,182.0,,,
56288,7,26182.0,125.0,16087183.0,6.0,3.16,575.0,1979.0,5.11,116547688.0,1.0,3.5,430.0,3.16,70.0,3.0,56288.0,3.0,1.0,3.0,3.0,3.0,2020.0,134.05,77.5,3.0,
56291,3,19058.0,110.0,16457208.0,6.0,3.54,470.0,1996.0,,116547228.0,1.0,5.0,360.0,3.54,60.0,2.0,56291.0,2.0,1.0,1.0,2.0,2.0,2018.0,163.2,,3.0,
56299,3,38818.0,200.0,17161005.0,10.0,4.6,850.0,1960.0,3.27,116774228.0,2.0,2.0,650.0,4.6,100.0,5.0,56299.0,4.0,1.0,2.0,4.0,4.0,2018.0,149.0,,3.0,
56316,2,50327.0,185.0,15446338.5,12.0,4.2,900.0,1993.5,,115970437.0,2.0,5.0,572.5,4.2,99.5,4.0,56316.0,4.5,1.5,2.0,4.0,4.5,,,120.0,,
56321,2,30645.0,110.0,2344281.0,12.5,4.65,350.0,1968.0,4.09,113824992.0,1.0,2.0,450.0,4.65,60.5,3.0,56321.0,2.0,1.5,2.0,2.0,2.5,,124.0,,,
56322,1,21282.0,150.0,17533778.0,2.0,4.88,660.0,1990.0,10.13,117051541.0,1.0,4.0,510.0,4.88,96.2,4.0,56322.0,4.0,1.0,2.0,4.0,4.0,,58.0,,,
56323,1,10761.0,91.0,18437098.0,9.0,4.64,399.0,1979.0,4.7,116968155.0,,3.0,308.0,4.64,41.0,2.0,56323.0,1.0,0.0,0.0,1.0,2.0,2020.0,,,,
56329,3,24379.0,180.0,14574738.0,13.0,3.52,700.0,1955.0,0.75,117013903.0,2.0,2.0,500.0,3.52,101.0,3.0,56329.0,3.0,1.0,2.0,3.0,5.0,2016.5,212.5,95.0,5781.0,
56330,3,21471.0,140.0,7503475.0,8.0,4.28,535.0,1914.0,9.19,116455838.0,1.0,1.0,395.0,4.28,80.0,2.0,56330.0,3.0,3.0,3.0,3.0,3.0,,,,,
56332,10,33577.5,155.0,16117255.0,11.5,4.8,800.0,1989.0,8.81,116902224.0,1.0,4.0,600.0,4.8,97.4,4.0,56332.0,3.0,2.0,3.0,3.0,4.0,2015.0,96.3,60.0,1.0,
56333,1,72441.0,,16367164.0,27.0,5.76,510.0,,-6.13,93794320.0,,,490.0,5.76,18.0,3.0,56333.0,1.0,2.0,3.0,1.0,1.0,2017.0,,,,
56337,1,27762.0,80.0,5033273.0,14.0,5.0,,1951.0,5.57,86305949.0,1.0,2.0,430.0,5.0,60.0,3.0,56337.0,2.0,1.0,2.0,2.0,2.0,2016.0,127.1,,,
56338,2,44817.0,207.5,474487.5,9.0,3.33,770.0,1915.0,12.34,116227778.5,2.0,1.0,542.5,3.33,92.5,3.5,56338.0,2.75,,,2.5,4.0,,,25.0,4711.0,
56340,1,58926.0,300.0,18582091.0,11.0,3.1,1100.0,2001.0,,115755312.0,2.0,6.0,800.0,3.1,140.0,5.0,56340.0,4.0,,,4.0,6.0,2020.0,,,,
56341,4,19796.5,140.0,17003048.0,10.5,3.35,430.0,1973.0,,116086308.5,1.0,3.0,387.5,3.35,64.5,2.5,56341.0,3.0,1.5,3.0,3.0,2.5,2019.0,104.65,,411.0,
56346,1,74425.0,200.0,16345803.0,13.0,3.63,825.0,,11.36,114630062.0,1.0,,625.0,3.63,100.0,5.0,56346.0,3.0,2.0,4.0,3.0,4.0,2018.0,,,,
56355,2,47504.5,179.0,17315998.0,8.5,3.8200000000000003,854.0,1995.0,9.75,114905851.5,1.0,5.5,675.0,3.8200000000000003,84.5,4.5,56355.0,2.5,2.0,2.0,2.5,3.5,2019.0,160.9,100.0,5781.0,
56357,3,18867.0,200.0,15976817.0,14.0,4.13,825.0,1995.5,,117037376.0,1.0,5.0,625.0,4.13,132.0,5.0,56357.0,4.5,2.0,2.0,4.0,6.0,2018.0,,60.0,,
56368,2,27050.0,225.0,17528047.0,13.0,1.5,965.0,1993.0,11.5,101973114.0,2.0,5.0,740.0,3.0,139.5,5.0,56368.0,4.5,,,4.5,6.5,2008.0,,,,
56377,10,34113.0,175.0,16784994.0,7.5,3.94,550.0,1953.0,9.22,116452803.0,1.0,2.0,365.0,3.94,65.455,2.0,56377.0,3.0,1.0,3.0,3.0,3.0,2019.5,116.3,70.0,4711.0,
56379,2,60468.0,190.0,17469731.5,13.5,1.83,677.5,1943.0,,110024936.0,1.0,2.5,487.5,1.83,89.5,3.5,56379.0,2.5,0.0,2.0,2.5,4.0,2019.5,90.5,,,
56410,66,34651.5,160.0,13008426.5,11.0,5.76,930.0,2015.0,4.71,116419744.0,1.0,8.0,775.0,5.76,94.25,5.0,56410.0,3.0,1.0,2.0,3.0,4.0,2019.0,49.9,50.0,4.0,
56412,18,52359.0,100.0,18550862.0,8.0,4.405,850.0,2020.0,4.37,115547167.0,1.0,9.0,665.0,4.405,94.5,5.0,56412.0,3.0,1.0,2.0,3.0,4.0,2020.0,95.55000000000001,0.0,1.0,
56414,4,20809.5,190.0,17059906.0,12.0,4.795,677.5,1964.5,1.1,115141939.5,2.0,3.0,497.5,4.795,97.5,3.5,56414.0,3.25,1.0,2.0,3.0,4.5,2018.0,195.4,,,
56422,2,57199.5,150.0,8392513.5,9.5,4.42,650.0,2012.0,3.72,115799883.5,1.5,8.0,582.0,4.42,80.49000000000001,4.0,56422.0,2.0,1.0,2.0,2.0,3.5,,,,,
56424,6,47228.5,300.0,4596397.5,5.5,4.44,1155.0,2003.5,0.6,115876539.5,1.0,6.5,760.0,4.44,117.0,5.0,56424.0,3.0,1.0,2.0,3.0,5.0,2018.0,118.0,150.0,12.0,
56428,2,64643.0,130.0,939368.0,8.5,4.45,,1973.0,4.3,115391150.5,1.0,3.0,502.5,4.45,107.0,3.5,56428.0,3.0,,7.0,3.0,5.0,,39.6,,,
56457,3,39510.0,200.0,581774.0,9.0,3.9,,1979.5,2.22,115546443.0,2.0,3.5,500.0,3.9,91.0,3.0,56457.0,3.0,1.0,,3.0,4.0,,138.5,,,
56470,4,29548.0,120.0,16804498.0,6.5,5.12,600.0,2004.0,1.61,116908252.5,,6.5,495.0,5.12,71.44,3.0,56470.0,2.0,1.0,3.0,2.0,3.0,2016.5,60.7,,,
56472,2,62811.0,145.0,8068488.5,4.0,-1.29,550.0,1974.0,,98000233.5,1.5,3.5,405.0,-1.29,63.5,2.5,56472.0,2.5,0.0,2.0,2.5,3.0,2019.0,233.3,,,
56477,3,37342.0,165.0,2218439.0,8.0,4.44,580.0,2001.5,4.44,109894676.0,1.5,6.5,430.0,4.44,86.0,3.0,56477.0,3.5,1.0,3.0,3.0,4.0,2013.0,162.55,100.0,,
56479,2,29067.0,165.0,2988177.0,12.5,4.18,,1993.5,,115964453.0,1.0,5.0,470.0,4.18,88.0,3.0,56479.0,2.5,1.5,,2.5,4.0,,119.5,,,
56564,17,35067.0,150.0,16330994.0,9.0,4.55,912.5,1953.0,9.03,116270142.0,1.0,2.0,700.0,4.55,77.0,5.0,56564.0,3.0,1.0,3.0,3.0,3.0,2016.0,108.0,107.5,1.0,
56566,11,38572.0,135.0,17376355.0,6.0,4.55,727.5,1973.0,9.03,116779850.0,1.0,2.5,420.0,4.55,78.0,3.0,56566.0,3.0,2.0,3.0,3.0,3.0,2018.5,129.0,0.0,10.0,
56567,6,24249.5,125.0,8083331.0,10.0,3.9699999999999998,788.25,1976.5,9.03,104096875.0,1.0,3.0,671.25,4.55,106.0,5.0,56567.0,3.0,2.0,2.0,3.0,5.0,2013.0,102.0,90.0,,
56575,9,39726.0,100.0,15937642.0,11.0,5.98,750.0,1980.0,6.75,116754011.0,,3.0,650.0,5.98,93.0,5.0,56575.0,3.0,2.0,8.0,3.0,4.0,2019.0,131.8,,1.0,
56579,2,41124.0,151.5,3306226.5,12.0,4.42,1040.0,2006.0,8.77,116236703.5,1.0,7.0,595.0,4.42,82.8,4.0,56579.0,2.5,1.5,2.5,2.5,3.5,,89.4,22.0,,
56581,2,8844.0,200.0,17868298.5,4.5,4.32,956.5,1952.5,8.85,117262543.5,1.0,1.5,661.5,4.32,104.0,5.0,56581.0,4.0,2.0,2.0,4.0,4.5,2016.0,164.8,190.0,,
56584,1,8753.0,100.0,17573446.0,35.0,4.89,,2012.0,10.66,117280684.0,,8.0,925.0,4.89,140.0,6.0,56584.0,4.0,,1.0,4.0,6.0,,110.8,,,
56593,1,5321.0,120.0,16887391.0,13.0,4.4,505.0,,11.78,117323977.0,1.0,,350.0,4.4,47.77,2.0,56593.0,2.0,1.0,1.0,2.0,2.0,,,,,
56598,5,10934.0,120.0,18569088.0,12.0,4.12,760.0,1989.0,9.45,116403487.0,1.0,4.0,640.0,4.12,91.5,5.0,56598.0,3.0,2.0,2.5,3.0,4.0,2016.5,57.95,,,
56626,9,32265.0,140.0,17681198.0,12.0,4.8,890.0,1983.5,5.65,116492701.0,1.0,4.0,700.0,4.8,96.0,5.0,56626.0,3.0,2.0,3.0,3.0,4.0,2019.0,114.2,110.0,,
56645,1,5924.0,140.0,18566360.0,12.0,4.18,730.0,1964.0,3.61,117314499.0,3.0,2.0,590.0,4.18,68.0,4.0,56645.0,2.0,,2.0,2.0,3.0,2019.0,,,,
56651,1,27222.0,70.0,17416918.0,7.0,1.85,350.0,2009.0,,92261872.0,1.0,7.0,280.0,,33.0,1.0,56651.0,1.5,,,1.0,1.0,,,,,
56653,1,10153.0,200.0,17970317.0,10.0,3.58,910.0,1996.0,,117252051.0,1.0,5.0,710.0,3.58,145.0,5.0,56653.0,5.0,1.0,2.0,5.0,6.0,,,,,
56659,2,15496.5,165.0,18117340.0,11.0,3.25,815.0,1948.5,6.87,117083709.0,1.0,3.0,650.0,3.25,100.0,5.0,56659.0,4.0,1.5,2.5,4.0,4.5,2018.0,,,,
56727,25,26510.0,95.0,15465011.0,7.0,5.1,674.5,1993.0,4.44,116379063.0,1.0,5.0,490.0,5.1,76.0,3.0,56727.0,3.0,2.0,3.0,3.0,3.0,2018.5,138.7,40.0,3.0,
56729,1,53188.0,140.0,5381582.0,8.0,5.6,480.0,,,116127290.0,,,340.0,5.6,90.0,2.0,56729.0,3.0,,,3.0,4.0,,,,,
56745,2,21216.0,185.0,17417163.5,2.5,5.785,615.0,1952.0,1.74,117065112.5,2.0,3.0,540.0,5.785,103.5,3.5,56745.0,3.5,1.0,2.0,3.5,5.0,,176.0,,,
56751,1,10561.0,150.0,18413649.0,24.0,4.65,820.0,1995.0,6.3,117234469.0,2.0,5.0,670.0,4.65,140.0,5.0,56751.0,8.0,2.0,2.0,5.0,6.0,2016.0,65.4,,,
56759,3,36200.0,110.0,4734572.0,10.0,2.48,,2019.0,5.45,116849262.0,1.0,9.0,700.0,2.48,80.94,5.0,56759.0,2.0,,,2.0,3.0,,24.2,150.0,,
56761,2,7566.0,70.0,14602724.5,8.0,2.14,540.0,1980.0,,88805421.5,1.0,3.0,520.0,2.14,63.5,3.5,56761.0,2.0,1.0,1.5,2.0,2.5,2015.5,170.0,,,
56766,1,3278.0,190.0,18629521.0,10.0,1.71,680.0,1967.0,0.87,117316115.0,1.0,2.0,490.0,1.71,85.0,3.0,56766.0,3.0,1.0,4.0,3.0,4.0,2019.0,,,,
56812,12,53752.5,132.5,11576075.0,10.0,1.99,670.0,1965.0,3.38,110578112.0,1.0,2.0,460.0,1.99,74.5,3.0,56812.0,3.0,1.0,2.0,3.0,3.0,2018.0,160.95,,123.0,
56814,3,8486.0,90.0,4734572.0,8.0,1.88,370.0,1964.0,3.31,117285214.0,,2.0,300.0,1.88,48.5,1.0,56814.0,2.0,,,2.0,2.0,,118.1,,5.0,
56818,1,36712.0,90.0,15765523.0,6.0,3.03,320.0,1964.0,,108156734.0,,2.0,230.0,3.03,40.0,1.0,56818.0,2.0,4.0,4.0,2.0,1.0,2010.0,,,,
56825,1,31494.0,150.0,17622802.0,12.0,2.91,650.0,1983.0,,116934228.0,2.0,4.0,500.0,2.91,89.0,3.0,56825.0,3.0,1.0,3.0,3.0,4.0,2013.0,,,,
56841,6,50058.5,147.5,14050438.0,6.0,3.33,895.0,1967.0,4.12,115749030.5,1.0,3.0,475.25,3.33,90.3,3.5,56841.0,3.0,2.0,3.5,3.0,4.0,2007.0,136.6,117.5,309.5,
56855,1,7796.0,100.0,16022560.0,10.0,2.69,440.0,,1.82,117293599.0,1.0,,340.0,2.69,50.0,2.0,56855.0,3.0,2.0,2.0,3.0,2.0,2020.0,,,,
56856,1,81080.0,221.85,18441348.0,17.0,2.69,884.85,2017.0,1.82,113375207.0,1.0,9.0,663.0,2.69,51.0,5.0,56856.0,2.0,2.0,2.0,2.0,2.0,,,,,
56858,2,54264.0,130.0,8247521.0,30.0,2.69,530.0,1940.5,1.82,115821219.5,1.0,1.5,655.0,2.69,97.0,4.0,56858.0,4.5,1.0,,3.5,4.5,2019.0,151.5,,,
56999,2,22683.5,98.5,16363575.0,0.0,2.99,345.0,1992.0,13.8,117031779.0,1.0,5.0,246.5,2.99,45.0,1.0,56999.0,1.5,1.0,1.0,1.5,1.5,2017.0,,,,
57072,33,26610.0,130.0,15329409.0,9.0,3.38,692.0,1959.5,9.08,116447849.0,1.0,2.0,450.0,3.38,60.5,3.0,57072.0,2.0,2.0,3.0,2.0,2.0,2015.0,122.5,60.0,1.0,
57074,22,43451.5,114.5,4846372.0,8.0,3.38,660.0,1976.0,9.08,116294218.5,1.0,3.0,476.25,3.38,58.545,3.0,57074.0,2.0,2.0,2.0,2.0,2.5,2018.0,122.0,69.0,1.0,
57076,17,51665.0,142.5,16130479.0,10.0,3.38,715.0,1983.0,9.08,114776415.0,1.0,4.0,590.0,3.38,67.39,4.0,57076.0,2.0,2.0,3.0,2.0,3.0,2019.0,108.1,65.0,2700.5,
57078,22,32142.0,114.5,17094509.0,8.0,3.38,625.0,1966.0,9.08,116849377.5,1.0,2.0,452.5,3.38,66.0,3.0,57078.0,3.0,2.0,4.0,3.0,3.0,2014.0,127.0,83.5,1.5,
57080,11,22856.0,180.0,16299205.0,11.0,3.38,770.0,1985.0,9.08,116998687.0,1.0,3.5,520.0,3.38,110.0,4.0,57080.0,3.0,1.0,1.5,3.0,5.0,2020.0,128.0,63.0,9460573.0,
57200,1,52323.0,50.0,17662661.0,10.0,1.15,500.0,,-0.15,116166235.0,1.0,,450.0,1.15,50.0,3.0,57200.0,2.0,,,2.0,2.0,,,,,
57223,11,32863.0,170.0,15812181.0,8.0,3.04,713.0,1967.0,8.23,116414207.0,1.0,2.0,458.58,3.04,87.31,3.0,57223.0,3.0,1.0,2.0,3.0,4.0,2016.5,132.95,70.0,1.0,
57234,6,36296.5,210.0,15280380.0,11.5,3.99,738.5450000000001,1986.0,8.83,116847698.0,1.0,4.0,635.5,3.99,97.255,4.0,57234.0,3.0,2.0,1.5,3.0,4.5,,63.44,120.0,,
57250,6,17326.5,140.0,16630288.5,9.0,2.9299999999999997,915.0,2015.0,9.95,115522184.0,1.0,8.0,620.0,2.98,76.75,4.5,57250.0,2.0,1.5,3.0,2.0,3.5,2019.0,61.95,95.0,,
57258,7,19853.0,180.0,15600167.0,15.0,3.18,950.0,2002.0,9.83,117065606.0,1.0,6.0,700.0,3.18,98.0,5.0,57258.0,4.0,2.0,3.0,4.0,4.0,2017.0,40.0,,6.0,
57271,8,24522.0,150.0,2991273.5,7.5,2.84,769.0,1972.0,7.05,116987724.5,1.0,3.0,560.0,2.84,92.0,4.0,57271.0,3.0,2.0,3.0,3.0,4.0,2013.0,125.0,70.0,,
57290,4,29367.0,137.5,8287956.0,7.5,2.47,618.745,1991.0,8.28,116344605.5,1.0,5.0,384.12,2.47,79.195,2.0,57290.0,3.0,2.5,3.0,3.0,3.5,,147.0,60.0,,
57299,3,49927.0,255.0,4299140.0,16.0,1.47,763.0,1981.5,8.09,105735330.0,1.0,3.5,480.0,2.94,73.48,3.0,57299.0,3.0,0.0,3.5,3.0,3.0,1990.0,150.65,0.0,13.0,
57319,5,51498.0,170.0,15929767.0,15.0,2.04,541.78,1972.0,6.71,116145665.0,2.0,3.0,400.0,2.04,63.43,2.0,57319.0,3.0,1.5,2.0,3.0,3.0,2015.0,137.0,100.0,1.0,
57334,3,75051.0,110.0,5398626.0,2.0,2.54,598.63,1998.0,11.26,114526285.0,1.0,5.0,378.63,2.54,82.31,2.0,57334.0,3.0,2.0,3.0,3.0,4.0,,98.92,100.0,,
57339,4,25151.0,165.0,16114993.5,11.0,3.19,610.0,1972.0,5.54,98051208.0,1.0,3.0,420.0,3.19,72.5,2.5,57339.0,3.0,1.5,1.5,3.0,3.0,2012.0,109.1,77.5,,
57350,3,8036.0,35.0,17662661.0,18.0,2.18,960.0,2014.0,5.58,117289439.0,1.5,8.0,950.0,2.18,160.0,6.0,57350.0,5.0,1.5,1.5,5.0,7.0,2010.0,130.0,,,
57368,1,52619.0,250.0,18593741.0,12.0,2.76,900.0,,4.72,116148513.0,2.0,,650.0,2.76,125.0,5.0,57368.0,2.0,,,2.0,6.0,2020.0,,,,
57392,6,25527.5,92.5,73267.0,10.5,2.94,442.5,1969.0,11.49,116598980.5,1.0,2.0,332.5,2.94,62.34,2.0,57392.0,3.0,1.0,3.5,3.0,2.5,2009.5,119.6,40.0,,
57413,8,28895.0,111.0,6905627.0,4.5,2.81,520.0,1966.0,3.74,116965651.5,1.0,2.0,440.0,2.81,68.85,3.0,57413.0,2.75,2.0,2.0,2.5,3.0,2014.5,192.89999999999998,50.0,5.0,
57439,15,27017.0,120.0,691849.0,6.0,3.53,755.0,2016.0,6.26,116333223.0,1.0,9.0,750.0,3.53,83.05,5.0,57439.0,3.0,1.0,2.5,3.0,4.0,2016.0,59.72,117.0,1.0,
57462,5,49156.0,165.0,691849.0,2.0,3.62,905.0,1976.0,6.3,116138316.0,1.0,3.0,690.0,3.62,99.0,5.0,57462.0,3.0,2.0,3.0,3.0,4.0,2015.0,138.0,60.0,1.0,
57463,1,27354.0,150.0,17432117.0,4.0,3.62,950.0,1995.0,6.3,116987620.0,1.0,5.0,800.0,3.62,85.0,5.0,57463.0,3.0,,,3.0,4.0,2014.0,125.0,,,
57482,2,33667.0,180.0,15267972.5,10.0,3.48,725.0,1952.0,7.33,116899370.0,1.0,2.0,545.0,3.48,85.0,3.5,57482.0,2.5,1.5,3.0,2.5,3.5,2017.0,,,,
57489,1,35898.0,85.0,18586079.0,3.0,2.98,441.0,1998.0,5.63,116852804.0,,5.0,356.0,2.98,54.0,2.0,57489.0,2.0,,,2.0,2.0,,,,,
57518,12,18608.5,150.0,16234918.0,8.0,4.19,567.5,1978.0,12.03,116977640.5,1.0,3.0,440.0,4.19,82.0,3.0,57518.0,3.0,1.0,2.0,3.0,3.5,2019.0,116.5,80.0,1.0,
57537,9,13311.0,150.0,785429.0,13.0,3.9,650.0,1988.5,13.22,117161479.0,1.0,4.0,420.0,3.9,83.0,3.0,57537.0,4.0,2.0,2.0,4.0,4.0,2019.5,67.0,105.0,,
57540,3,60686.0,50.0,17662661.0,5.0,2.18,659.5,2014.0,4.5,115666090.0,1.0,8.0,650.0,1.6600000000000001,63.0,5.0,57540.0,3.0,3.0,2.0,3.0,3.0,2014.0,,,,
57548,3,15520.0,165.0,15983100.0,9.0,3.76,500.0,1974.5,9.35,113225874.0,1.0,3.0,434.0,3.76,76.0,3.0,57548.0,3.0,2.0,1.0,3.0,3.0,2020.0,230.9,100.0,2.0,
57555,3,19651.0,120.0,5785294.0,8.0,4.1,550.0,1953.0,13.05,101280841.0,1.0,2.0,420.0,4.1,60.0,3.0,57555.0,2.0,2.0,2.0,2.0,2.0,2016.5,115.0,,,
57572,1,36338.0,160.0,14898503.0,17.0,3.65,625.0,1973.0,11.22,116170132.0,1.0,3.0,440.0,3.65,70.0,3.0,57572.0,3.0,,2.0,3.0,3.0,2017.0,,,,
57577,4,52560.0,150.0,16780067.0,16.5,1.98,700.0,,6.2,115379823.5,1.0,,475.0,1.98,84.5,3.0,57577.0,2.5,2.0,2.0,2.5,3.5,2017.0,,80.0,,
57589,3,69762.0,127.0,16844679.0,12.0,5.22,592.0,,,112598208.0,1.0,,380.0,5.22,60.0,2.0,57589.0,2.0,2.0,2.0,2.0,2.0,,,60.0,,
57600,2,33229.0,80.0,17662661.0,7.0,2.18,560.0,,5.58,116528455.5,,,625.0,2.18,80.0,4.5,57600.0,2.5,6.0,,2.5,3.0,,,,,
57610,3,33530.0,80.0,15286945.0,16.0,3.65,,1966.0,12.6,116901680.0,1.0,2.0,610.0,3.65,69.0,5.0,57610.0,3.0,1.0,1.0,3.0,3.0,2015.0,139.2,80.0,1000.0,
57614,1,51389.0,150.0,8360996.0,2.0,4.67,,1973.0,10.17,116205546.0,2.0,3.0,430.0,4.67,80.0,3.0,57614.0,3.0,1.0,,3.0,3.0,,,,,
57627,2,46197.5,135.0,18243122.0,10.0,4.645,760.0,1989.0,3.38,110069622.5,1.0,4.0,625.0,4.37,92.5,4.0,57627.0,3.25,2.0,2.0,3.0,4.0,2018.0,,,,
57629,1,19814.0,210.0,18623441.0,9.0,2.13,710.0,1985.0,,117066343.0,1.0,4.0,500.0,2.13,123.0,3.0,57629.0,4.0,1.0,2.0,4.0,6.0,,,,,
57632,2,29935.5,175.0,17691020.5,9.0,4.085,715.0,1950.5,10.47,116895101.0,2.0,2.0,540.0,4.085,95.5,4.0,57632.0,3.5,1.5,1.5,3.5,4.5,2007.5,248.0,,,
57635,1,20924.0,120.0,18595614.0,16.0,4.62,610.0,,,116234090.0,,,490.0,4.62,75.0,3.0,57635.0,3.0,,,3.0,3.0,,,,,
58076,1,3442.0,170.0,18629907.0,18.0,2.28,730.0,1995.0,6.46,117334216.0,1.0,5.0,560.0,2.28,78.0,4.0,58076.0,2.0,1.0,5.0,2.0,3.0,,,,,
58089,121,52452.0,125.0,13927677.0,8.0,2.37,544.125,1958.0,2.06,115190044.0,1.0,2.0,375.0,2.37,67.0,2.0,58089.0,2.5,2.0,3.0,2.0,3.0,2019.0,123.77,68.0,326.0,
58091,31,18304.0,97.5,16211519.0,8.0,2.18,495.5,1958.0,3.01,116975253.0,1.0,2.0,342.0,2.18,65.0,2.0,58091.0,3.0,2.0,3.0,3.0,3.0,2020.0,119.66999999999999,50.0,5.0,
58093,27,47030.0,129.0,9966374.0,9.0,1.97,495.0,1977.0,3.37,115231435.0,1.0,3.0,365.0,1.97,61.19,2.0,58093.0,2.0,2.0,4.0,2.0,3.0,2019.0,182.3,84.0,19.0,
58095,59,52882.0,134.0,15766880.0,8.0,2.0,500.0,1960.0,2.67,115477480.0,1.0,2.0,350.0,2.0,60.7,2.0,58095.0,2.0,2.5,4.0,2.0,2.0,2019.0,143.0,52.0,1.0,
58097,59,44517.0,120.0,15668106.0,9.0,2.09,490.0,1956.0,3.09,115942112.0,1.0,2.0,350.0,2.09,65.0,2.0,58097.0,2.5,2.0,3.5,2.0,3.0,2019.0,122.7,60.0,102.0,
58099,25,48227.0,140.0,15722929.0,7.0,1.84,505.0,1966.0,3.6,116389584.0,1.5,2.0,372.6,1.84,71.0,2.0,58099.0,3.0,2.0,3.0,3.0,3.0,2018.5,119.0,60.0,57.0,
58119,49,52139.0,130.0,3520254.0,8.0,2.42,524.0,1967.0,2.37,116022108.0,1.0,2.0,369.0,2.42,65.48,2.0,58119.0,2.0,2.0,3.0,2.0,3.0,2019.0,139.4,69.0,2.0,
58135,91,53241.0,137.0,14421688.0,5.0,2.24,522.27,1965.0,2.2,115162786.0,1.0,2.0,350.0,2.24,66.0,2.0,58135.0,2.5,2.0,3.0,2.0,3.0,2019.0,108.0,55.0,107.0,
58239,32,35450.0,170.0,12008003.0,10.5,3.19,800.0,1978.5,5.81,115498020.5,1.0,3.0,610.0,3.19,82.5,4.5,58239.0,3.0,2.0,2.0,3.0,3.5,2018.0,97.5,85.0,1.0,
58256,23,45076.0,140.0,16438049.0,8.0,2.14,590.0,1969.5,8.25,115833963.0,1.0,2.0,450.0,2.14,73.0,3.0,58256.0,3.0,2.0,3.0,3.0,3.0,2017.0,136.0,80.0,2.5,
58265,1,44302.0,120.0,611694.0,7.0,2.14,540.0,1989.0,8.25,116569085.0,,4.0,420.0,2.14,68.0,3.0,58265.0,2.0,,,2.0,3.0,2020.0,,,,
58285,44,34603.0,150.0,15700426.5,7.5,2.36,579.9,1966.5,9.26,116776105.5,1.0,2.0,384.95,2.36,70.0,2.0,58285.0,2.5,2.0,3.0,2.0,3.0,2018.0,126.0,67.5,1.0,
58300,30,31046.0,160.0,15637354.0,8.5,2.71,600.0,1965.0,9.34,116576967.0,1.0,2.0,432.25,2.71,67.205,3.0,58300.0,2.75,1.0,3.0,2.5,3.0,2018.0,101.0,82.5,1.0,
58313,13,33745.0,170.0,16704339.0,10.0,3.01,880.0,1991.5,9.83,116126943.0,1.0,4.5,660.0,3.01,88.0,5.0,58313.0,3.5,2.0,2.0,3.0,4.0,2019.0,120.4,116.0,,
58332,34,46911.5,120.0,15935877.0,6.5,2.48,650.0,1965.5,9.28,116100694.5,1.0,2.0,474.565,2.48,71.22999999999999,3.0,58332.0,3.0,1.0,3.0,3.0,3.0,2019.0,109.35,99.0,3.0,
58339,5,57951.0,180.0,18260147.0,9.0,2.15,675.0,1968.0,9.22,115803716.0,1.0,2.5,495.0,2.15,73.0,3.0,58339.0,2.5,2.0,2.0,2.0,3.0,2020.0,114.9,77.5,,
58452,44,28737.0,118.0,14021816.0,8.0,2.91,518.475,1954.5,9.87,116830622.0,1.0,2.0,385.0,2.91,60.79,2.0,58452.0,2.5,2.0,3.0,2.0,2.5,2019.0,127.0,67.5,2.0,
58453,30,50078.0,110.92,12647775.0,7.0,2.91,494.0,1959.0,9.87,116031798.5,1.0,2.0,381.81,2.91,59.614999999999995,2.0,58453.0,2.5,2.0,3.0,2.0,2.0,2019.0,158.6,70.0,1507.5,
58454,4,35764.5,122.5,891809.5,5.5,2.91,490.0,1970.0,9.87,116185319.5,1.0,2.5,326.605,2.91,64.0,2.0,58454.0,2.25,3.0,5.5,2.0,2.5,,161.0,75.0,509.5,
58455,39,37340.0,120.0,949305.0,9.0,2.91,607.5,1968.0,9.87,116078741.0,1.0,2.0,377.62,2.91,61.95,2.0,58455.0,2.0,2.0,3.0,2.0,3.0,2018.0,117.4,71.5,168.0,
58456,10,11719.0,165.0,10504876.5,9.0,2.91,690.0,1967.0,9.87,116041410.5,1.0,2.0,454.5,2.91,68.49000000000001,3.0,58456.0,3.0,1.0,3.0,3.0,3.0,2017.0,162.0,50.0,,
58507,30,24786.0,157.5,1033252.0,9.0,2.64,592.0,1968.0,6.58,116966676.5,1.0,2.0,419.5,2.64,64.0,3.0,58507.0,2.0,2.0,3.0,2.0,3.0,2018.0,154.0,67.0,0.5,
58509,19,49727.0,150.0,15590202.0,8.0,2.64,620.0,1978.0,6.58,116018756.0,1.0,3.0,450.0,2.64,65.34,3.0,58509.0,3.0,1.0,3.0,3.0,3.0,2018.0,102.7,115.0,,
58511,42,53017.5,125.0,10027174.0,8.0,2.64,500.0,1955.0,6.58,116133430.0,1.0,2.0,400.0,2.64,66.13499999999999,2.0,58511.0,2.0,1.5,3.0,2.0,3.0,2018.0,135.0,80.0,24000.0,
58513,13,63629.0,135.0,6415070.0,11.0,2.64,620.0,1960.0,6.58,115540506.0,1.0,2.0,435.0,2.64,65.0,3.0,58513.0,2.5,2.0,3.0,2.0,3.0,2019.5,156.0,73.15,1.0,
58515,11,40509.0,120.0,16486586.0,8.0,2.64,560.0,1946.0,6.58,116731781.0,1.0,2.0,400.0,2.64,64.0,2.0,58515.0,3.0,1.5,3.0,3.0,3.0,2016.0,117.0,89.0,1.0,
58540,11,36068.0,150.0,3689440.0,2.0,2.78,765.0,2009.0,7.35,116636007.0,1.0,7.0,550.0,2.78,77.0,4.0,58540.0,3.0,0.5,2.0,3.0,3.0,2021.0,175.0,55.0,13.0,
58553,9,39930.0,190.0,6415070.0,9.0,2.26,694.0,1960.0,6.07,115234921.0,1.0,2.0,375.0,2.26,70.13,2.0,58553.0,3.0,1.0,2.5,3.0,3.0,2014.5,158.4,45.0,,
58566,25,55509.0,170.0,6415070.0,2.0,2.39,486.5,1964.0,7.89,115610351.0,1.0,2.0,400.0,2.39,73.77,2.0,58566.0,3.0,2.0,2.5,3.0,3.0,2016.5,124.5,40.0,1.0,
58579,3,76843.0,133.0,1238859.0,6.0,2.44,480.0,1974.0,5.65,112051191.0,1.0,3.0,320.0,2.44,54.0,2.0,58579.0,2.0,2.0,3.0,2.0,2.0,,165.0,60.0,1.0,
58636,67,55130.0,142.0,353928.0,8.0,3.09,636.0,1968.0,6.29,115801918.0,1.0,2.0,410.0,3.09,74.0,3.0,58636.0,3.0,3.0,3.0,3.0,3.0,2018.0,137.0,88.0,2.0,
58638,59,36512.0,118.5,5441111.0,7.0,3.09,510.0,1967.0,6.29,116564192.0,1.0,2.0,374.8,3.09,65.69,2.0,58638.0,3.0,2.0,4.0,3.0,3.0,2015.0,108.95,69.0,46000.0,
58640,8,18077.0,155.0,17422294.0,14.5,3.09,762.0,1994.0,6.29,117068023.0,1.0,5.0,577.5,3.09,86.5,4.0,58640.0,2.75,1.0,2.0,2.5,4.0,2012.0,92.0,170.0,9.0,
58642,13,37757.0,150.0,16640680.0,8.0,3.09,623.5,1970.0,6.29,116798091.0,1.5,2.0,430.0,3.09,76.7,3.0,58642.0,3.0,2.5,3.5,3.0,3.0,2019.0,120.0,80.0,2.0,
58644,15,41277.0,106.0,16003139.0,11.0,3.09,560.0,1965.0,6.29,115784158.0,1.0,2.0,359.0,3.09,63.7,2.0,58644.0,3.0,2.0,3.0,3.0,3.0,2013.0,150.0,77.5,9.0,
58672,1,45828.0,240.0,18602399.0,6.0,2.27,740.0,,5.1,116487995.0,1.0,,500.0,2.27,100.0,3.0,58672.0,4.0,2.0,3.0,4.0,4.0,,,,,
58675,12,35649.5,106.0,17545327.0,7.0,2.54,599.0,1964.0,6.1,114873705.0,1.0,2.0,399.0,2.54,95.0,2.0,58675.0,3.0,1.0,3.0,3.0,4.0,2018.0,138.0,100.0,2.0,
58706,7,26735.0,120.0,15386384.0,8.0,2.28,800.0,1963.0,6.46,116992816.0,1.0,2.0,555.0,2.28,84.0,4.0,58706.0,3.0,2.0,3.0,3.0,4.0,2020.0,202.2,100.0,1.5,
58708,8,19329.0,139.0,17094509.0,5.5,2.28,598.0,1964.0,6.46,117073938.0,1.5,2.0,403.5,2.28,71.0,2.5,58708.0,3.0,1.5,3.0,3.0,3.0,2020.0,127.5,90.0,9.0,
58730,4,7164.5,157.5,7987430.0,13.0,2.54,584.5,1975.5,4.66,117224382.5,1.0,3.0,495.0,2.54,74.5,3.5,58730.0,2.5,3.5,3.0,2.5,3.0,2020.0,114.65,82.5,1.0,
58739,6,8394.5,195.0,841725.5,8.5,2.25,735.0,1964.0,3.53,117281486.5,1.0,2.0,495.0,2.25,80.0,3.0,58739.0,3.0,1.5,2.0,3.0,3.5,2020.0,131.3,80.0,1.0,
58762,41,49221.0,120.0,508095.0,7.0,2.27,473.0,1960.5,5.1,116360705.0,1.0,2.0,333.0,2.27,64.58,2.0,58762.0,3.0,1.5,3.0,3.0,3.0,2019.0,134.7,75.0,2357.0,
58769,4,58055.0,137.5,9041918.0,6.0,3.54,402.5,1955.0,5.44,115607073.0,,2.0,265.0,3.54,47.245000000000005,1.0,58769.0,2.0,1.0,2.5,2.0,2.0,2018.0,221.7,62.0,5.0,
58791,46,63268.5,123.0,2272599.5,7.5,2.44,489.0,1963.0,4.99,115542519.5,1.0,2.0,317.5,2.44,63.31,2.0,58791.0,3.0,2.0,3.0,3.0,3.0,2018.5,147.5,72.5,3.0,
58802,3,46520.0,200.0,541591.0,7.0,2.28,700.0,1969.0,6.09,116453730.0,1.0,2.5,280.0,2.28,60.0,1.0,58802.0,2.0,1.5,3.0,2.0,2.0,,118.55,,2.0,
58809,6,50606.5,150.0,1924949.0,11.0,2.4,,1973.0,5.97,116254989.5,1.0,3.0,422.5,2.4,78.0,3.0,58809.0,3.0,1.5,2.0,3.0,3.0,,168.2,85.0,24000.0,
58840,10,21390.0,128.5,16256219.0,6.0,3.55,557.0,1957.5,4.51,116922586.5,1.0,2.0,393.5,3.55,71.0,2.0,58840.0,3.0,2.0,3.0,3.0,3.0,2017.0,165.5,95.0,9999.0,
58849,1,29282.0,150.0,16422453.0,15.0,1.72,570.0,1982.0,,73103005.0,1.0,4.0,420.0,,65.0,3.0,58849.0,3.0,1.0,1.0,3.0,3.0,2015.0,,,,
59063,5,53430.0,150.0,16376744.0,9.0,3.28,665.0,1980.0,5.07,113877477.0,1.0,3.0,475.0,3.205,66.0,3.0,59063.0,2.0,1.5,3.0,2.0,3.0,2017.0,106.0,,9999.0,
59065,8,16100.5,85.0,17903022.0,7.5,3.13,640.0,1983.5,4.95,116952146.5,1.0,3.5,510.0,3.13,67.5,3.5,59065.0,2.0,3.0,3.0,2.0,3.0,2019.0,84.0,70.0,,
59067,8,22739.5,121.0,16628131.5,9.0,3.13,499.0,1959.0,4.95,116576553.0,1.0,2.0,379.0,3.13,61.535,2.0,59067.0,3.0,2.0,3.0,3.0,2.5,2017.0,130.0,36.5,,
59069,4,21088.0,139.0,18618970.5,7.0,2.65,893.5,2020.0,5.7,117070720.5,1.0,9.0,699.5,2.65,83.5,4.5,59069.0,2.75,1.0,2.0,2.5,3.5,2019.0,162.9,140.0,,
59071,5,15082.0,130.0,15733011.0,15.0,2.95,637.5,1986.0,5.1,116870935.0,1.0,4.0,625.0,2.95,85.0,5.0,59071.0,3.0,2.0,2.0,3.0,4.0,2019.0,118.0,,,
59073,7,12445.0,145.0,15614186.0,9.0,2.95,825.0,2019.0,5.1,117174789.0,1.0,9.0,618.0,2.95,64.43,5.0,59073.0,2.5,1.0,3.0,2.0,3.0,,56.0,64.5,,
59075,4,46261.0,127.5,16311978.0,5.5,2.18,697.5,1996.0,5.01,116433801.0,1.5,5.0,550.0,2.18,75.85,4.0,59075.0,3.0,1.5,3.0,2.5,3.0,,97.25,,2.0,
59077,17,35591.0,130.0,780996.0,7.0,3.28,580.0,1972.0,3.51,115288066.0,1.0,2.5,400.0,3.28,64.0,2.0,59077.0,2.0,2.0,3.0,2.0,3.0,2019.0,124.7,70.0,1000.0,
59087,1,74822.0,50.0,5364601.0,3.0,3.13,270.0,1961.0,4.95,114564263.0,,2.0,185.0,3.13,32.0,1.0,59087.0,1.0,4.0,4.0,1.0,1.0,2002.0,,35.0,,
59098,1,28588.0,65.0,18437760.0,26.0,2.37,360.0,1967.0,2.06,116973781.0,,2.0,295.0,2.37,50.0,1.0,59098.0,2.0,1.0,2.0,2.0,2.0,,146.0,,,
59174,36,31992.5,143.0,12518184.0,8.0,3.3,609.0,1970.0,5.99,116224773.0,1.0,2.0,435.01,3.3,66.88,3.0,59174.0,3.0,2.0,3.0,3.0,3.0,2019.0,116.0,63.66,20.0,
59192,70,28946.0,140.0,17094509.0,12.0,3.16,612.5,1965.5,5.23,116967948.5,1.0,2.0,387.0,3.16,65.21000000000001,2.0,59192.0,3.0,2.0,3.0,3.0,3.0,2016.0,135.0,80.0,2.0,
59199,3,24356.0,210.0,578793.0,8.0,3.39,710.0,1972.0,5.69,117014564.0,1.0,3.0,480.0,3.39,80.0,3.0,59199.0,3.0,1.0,3.5,3.0,3.0,,155.9,66.0,,
59227,6,27890.5,141.0,12957160.0,7.5,3.02,808.5,1976.0,7.38,109513152.0,1.0,3.0,740.25,3.02,110.5,5.0,59227.0,4.0,2.0,2.5,4.0,5.0,2016.5,147.0,,,
59229,21,47486.0,150.0,15520580.0,9.0,3.02,639.245,1962.0,7.38,115576181.0,1.0,2.0,408.0,3.02,74.0,3.0,59229.0,3.0,1.0,2.0,3.0,3.0,2019.0,150.695,85.0,301.0,
59269,13,23877.0,170.0,1908238.0,7.0,3.28,780.0,2018.0,7.9,115984216.0,1.0,9.0,488.87,3.28,79.0,3.0,59269.0,3.0,1.0,3.0,3.0,3.0,2018.0,103.1,64.0,,
59302,15,17703.0,180.0,16140012.0,9.0,3.89,897.5,2019.0,8.3,117022096.0,1.0,9.0,756.01,3.89,94.0,5.0,59302.0,3.0,1.0,2.0,3.0,4.0,2015.0,105.5,80.0,13.0,
59320,2,12428.5,270.0,16222813.0,11.5,3.0949999999999998,1028.0,1956.0,8.75,117198908.5,1.0,2.0,758.0,3.0949999999999998,107.5,5.5,59320.0,3.5,1.0,2.0,3.5,4.5,2001.5,,,,
59329,2,30299.0,135.0,9477530.0,12.5,3.06,675.0,1987.0,7.35,100224525.0,1.0,5.0,540.0,3.06,82.0,4.0,59329.0,2.25,1.0,2.0,2.0,3.5,2016.0,93.9,,,
59348,3,16816.0,120.0,15429877.0,7.0,2.89,720.0,2009.0,6.68,116795968.0,1.0,7.0,530.0,2.89,67.44,4.0,59348.0,3.0,2.0,2.0,3.0,3.0,2015.0,75.2,,486.0,
59368,11,30829.0,113.0,15780327.0,9.0,3.55,520.5,1978.0,6.41,114976684.0,1.0,3.0,405.0,3.55,64.74,3.0,59368.0,2.0,2.0,3.5,2.0,3.0,2017.0,114.725,47.025,33.0,
59379,40,32451.0,150.0,751845.0,6.0,2.97,680.0,2000.0,6.73,116714041.0,1.0,5.0,490.385,2.97,75.125,3.0,59379.0,2.5,1.5,3.0,2.0,3.0,2019.0,28.56,49.155,3.0,
59387,4,35171.0,187.5,18295566.5,14.5,3.12,916.5,2015.0,7.22,116411553.5,1.0,8.0,729.0,3.12,94.0,5.5,59387.0,2.5,1.0,2.0,2.5,4.0,,85.6,,4.0,
59399,5,30209.0,150.0,16546200.0,7.0,2.89,890.0,2010.5,7.01,116956500.0,1.0,7.5,650.0,2.89,104.76,5.0,59399.0,3.0,2.0,3.0,3.0,5.0,,80.0,,2.0,
59423,11,24115.0,135.0,17094509.0,9.0,3.03,612.5,1967.5,6.28,117001000.0,1.0,2.0,449.0,3.03,78.21,3.0,59423.0,3.0,2.0,2.0,3.0,3.0,2015.0,112.10000000000001,120.0,,
59425,3,31663.0,132.0,17094509.0,10.0,3.03,1800.0,1972.0,6.28,116763544.0,2.0,3.0,449.0,3.0,76.87,3.0,59425.0,3.0,2.0,3.0,3.0,3.0,,192.59,60.0,200.0,
59427,7,24554.0,125.0,15937642.0,10.0,3.03,492.0,1969.0,6.28,84508935.0,1.0,2.0,390.0,3.03,70.0,2.0,59427.0,3.0,1.0,3.0,3.0,3.0,2015.0,103.94999999999999,,,
59439,4,28644.5,185.0,10861976.5,12.5,2.91,930.0,1998.5,7.13,116538730.5,1.0,5.5,725.0,2.91,99.0,5.0,59439.0,3.75,1.0,1.5,3.5,4.5,2009.0,,110.0,,
59457,17,46869.0,130.0,3912432.0,7.0,2.6,630.725,1970.5,4.04,116163802.0,1.0,2.5,470.45,2.6,65.0,3.0,59457.0,3.0,2.0,2.0,3.0,3.0,2019.5,134.0,48.5,,
59494,35,45659.0,150.0,2972964.0,7.0,3.31,710.0,1973.5,6.08,115181857.0,1.0,3.0,560.0,3.31,76.26,4.0,59494.0,2.0,1.0,3.0,2.0,3.0,2015.0,103.0,130.0,3.5,
59505,5,36227.0,181.9,15746896.0,11.0,2.64,810.61,2010.0,5.88,116848850.0,1.0,7.0,661.44,2.64,87.0,5.0,59505.0,3.0,1.5,3.0,3.0,4.0,2014.5,100.7,57.88,3.0,
59510,1,26329.0,150.0,17536094.0,3.0,3.11,800.0,,5.05,116995617.0,1.0,,650.0,3.11,94.0,5.0,59510.0,3.0,,,3.0,4.0,2018.0,271.4,,,
59514,1,11273.0,100.0,17612067.0,4.0,2.68,370.0,1993.0,-0.29,117209590.0,,5.0,270.0,2.68,53.5,1.0,59514.0,2.0,2.0,2.0,2.0,2.0,1993.0,,,,
59519,5,39491.0,0.0,5500372.0,10.0,3.21,1157.5,1968.0,5.46,116757473.0,1.0,2.0,980.0,3.21,87.0,6.0,59519.0,3.0,1.0,3.0,3.0,4.0,2020.0,102.31,80.0,,
59523,1,9487.0,150.0,9493174.0,6.0,3.03,600.0,1923.0,6.28,117263330.0,1.0,1.0,450.0,3.03,78.0,3.0,59523.0,4.0,2.0,2.0,4.0,3.0,,,,,
59555,19,45442.0,140.0,17617537.0,8.0,3.46,659.0,1985.0,6.38,116415026.0,1.0,4.0,520.0,3.46,76.0,4.0,59555.0,2.0,1.0,3.0,2.0,3.0,2019.0,122.0,63.0,1.0,
59556,15,38618.0,175.0,16834111.0,9.0,3.55,611.5,2019.0,6.38,116233881.0,1.0,9.0,725.0,3.55,85.0,5.0,59556.0,3.0,1.0,2.0,3.0,4.0,2019.0,21.0,,,
59557,18,31218.5,160.0,17094509.0,7.5,3.46,543.185,1965.0,6.38,116930123.0,1.0,2.0,427.685,3.46,60.0,3.0,59557.0,2.0,2.0,4.0,2.0,2.0,2020.0,108.1,70.5,,
59558,9,36641.0,180.0,5442012.0,11.0,3.46,680.0,1997.0,6.38,116811585.0,1.0,5.0,580.0,3.46,95.0,4.0,59558.0,2.0,1.0,3.0,2.0,4.0,2017.0,170.1,,0.0,
59566,1,24149.0,180.0,18077106.0,4.0,2.39,610.0,1968.0,7.89,117018175.0,,2.0,430.0,2.39,69.0,3.0,59566.0,3.0,1.0,2.0,3.0,3.0,,,,,
59581,15,44948.0,110.0,497657.0,8.0,2.71,676.0,1969.0,4.83,116551951.0,1.0,2.0,481.0,2.71,79.23,3.0,59581.0,3.0,2.0,3.0,3.0,3.0,2019.0,126.85,100.0,3.0,
59590,7,32153.0,121.0,17094509.0,6.0,3.3,537.5,1967.0,5.45,116025463.0,1.0,2.0,422.94,3.3,71.03,3.0,59590.0,3.0,1.5,3.0,3.0,3.0,1991.0,140.2,95.5,301.0,
59597,12,49364.0,177.5,15827379.0,10.5,3.78,732.5,2003.5,8.88,115606278.0,1.0,7.0,556.46,3.78,74.87,4.0,59597.0,3.0,1.5,2.0,3.0,3.0,2020.0,86.8,40.0,,
59602,3,45300.0,230.0,16975196.0,18.0,2.34,733.0,1995.0,4.44,116546707.0,,5.0,362.8,2.34,84.0,2.0,59602.0,3.0,1.0,2.0,3.0,4.0,,109.0,104.0,,
59609,2,65461.5,193.5,9903537.5,13.5,2.24,768.5,1995.5,5.8,115440135.5,1.0,6.0,575.0,2.24,89.75,4.0,59609.0,3.0,1.5,2.0,3.0,4.0,2018.0,93.35,,1.0,
59676,1,28677.0,0.0,16431318.0,10.0,5.07,,,10.75,116973413.0,,,1190.0,5.07,45.0,7.0,59676.0,1.0,0.0,,1.0,2.0,,,,2.0,
59755,29,30596.0,130.0,15376235.0,8.0,3.45,670.0,1975.0,12.35,116675138.0,1.0,3.0,495.0,3.45,76.0,3.0,59755.0,3.0,1.0,3.0,3.0,3.0,2016.5,110.6,80.0,2.0,
59757,4,26129.5,110.0,15603958.5,7.5,3.45,437.5,1991.0,12.35,116226310.0,1.0,5.0,460.0,3.45,72.0,3.0,59757.0,3.25,0.0,2.0,3.0,3.0,2017.0,81.4,75.0,1.0,
59759,4,33969.0,112.5,15718073.5,7.0,3.45,627.5,1957.0,12.35,116833744.5,1.5,2.0,627.5,3.45,80.5,4.5,59759.0,3.0,1.0,2.0,3.0,3.5,,143.1,85.0,1.0,
59821,15,44817.0,150.0,821915.0,8.0,3.45,770.0,1952.0,12.35,116548434.0,1.0,2.0,480.0,3.45,80.0,3.0,59821.0,2.0,1.0,3.0,2.0,3.0,2017.0,108.9,105.0,2.5,
59823,1,77369.0,150.0,1185282.0,2.0,3.45,580.0,2003.0,12.35,114178111.0,1.0,6.0,430.0,3.45,69.13,3.0,59823.0,2.0,0.0,2.0,2.0,3.0,,111.0,,100.0,
59846,7,51125.0,175.0,17358183.0,5.0,3.15,767.22,1998.0,8.99,115810671.0,1.0,5.0,639.55,3.15,92.0,5.0,59846.0,3.0,2.0,3.0,3.0,4.0,2018.0,108.55,90.0,1.0,
59872,19,38805.0,100.0,497657.0,5.0,3.11,564.5,1972.0,9.72,116775008.0,1.0,3.0,380.0,3.11,75.5,2.0,59872.0,3.0,3.0,2.5,3.0,3.0,2015.0,126.2,82.5,2.0,
59889,1,67893.0,70.0,73267.0,2.0,2.87,320.0,1956.0,12.02,112516870.0,,2.0,250.0,2.87,48.47,1.0,59889.0,3.0,2.0,3.0,3.0,2.0,2001.0,231.1,,,
59909,7,34899.0,74.0,497657.0,6.0,2.99,388.0,1959.0,13.8,116880274.0,,2.0,295.0,2.99,47.0,1.0,59909.0,2.0,1.0,2.0,2.0,2.0,,215.25,57.5,3.0,
59929,15,22503.0,112.5,15718203.0,6.0,3.09,667.5,2018.5,11.18,116165362.0,1.0,9.0,529.48,3.09,80.0,4.0,59929.0,3.0,2.0,2.0,3.0,3.0,2016.5,37.81,90.0,1.5,
59939,5,11310.0,100.0,15652898.0,11.0,2.52,595.0,1948.0,10.26,117208062.0,1.0,2.5,495.0,2.52,97.0,3.0,59939.0,3.0,1.0,2.0,3.0,4.0,2019.0,,47.5,21.0,
59955,2,16725.0,165.0,18189230.0,10.5,3.57,580.0,1978.0,10.33,117122330.5,1.0,3.0,450.0,3.57,65.5,2.5,59955.0,2.5,1.5,7.0,2.5,3.0,2017.0,120.0,,,
59972,1,33635.0,120.0,73267.0,13.0,3.11,642.0,1973.0,9.72,116899695.0,,3.0,422.0,3.11,85.65,3.0,59972.0,4.0,2.0,4.0,4.0,4.0,2014.0,125.5,100.0,,
60237,2,2627.5,345.0,380413.0,11.5,5.73,,1956.0,13.01,117357318.5,,2.0,975.0,5.73,53.0,6.5,60237.0,1.5,3.5,5.0,1.5,2.0,,160.35,,,
60311,29,44043.0,290.0,5375557.0,11.0,6.32,2231.125,2015.0,11.86,116416790.0,1.0,8.0,1950.0,6.32,90.5,8.0,60311.0,3.0,2.0,5.0,3.0,4.0,2019.0,59.1,57.5,2.0,
60312,2,34551.0,275.5,18336657.0,10.5,5.43,2315.4700000000003,2017.0,10.38,116884600.0,1.0,9.0,2039.97,5.43,68.88,8.0,60312.0,1.5,18.5,45.0,1.5,3.0,,51.1,,,80740.0
60313,30,50743.5,200.0,15946007.0,10.0,5.42,1590.0,1980.0,10.38,116085308.0,1.0,3.5,1390.0,5.42,59.0,7.0,60313.0,2.0,3.0,5.0,2.0,2.0,2019.5,147.3,84.5,5.0,
60314,38,28679.5,160.0,13692186.0,13.0,5.4,1250.0,2002.5,11.25,116341927.5,1.0,5.5,1095.0,5.4,58.5,7.0,60314.0,2.0,3.0,5.0,2.0,2.0,2019.0,88.0,48.0,10.0,
60316,60,32775.5,140.0,10288440.0,10.0,5.39,1282.0,1968.0,10.91,116268076.5,1.0,2.0,1129.5,5.39,54.9,7.0,60316.0,2.0,2.0,4.0,2.0,2.0,2019.0,120.0,73.0,10.0,
60318,59,42435.0,157.5,16939212.0,15.0,5.29,1340.0,1956.5,10.09,116408056.0,1.0,2.0,1200.0,5.29,65.0,7.0,60318.0,2.0,3.0,4.0,2.0,3.0,2019.0,158.0,85.0,20.0,
60320,30,38973.0,295.0,3410725.5,15.0,4.9,1970.0,1993.0,10.74,116616645.5,1.0,5.0,1735.0,4.9,121.5,8.0,60320.0,3.0,2.0,3.0,3.0,5.5,2019.0,104.6,123.0,44.0,
60322,64,34832.5,165.0,8841017.0,13.5,5.26,1390.0,1968.0,10.09,115731741.0,1.0,2.0,1300.0,5.26,63.5,7.0,60322.0,2.0,2.0,5.0,2.0,3.0,2019.0,121.0,0.0,10.0,
60323,61,30723.0,250.0,963850.0,15.0,4.58,1910.0,1968.0,9.97,115995941.0,1.0,2.0,1690.0,4.58,82.0,8.0,60323.0,3.0,2.0,4.5,3.0,4.0,2017.0,86.6,135.0,40.0,
60325,78,38535.5,190.0,5400391.0,12.5,4.58,1500.0,1961.0,9.97,115695031.5,1.0,2.0,1500.0,4.58,72.0,7.0,60325.0,2.0,3.0,5.0,2.0,3.0,2016.0,163.0,50.0,10.0,
60326,59,20825.0,197.5,15901393.0,10.0,5.73,1275.0,2016.5,13.01,116948047.0,1.0,9.0,1100.0,5.73,72.0,7.0,60326.0,2.0,3.0,5.5,2.0,3.0,2019.5,50.6,89.26,422.0,88802.0
60327,38,35082.0,200.0,6027170.0,10.0,5.73,1550.0,2007.0,13.01,116763958.0,1.0,7.0,1350.0,5.73,63.864999999999995,7.0,60327.0,2.0,2.0,6.0,2.0,3.0,2017.0,82.0,0.0,4.0,
60328,1,19914.0,210.0,955789.0,9.0,5.73,1400.0,2017.0,13.01,89521621.0,1.0,9.0,1190.0,5.73,84.83,7.0,60328.0,3.0,1.0,5.0,3.0,4.0,,,,,
60329,50,41843.5,250.0,16779286.0,12.0,4.93,1823.5,2019.0,11.55,115316498.0,1.0,9.0,1606.0,4.9350000000000005,87.65,8.0,60329.0,2.75,2.0,6.0,2.5,4.0,2018.0,93.5,0.0,20.0,
60348,1,7078.0,350.0,17058181.0,9.0,,2020.0,2015.0,,108918299.0,1.0,8.0,1670.0,,105.0,8.0,60348.0,4.0,1.0,4.0,4.0,5.0,,66.9,,,
60363,1,6348.0,240.0,17246792.0,17.0,3.82,890.0,,12.43,117311781.0,,,650.0,3.82,46.0,5.0,60363.0,2.0,0.0,5.0,2.0,2.0,2020.0,,,,
60384,1,33065.0,300.0,16920358.0,6.0,5.4,2300.0,1914.0,11.25,82501633.0,,1.0,2000.0,5.4,150.0,8.0,60384.0,5.0,5.0,5.0,5.0,6.0,,,,,
60385,58,29565.0,100.0,17305013.5,11.0,5.56,950.0,1968.0,10.77,116697925.5,1.0,2.0,890.0,5.56,48.5,6.0,60385.0,1.75,3.0,4.0,1.5,2.0,2019.0,121.4,110.0,20.0,
60386,15,20543.0,180.0,15639682.0,6.0,4.92,1250.0,1960.0,9.76,116870575.0,1.0,2.0,1070.0,4.92,70.0,7.0,60386.0,3.0,1.0,4.0,3.0,3.0,2019.0,167.1,50.0,22.0,
60388,27,24311.0,200.0,16714372.0,10.0,4.75,1400.0,2002.5,9.05,116957275.0,1.0,6.0,1200.0,4.75,89.0,7.0,60388.0,3.0,1.0,3.0,3.0,4.0,2019.0,86.3,90.0,2.0,
60389,26,30160.0,150.0,16547655.5,10.0,5.39,1000.0,1968.0,10.91,116499350.5,1.0,2.0,820.0,5.39,39.5,5.5,60389.0,1.75,1.5,2.0,1.5,1.0,2018.0,140.0,45.0,1.0,
60431,26,31188.5,222.5,16322075.0,14.0,4.97,1505.0,1995.0,10.71,116199253.5,1.0,5.0,1312.5,4.97,92.675,7.0,60431.0,3.0,2.0,3.0,3.0,4.0,2018.0,116.16,,25.0,
60433,18,48589.5,200.0,8276022.5,10.0,5.08,1080.0,1976.0,10.13,116004175.5,1.0,3.0,1005.0,5.08,76.55,6.5,60433.0,3.0,2.0,2.0,3.0,3.0,2013.5,120.9,39.0,2857.0,
60435,22,37449.5,199.53,699340.0,8.5,5.44,1284.975,1990.5,11.08,116530140.5,1.0,4.5,992.55,5.44,75.5,6.5,60435.0,2.75,2.0,3.5,2.5,3.0,2019.5,80.6,98.16,10.0,
60436,1,30753.0,320.0,17270687.0,18.0,,1736.0,2010.0,,116949248.0,,7.0,1416.0,,117.97,7.0,60436.0,4.0,3.0,,4.0,5.0,,70.0,160.0,4711.0,
60437,20,27163.0,163.0,5246460.0,7.0,4.96,1058.0,2003.0,9.620000000000001,116809127.5,1.0,6.0,840.0,4.96,69.03999999999999,6.0,60437.0,2.25,1.0,2.0,2.0,3.0,2016.0,77.2,87.0,400.0,
60438,34,45732.5,214.62,5619746.0,10.0,,1050.0,2014.0,,116458139.5,1.0,8.0,1030.0,,57.05,6.5,60438.0,2.0,2.0,4.0,2.0,2.0,2017.0,55.0,111.0,4711.0,
60439,27,50474.0,180.0,5969570.0,12.0,5.48,1015.0,1992.0,10.14,116240175.0,1.0,5.0,910.0,5.48,60.0,6.0,60439.0,2.0,2.0,5.0,2.0,2.0,2016.0,66.0,,8073.0,
60483,2,32038.5,230.0,9293731.0,12.5,,1540.0,2013.0,,116516631.5,1.0,8.0,1300.0,,70.0,7.0,60483.0,3.0,4.0,4.0,3.0,3.0,2015.0,58.4,,,
60486,97,32040.0,217.5,16150157.0,12.0,5.17,1475.0,2013.0,10.37,116651046.0,1.0,8.0,1290.0,5.17,80.0,7.0,60486.0,2.0,3.0,6.0,2.0,3.0,2017.5,58.7,69.0,10.0,
60487,46,31706.5,125.0,16792440.5,15.0,5.17,1090.0,2010.0,10.37,116616875.5,1.0,7.0,1075.0,5.17,53.0,7.0,60487.0,2.0,3.0,4.0,2.0,2.0,2019.0,116.0,,20.0,
60488,21,54002.0,135.96,17328628.0,18.0,4.64,1210.0,1976.0,10.33,116047446.0,1.0,3.0,1050.0,4.64,45.0,7.0,60488.0,2.0,2.0,5.0,2.0,2.0,2019.0,147.3,60.0,120.0,
60489,34,41939.0,185.0,16622295.0,13.0,5.17,1349.0,1977.0,10.41,116224838.5,1.0,3.0,1131.125,5.17,74.05,7.0,60489.0,3.0,2.0,4.0,3.0,3.0,2019.0,147.25,,18.0,
60526,1,1218.0,280.0,18628990.0,13.0,5.11,1580.0,,10.05,117297455.0,1.0,,1300.0,5.11,88.1,7.0,60526.0,3.0,3.0,7.0,3.0,4.0,,,,,
60528,51,35058.0,200.0,15402836.0,10.0,5.11,1250.0,1981.5,10.05,116786347.0,1.0,3.5,1050.0,5.11,70.0,7.0,60528.0,2.0,2.0,4.0,2.0,3.0,2016.5,129.4,149.5,30.0,
60529,9,7228.0,134.0,17249525.0,11.0,4.94,729.63,1972.0,9.84,117299825.0,1.0,2.5,597.63,4.94,60.0,4.0,60529.0,2.5,1.0,2.0,2.0,2.0,2019.0,126.05,40.0,4711.0,
60549,3,39052.0,100.0,6027170.0,9.0,,990.0,2019.0,,116770770.0,30.0,9.0,890.0,,30.0,6.0,60549.0,1.0,1.0,7.0,1.0,1.0,,,0.0,6.0,
60569,1,39731.0,250.0,447572.0,18.0,4.58,2400.0,1946.0,9.25,116754742.0,,1.0,2150.0,4.58,120.0,9.0,60569.0,3.0,3.0,3.0,3.0,5.0,2007.0,125.0,,3.0,
60594,66,41328.5,150.0,15901393.0,13.0,4.58,1200.0,1968.0,9.25,115821931.0,0.5,2.0,1150.0,4.58,63.5,7.0,60594.0,2.0,2.0,5.0,2.0,3.0,2017.0,75.75,70.0,10.0,
60596,22,37648.0,216.5,7726149.5,14.5,4.58,1540.0,1985.0,9.25,116101831.5,1.0,4.0,1540.0,4.58,74.0,7.5,60596.0,2.5,3.0,4.0,2.5,3.0,2012.0,84.0,113.0,25.0,
60598,46,42299.0,180.0,5350597.0,14.0,4.79,1092.5,1974.0,9.4,115320380.5,1.0,3.0,992.5,4.79,58.3,6.0,60598.0,2.0,2.0,4.5,2.0,2.0,2016.5,80.25,150.0,10.0,
60599,41,30338.0,235.0,15436613.0,11.0,4.79,1410.0,1990.0,9.4,116810791.0,1.0,4.0,1200.0,4.79,83.0,7.0,60599.0,3.0,2.0,3.0,3.0,4.0,2019.0,143.0,60.0,1.5,
60634,1,2350.0,125.0,17480151.0,2.0,5.53,1600.0,1890.0,7.16,111856771.0,,1.0,1475.0,5.53,67.8,7.0,60634.0,2.0,4.0,5.0,2.0,3.0,,,,0.0,
60740,1,48866.0,165.0,18410473.0,11.0,2.46,931.0,,8.69,115502870.0,1.0,,766.0,2.46,66.0,5.0,60740.0,2.0,,,2.0,3.0,,,,,
60894,1,66256.0,227.5,17830406.0,18.0,5.17,1462.5,1977.0,10.41,115371103.0,,3.0,1235.0,5.17,65.0,7.0,60894.0,2.0,5.0,5.0,2.0,3.0,,,,,
6103,1,48476.0,190.0,18195755.0,21.0,3.53,813.0,1900.0,14.14,116385738.0,1.0,1.0,623.0,3.53,89.39,5.0,6103.0,3.0,3.0,4.0,3.0,4.0,1998.0,,,,
6108,145,49848.0,129.4,5432973.0,9.0,3.53,592.5,1910.0,14.14,115659413.0,1.0,1.0,460.0,3.53,57.32,3.0,6108.0,2.0,2.0,4.0,2.0,2.0,2013.0,111.75,65.5,3.0,85761.0
6110,179,49523.0,130.0,14917017.0,9.0,2.79,560.0,1914.0,12.64,115659244.0,1.0,1.0,420.0,2.79,65.3,3.0,6110.0,2.0,2.0,4.0,2.0,3.0,2014.0,114.0,70.0,3.0,
61118,40,33966.0,200.0,15607942.0,10.5,4.55,1135.0,1998.0,10.86,116295356.0,1.0,5.0,930.0,4.55,75.0,6.0,61118.0,3.0,2.0,3.0,3.0,3.0,2019.0,127.5,20.0,100.0,
6112,108,58182.5,119.5,15652461.5,9.5,3.14,545.0,1931.0,12.64,115451338.5,1.0,1.0,397.5,3.14,64.69,2.0,6112.0,3.0,3.0,4.0,3.0,3.0,2017.0,118.8,65.0,3.0,
61130,15,38642.0,215.0,16948563.0,18.0,4.0,1167.5,2018.5,9.3,116104326.0,1.0,9.0,885.0,3.96,84.42,6.0,61130.0,3.0,1.0,3.0,3.0,4.0,2019.0,33.7,10.0,1.0,
61137,4,7956.0,177.5,17007680.5,10.0,4.23,860.0,1996.0,8.99,113375351.0,1.0,5.0,675.0,4.23,75.315,5.0,61137.0,3.0,1.0,2.5,3.0,3.5,2013.0,118.65,50.0,,
61138,1,7188.0,150.0,18600397.0,0.0,4.05,750.0,2010.0,8.91,117297775.0,1.0,7.0,600.0,4.05,54.0,4.0,61138.0,2.0,1.0,2.0,2.0,2.0,,,,,
6114,103,46125.0,130.0,14467637.0,9.0,3.0,565.0,1900.0,12.47,116330757.0,1.0,1.0,440.0,3.0,61.0,3.0,6114.0,2.0,2.0,4.0,2.0,3.0,2018.0,124.7,80.0,2.0,
6116,19,22694.0,110.0,16517435.0,7.0,1.79,490.0,1996.0,10.38,116382555.0,1.0,5.0,370.0,1.79,57.92,2.0,6116.0,2.0,1.0,2.0,2.0,2.0,2016.0,112.0,,17.5,
61169,46,18611.5,150.0,16173491.0,7.0,4.4,800.0,1920.0,9.69,117052704.0,1.0,1.0,665.0,4.4,71.0,5.0,61169.0,2.25,2.0,3.0,2.0,3.0,2019.0,119.8,42.5,1.0,
6118,53,51632.0,104.0,637671.0,8.0,2.58,432.0,1964.5,11.31,116134748.0,2.0,2.0,307.3,2.58,47.15,2.0,6118.0,2.0,3.0,4.5,2.0,2.0,2015.5,92.0,52.16,4711.0,
61184,19,21043.0,200.0,12372577.0,9.0,4.57,830.0,1993.0,10.48,116364680.0,1.0,4.5,750.0,4.57,76.33,5.0,61184.0,3.0,2.0,2.0,3.0,3.0,2019.0,87.0,,5.0,
61191,19,36720.0,160.0,600605.0,10.0,4.26,1112.0,2019.0,8.96,116569136.0,1.0,9.0,856.0,4.26,82.96,6.0,61191.0,3.0,1.0,4.0,3.0,4.0,2018.0,65.8,71.5,1.0,
61194,5,49612.0,190.0,17116121.0,9.0,4.13,750.0,1956.0,7.89,114339578.0,1.0,2.0,575.0,4.13,80.0,4.0,61194.0,3.0,2.5,3.0,3.0,3.0,2017.0,138.0,50.0,,
61197,6,38381.5,190.0,9985042.5,10.5,4.4,780.0,1990.0,7.6,116785390.0,1.0,4.0,510.0,4.4,77.5,3.5,61197.0,3.0,2.0,2.0,3.0,3.0,2020.0,151.8,,,
6120,72,46415.5,122.0,15605139.5,7.0,3.61,489.0,1988.0,14.44,116111336.0,1.0,4.0,315.0,3.61,57.05,2.0,6120.0,3.0,3.0,5.0,3.0,2.0,2010.0,97.55,70.0,4711.0,
61200,2,40792.0,165.0,17006917.0,14.5,3.67,865.0,1988.0,8.17,109900690.5,2.0,4.0,700.0,3.67,82.0,5.0,61200.0,3.5,0.0,4.0,3.5,3.5,2017.0,,,,
61203,1,28152.0,220.0,5419812.0,19.0,3.92,1005.0,,7.88,114379783.0,,,785.0,3.92,108.0,5.0,61203.0,3.0,2.0,3.0,3.0,5.0,,78.0,,,
61206,5,30010.0,200.0,5420926.0,11.0,4.49,1200.0,2009.5,8.88,115714142.0,1.0,7.5,1000.0,4.49,123.0,6.0,61206.0,4.0,0.5,2.0,4.0,6.0,2013.0,55.0,,9.0,
61209,2,23588.0,130.0,18564357.0,9.5,3.54,490.0,,7.53,117026579.5,1.0,,415.0,3.54,62.5,2.5,61209.0,2.0,1.5,1.5,2.0,2.5,2020.0,,,,
6122,145,66753.0,87.0,3520254.0,10.0,1.65,478.0,1972.0,11.69,115363452.0,1.0,3.0,321.0,1.65,59.09,2.0,6122.0,3.0,5.0,10.0,3.0,2.0,2008.0,88.5,77.0,85.5,87594.0
61231,77,43128.0,232.0,11435884.0,10.0,4.43,1239.0,2010.0,10.78,116435233.0,1.0,7.0,1006.0,4.43,90.0,7.0,61231.0,3.0,2.0,3.0,3.0,4.0,2019.0,139.0,86.0,2.0,
61239,1,47224.0,250.0,5415470.0,10.0,3.53,1050.0,1388.0,8.72,116422888.0,1.0,1.0,800.0,3.53,114.0,5.0,61239.0,3.0,2.0,,3.0,5.0,,,,,
6124,250,71608.0,77.5,3520254.0,10.0,1.89,432.0,1978.0,10.48,114536762.0,,3.0,287.0,1.89,57.21,1.0,6124.0,3.0,4.0,5.0,3.0,2.0,2019.0,92.0,79.0,112.0,
61250,19,33408.0,195.0,7487774.0,8.0,4.05,1095.0,2018.0,8.26,116903637.0,1.0,9.0,900.0,4.05,93.0,6.0,61250.0,3.0,1.0,3.0,3.0,4.0,2019.0,43.2,95.0,801.0,
6126,40,59798.5,81.57,1032763.0,10.0,1.86,472.5,1976.0,11.73,115330481.5,1.0,3.0,331.475,1.86,58.0,2.0,6126.0,3.0,4.0,6.0,3.0,2.0,2019.0,91.0,78.0,2421.0,
61267,11,31303.0,230.0,17415526.0,13.0,3.91,1200.0,2006.0,9.55,116938225.0,1.0,6.5,1000.0,3.91,90.0,6.0,61267.0,3.0,1.0,3.0,3.0,4.0,2018.0,82.55,,,
61273,5,30966.0,270.0,16540813.0,14.0,3.99,1290.0,2014.0,8.8,116944743.0,2.0,8.0,965.0,3.99,102.0,6.0,61273.0,3.0,3.0,2.5,3.0,5.0,2019.0,141.0,0.0,2.0,
61276,2,42519.5,70.0,10665621.0,12.5,4.29,340.0,1984.0,-3.39,111544587.5,1.0,4.0,265.0,4.29,29.0,1.5,61276.0,1.5,2.0,,1.5,1.5,2018.0,136.9,,10.0,
61279,3,36150.0,200.0,16130574.0,14.0,3.27,920.0,1982.0,7.33,116848205.0,2.0,4.0,700.0,3.27,100.0,5.0,61279.0,4.0,,3.0,4.0,4.0,2018.0,156.5,,,
6128,128,51062.0,74.0,3520254.0,9.0,3.01,458.65,1974.0,11.51,115934050.0,1.0,3.0,308.0,3.01,59.73,2.0,6128.0,3.0,4.0,5.0,3.0,2.0,2017.0,120.0,72.0,4711.0,
6130,54,50652.5,77.0,637671.0,8.0,3.01,431.0,1962.0,11.51,115661847.5,1.5,2.0,331.5,3.01,56.905,2.0,6130.0,3.0,3.0,4.0,3.0,2.0,2019.0,113.0,63.0,4711.0,
6132,156,62694.5,70.0,1249170.0,8.0,2.4,448.0,1982.0,2.64,115061768.0,1.0,4.0,299.40999999999997,2.4,57.0,1.0,6132.0,3.0,3.5,4.5,3.0,2.0,2019.0,95.1,68.5,321.0,
61348,41,46105.0,200.0,11771177.0,9.0,4.11,1270.0,1990.0,10.2,115191295.0,1.0,4.5,1080.0,4.11,75.0,7.0,61348.0,2.0,1.5,3.0,2.0,3.0,2019.0,136.24,45.0,2.5,
61350,27,28433.0,217.5,5304696.0,11.0,4.11,1195.0,1995.5,10.2,116701804.0,1.0,5.0,1000.0,4.11,83.0,6.0,61350.0,3.0,1.0,3.0,3.0,4.0,2018.0,113.26,80.0,4.0,
61352,11,44297.0,300.0,5196076.0,12.0,4.11,1550.0,1968.0,10.2,116399558.0,1.0,2.5,1300.0,4.11,127.0,7.0,61352.0,3.0,1.0,2.0,3.0,6.0,2009.0,84.8,,11.0,
61381,29,29836.0,175.75,14778957.0,12.0,4.18,1250.0,1982.5,9.9,116782199.0,1.0,4.0,1100.0,4.18,92.0,7.0,61381.0,3.0,2.0,2.5,3.0,4.0,2019.0,98.81,68.6,613.0,77886.0
61389,4,5285.5,205.0,17646750.5,1.0,3.75,900.0,1965.0,8.96,116221416.0,,2.0,700.0,3.75,90.0,5.0,61389.0,3.5,1.0,2.5,3.5,4.0,2015.0,108.0,,,
61440,57,32160.0,250.0,16431133.0,12.0,4.28,1249.0,1991.5,10.78,116550197.0,1.0,5.0,1100.0,4.28,76.0,7.0,61440.0,3.0,2.0,3.0,3.0,3.0,2018.0,118.0,42.0,5000.0,
61449,10,19215.0,205.0,16803675.0,8.0,4.73,1047.5,1970.5,11.04,116754281.0,1.0,2.5,857.5,4.73,80.11500000000001,6.0,61449.0,3.0,2.0,3.0,3.0,3.5,2019.0,212.85,,,
61462,24,42538.0,300.0,5322939.5,12.5,3.85,1565.0,1984.5,9.59,116248806.0,1.0,4.0,1315.0,3.85,102.64,7.0,61462.0,3.0,1.0,3.0,3.0,4.5,2019.0,137.85500000000002,60.0,5.0,
61476,19,36554.0,270.0,15744013.0,13.0,4.01,1400.0,1968.0,10.41,116677341.0,1.0,2.0,1340.0,4.01,100.0,7.0,61476.0,3.5,2.0,3.0,3.0,4.0,2017.0,124.7,,1.0,
61479,2,16065.5,82.5,8338041.0,7.0,2.4000000000000004,560.0,2011.0,6.46,104641937.5,1.0,7.5,477.5,3.45,39.0,3.5,61479.0,1.25,1.0,3.0,1.0,1.5,,23.0,,1111.0,
6179,13,51477.0,100.0,16517435.0,8.0,0.37,485.0,1968.0,8.36,112445857.0,1.0,2.0,330.0,0.37,59.0,2.0,6179.0,2.0,1.5,3.5,2.0,2.0,2008.0,120.6,67.5,16.0,
6184,26,18153.5,100.0,4397563.5,7.5,2.68,421.58000000000004,1995.0,11.58,117073456.0,1.0,5.0,301.5,2.68,49.815,1.5,6184.0,2.0,1.0,3.0,2.0,2.0,,106.3,60.0,1.0,
6188,7,55087.0,159.0,16826970.0,10.0,1.55,672.0,1994.0,7.99,114760146.0,1.0,5.0,489.0,1.55,62.0,3.0,6188.0,3.0,1.5,3.5,3.0,3.0,2012.0,100.0,73.4,55.0,
6193,3,71231.0,150.0,4461272.0,18.0,0.73,470.0,1910.0,,114728785.0,1.0,1.0,290.0,0.73,61.1,1.0,6193.0,2.0,3.0,2.0,2.0,3.0,2001.5,137.0,80.0,2391.0,
6198,19,43707.0,80.0,16517435.0,7.0,0.85,404.0,1996.0,4.56,116475262.0,1.0,5.0,270.0,0.85,41.98,1.0,6198.0,2.0,1.0,3.0,2.0,2.0,2020.0,83.0,88.0,4.5,
6217,288,61867.5,80.0,3520254.0,9.0,0.36,441.0,1960.0,12.8,115226434.5,1.0,2.0,302.6,0.36,58.5,2.0,6217.0,3.0,2.0,3.0,3.0,2.0,2010.0,85.0,84.5,23.0,
6231,73,64011.0,73.0,328817.0,8.0,0.72,410.0,1965.0,10.8,115420872.0,1.0,2.0,281.0,0.72,54.0,1.0,6231.0,2.0,2.0,4.0,2.0,2.0,2000.0,94.015,70.5,1.0,
6237,32,27608.0,162.5,5793671.0,6.0,1.02,522.0,1926.0,14.67,116910170.5,1.0,1.0,356.0,1.02,68.5,2.0,6237.0,3.0,1.0,4.0,3.0,3.0,2016.0,99.6,90.0,211.0,
6242,34,38875.0,66.0,150214.0,6.0,0.2,420.0,1963.0,11.89,114957821.5,1.0,2.0,276.5,0.2,58.325,1.0,6242.0,2.5,3.0,3.0,2.5,2.0,1993.0,99.5,78.0,2.0,
6246,14,63938.0,88.0,1924949.0,6.0,0.34,472.5,1996.0,9.87,115526805.0,1.0,5.0,347.5,0.34,52.0,2.0,6246.0,2.5,1.0,2.0,2.5,2.0,2019.0,100.0,50.0,1.0,
6249,12,23754.0,70.00999999999999,637123.0,9.0,0.0,425.33,1962.0,,117022798.0,1.0,2.0,271.19,0.0,51.655,1.0,6249.0,2.0,1.0,3.0,2.0,2.0,2019.0,169.46,78.0,0.5,
6258,7,59296.0,90.0,5329473.0,10.0,1.26,474.5,1964.0,10.31,114725326.0,1.0,2.0,379.0,1.26,64.6,2.0,6258.0,3.0,2.0,3.0,3.0,3.0,2019.0,107.0,60.0,1.0,
6259,4,62138.5,79.0,150214.0,8.0,0.2,518.5799999999999,1977.0,11.89,115496286.0,1.0,3.0,328.08000000000004,0.2,69.09,2.0,6259.0,3.5,3.5,5.0,3.5,3.0,1997.0,112.0,107.5,4.0,
6268,22,63575.0,75.0,16567584.0,9.5,0.57,450.0,1970.0,7.35,113980538.0,1.0,2.0,312.5,0.57,60.5,2.0,6268.0,3.0,2.0,3.0,3.0,2.5,2018.0,88.0,69.5,2.5,
6279,2,75986.5,80.0,618638.0,16.0,1.35,483.5,1976.5,5.29,114411046.5,,3.0,323.0,1.35,65.78,1.5,6279.0,3.5,1.5,4.0,3.5,2.5,2019.0,113.0,80.5,1017.0,
6295,65,67860.0,54.0,3520254.0,9.0,1.81,419.15999999999997,1971.0,-6.5,114408105.0,1.0,3.0,283.0,1.81,57.48,1.0,6295.0,3.0,3.0,4.0,3.0,2.0,2007.0,92.7,92.0,39.0,
63065,38,52017.0,200.0,16011641.5,14.0,5.32,995.0,1970.5,9.47,116100441.0,10.0,2.5,870.0,5.32,60.0,6.0,63065.0,2.0,3.0,5.0,2.0,2.0,2019.0,111.0,92.5,60.0,83040.0
63067,56,37380.5,235.0,5682075.0,12.0,5.32,1205.0,2016.0,9.47,116392796.0,1.0,9.0,970.0,5.32,73.0,6.0,63067.0,2.0,2.0,4.0,2.0,3.0,2019.0,64.3,,3.5,84809.0
63069,23,34688.0,192.5,5969570.0,8.0,5.32,1045.0,1968.5,9.47,116822989.0,1.0,2.5,880.0,5.32,72.0,6.0,63069.0,3.0,2.0,3.0,3.0,3.0,2020.0,87.0,87.0,2357.0,
63071,14,45098.0,200.0,15703785.0,9.0,5.32,1162.5,1994.0,9.47,116519368.0,1.0,5.0,922.5,5.32,74.0,6.0,63071.0,3.0,2.0,3.0,3.0,3.0,2018.5,79.4,,1.0,
63073,25,33383.0,260.0,17836908.0,7.0,4.76,1535.0,2020.0,7.97,116891571.0,1.0,9.0,1300.0,4.76,88.76,7.0,63073.0,3.0,1.0,2.5,3.0,4.0,2019.0,98.5,100.0,63303.0,78845.0
63075,19,28583.0,235.0,10972476.0,10.0,5.22,1079.0,1994.0,8.14,116974166.0,1.0,5.0,800.0,5.22,70.0,5.0,63075.0,3.0,1.0,2.0,3.0,3.0,2015.0,53.0,75.0,1002.5,
6311,6,74735.5,57.5,618638.0,8.5,1.8,371.5,1963.0,-0.22,114457647.5,,2.0,259.78,1.8,44.67,1.0,6311.0,2.0,1.0,3.0,2.0,2.0,2018.5,82.6,56.0,1017.0,
63110,38,24241.5,200.0,15716617.5,8.0,4.37,1190.0,1996.0,10.0,116871319.0,1.0,5.0,925.0,4.37,84.0,6.0,63110.0,3.0,1.0,2.0,3.0,4.0,2018.5,90.7,85.0,300.0,
63128,24,23475.0,249.5,15107418.5,10.0,4.81,1295.0,1997.0,9.97,116837471.5,1.0,5.0,983.0,4.81,87.2,6.0,63128.0,3.0,2.0,4.0,3.0,4.0,2020.0,121.9,81.25,2.0,
63150,24,31630.0,200.0,15596630.5,9.5,4.47,1125.0,1991.0,10.58,116787936.0,1.0,4.5,912.5,4.47,74.0,6.0,63150.0,3.0,2.0,3.0,3.0,3.0,2018.0,110.0,70.0,4.0,
63165,15,11307.0,171.86,17211202.0,9.0,4.53,1170.0,1978.0,9.5,117137151.0,1.0,3.0,790.0,4.53,80.0,5.0,63165.0,3.0,1.0,3.0,3.0,3.0,2020.0,72.0,63.0,48000.0,
6317,1,39179.0,50.0,16764961.0,5.0,1.26,,1900.0,,116768499.0,1.0,1.0,310.0,1.26,46.0,2.0,6317.0,2.0,,2.0,2.0,2.0,2020.0,,,,
63179,15,20610.0,216.0,15431309.0,7.0,4.52,1350.0,2003.0,10.25,117041081.0,1.0,6.0,950.0,4.52,84.0,6.0,63179.0,3.0,0.5,3.0,3.0,4.0,2020.0,88.7,,66011.5,
63225,48,33766.5,200.0,15357100.0,9.0,4.56,1090.0,1994.5,10.94,115149514.0,1.0,5.0,865.0,4.56,73.0,6.0,63225.0,3.0,1.0,3.0,3.0,3.0,2015.5,113.5,75.0,31.0,73064.0
63263,53,33219.0,200.0,16206889.0,12.0,4.8,1129.5,1975.0,9.8,116564830.0,1.0,3.0,890.0,4.8,75.5,6.0,63263.0,3.0,2.0,3.0,3.0,3.0,2017.0,113.0,80.0,17.0,
63303,54,28703.5,230.0,15577410.5,9.0,4.33,1142.5,1987.5,10.18,116864596.0,1.0,4.0,970.0,4.33,85.0,6.0,63303.0,3.0,1.0,2.0,3.0,3.5,2015.0,123.8,100.0,2.0,
63322,17,41078.0,200.0,9425274.0,10.0,4.58,970.0,1991.5,9.71,115524633.0,1.0,4.5,820.0,4.58,91.0,6.0,63322.0,3.0,2.0,2.0,3.0,4.0,2019.0,172.0,0.0,5001.0,
63329,7,34758.0,120.0,5394580.0,11.0,4.83,1142.5,1986.0,10.46,116524381.0,1.0,4.0,1050.0,4.83,85.0,7.0,63329.0,3.0,1.0,2.5,3.0,4.0,2020.0,106.0,140.0,17.0,
6333,22,72477.0,85.8,3520254.0,10.5,1.32,557.3499999999999,1970.0,0.15,114743572.5,1.5,2.0,317.5,1.32,69.74,2.0,6333.0,4.0,2.0,4.0,4.0,3.0,2018.0,149.3,152.0,,
6336,1,909.0,120.0,17412255.0,8.0,1.89,470.35,1997.0,,91979220.0,1.0,5.0,350.25,,57.06,2.0,6336.0,2.0,2.0,3.0,2.0,2.0,,124.0,43.35,1.0,
63450,89,17966.0,181.0,5410591.0,7.0,4.7,1043.0,2020.0,9.42,117091175.0,1.0,9.0,850.0,4.7,80.0,6.0,63450.0,3.0,2.0,3.0,3.0,3.0,2020.0,53.0,87.0,4711.0,
63452,24,35442.5,185.0,16036895.0,11.5,4.72,1045.0,2020.0,9.42,116018434.5,1.0,9.0,860.0,4.72,83.0,6.0,63452.0,3.0,2.0,5.0,3.0,4.0,2020.0,105.1,87.5,1.0,
63454,6,28457.0,200.0,8289408.5,11.5,4.72,895.0,1970.0,9.42,115221846.5,2.0,2.0,695.0,4.72,78.5,5.0,63454.0,2.5,1.5,3.0,2.5,3.0,2016.0,134.0,70.0,5.5,
63456,13,26264.0,170.0,17249524.0,10.0,4.72,880.0,1970.0,9.42,116936176.0,1.0,2.0,750.0,4.72,70.0,5.0,63456.0,3.0,2.0,2.0,3.0,3.0,2019.0,178.5,,1.0,
63457,65,37306.0,200.0,16306539.0,10.0,4.72,1150.0,2019.0,9.42,116775464.0,1.0,9.0,950.0,4.72,90.6,6.0,63457.0,3.0,2.0,3.0,3.0,4.0,2020.0,41.0,50.0,4711.0,
6347,8,80114.5,55.0,18433813.0,7.0,2.82,310.0,1999.0,,113607834.5,,5.0,224.0,2.82,52.445,1.0,6347.0,2.5,2.0,3.0,2.5,2.0,,142.9,65.0,,
63475,1,8981.0,250.0,15927155.0,6.0,4.7,1400.0,2020.0,9.42,117275098.0,,9.0,1150.0,4.7,113.5,7.0,63475.0,3.5,1.0,3.0,3.0,5.0,2020.0,,,,
63477,38,40903.0,200.0,4636341.5,13.0,4.64,1044.5,2009.0,9.74,116516376.5,1.0,7.0,810.0,4.64,76.845,5.5,63477.0,3.0,2.0,3.0,3.0,3.0,2019.0,56.7,100.0,2.0,
63486,13,26872.0,250.0,14141636.0,9.0,4.19,995.0,1992.0,8.6,116888347.0,1.0,5.0,700.0,4.19,86.0,5.0,63486.0,3.0,1.0,3.0,3.0,4.0,2015.5,117.0,,2.0,
63500,21,37034.0,200.0,17495901.0,14.0,4.71,1200.0,2017.0,10.25,116346113.0,1.0,9.0,950.0,4.71,98.0,6.0,63500.0,3.0,1.0,2.0,3.0,4.0,2019.0,55.0,,1.0,
63505,9,12948.0,200.0,16411649.0,15.0,3.76,1140.0,2005.5,7.99,116657591.0,1.0,7.0,790.0,3.76,78.0,5.0,63505.0,3.0,2.5,3.0,3.0,3.0,2017.0,100.5,,,
63512,4,24898.0,225.0,473481.5,16.5,4.41,1490.0,1998.5,9.96,116256237.5,1.0,6.0,1025.0,4.41,104.0,6.5,63512.0,3.0,1.0,2.0,3.0,5.0,,102.64999999999999,,,
63517,6,50522.5,155.0,16036895.0,21.0,3.9450000000000003,837.5,2019.0,7.72,115231330.5,1.5,9.0,645.0,3.91,78.5,5.0,63517.0,2.0,1.0,2.5,2.0,3.0,2018.0,70.0,,,
63526,13,30932.0,140.0,13163698.0,7.0,4.33,690.0,2019.0,8.84,115984646.0,1.0,9.0,700.0,4.33,69.0,5.0,63526.0,2.0,1.5,3.0,2.0,3.0,2018.0,63.1,,4.0,
63533,5,39927.0,200.0,16457208.0,5.0,3.88,650.0,1993.0,9.85,116750433.0,1.0,5.0,700.0,3.88,80.0,5.0,63533.0,2.0,2.0,2.0,2.0,3.0,2019.0,107.9,,1.0,
63538,2,11123.0,192.5,18496502.0,9.0,4.19,810.0,1946.0,9.03,117146568.5,1.5,3.0,617.5,4.19,69.25,4.5,63538.0,2.0,0.5,1.5,2.0,3.0,2019.0,196.85,,,
63543,1,1578.0,210.0,15332644.0,1.0,3.84,990.0,,9.07,117367841.0,1.0,,780.0,3.84,101.75,5.0,63543.0,2.5,0.0,2.0,2.0,5.0,,,,,
63546,2,32613.0,150.0,8701137.0,11.5,4.205,825.0,1987.0,8.92,116913285.0,1.0,4.0,675.0,4.205,88.0,5.0,63546.0,3.0,1.5,1.0,3.0,4.0,2018.5,241.0,,,
63547,1,8068.0,130.0,17854794.0,14.0,4.7,800.0,1938.0,9.42,116295651.0,2.0,1.0,670.0,4.7,61.12,5.0,63547.0,2.0,1.0,3.0,2.0,3.0,2020.0,,,,
63549,1,62954.0,150.0,15773058.0,18.0,4.11,800.0,,6.72,110444236.0,,,650.0,4.11,92.0,5.0,63549.0,3.0,0.0,2.0,3.0,4.0,2017.0,241.0,,,
63571,14,26920.0,200.0,18236347.5,13.5,3.94,985.0,1980.0,8.88,116798267.5,1.0,3.5,780.0,3.94,85.46000000000001,5.0,63571.0,3.0,2.0,2.0,3.0,4.0,2019.5,76.30000000000001,,1.0,
63579,5,18920.0,165.0,18189948.0,2.0,3.94,802.5,2020.0,8.85,117080485.0,1.0,9.0,650.0,3.94,74.0,5.0,63579.0,2.5,2.0,2.5,2.0,3.0,,122.5,,113.0,
63584,2,48166.0,240.0,18195307.5,7.5,3.83,980.0,2007.5,7.82,111859305.0,2.0,7.0,806.0,3.83,83.5,5.5,63584.0,3.5,2.0,,3.5,4.0,2020.0,,,4.0,
63589,3,11775.0,200.0,16143872.0,11.0,4.06,1180.0,1987.0,7.1,112265754.0,2.0,5.5,980.0,4.06,93.0,6.0,63589.0,3.5,2.0,3.0,3.0,4.0,2020.0,102.0,,,
63594,2,17085.0,270.0,16825152.0,13.0,3.83,1185.0,1965.5,8.61,101432929.5,2.0,2.5,937.5,3.83,115.0,6.0,63594.0,4.0,1.0,2.0,4.0,5.0,2017.5,86.98,,,
63599,6,35828.0,200.0,17108373.5,8.0,4.07,905.0,1970.0,7.37,116854295.5,2.0,2.0,695.0,4.07,107.21000000000001,5.0,63599.0,3.0,1.5,2.0,3.0,5.0,2015.5,94.0,,1000.0,
63607,2,39898.5,235.0,8772474.0,9.5,5.24,760.0,1968.5,7.18,110425174.5,1.0,2.5,662.5,4.42,96.0,4.5,63607.0,3.0,1.5,2.0,3.0,4.0,,137.3,,21.0,
63619,14,37045.5,200.0,15379261.0,8.0,4.32,824.115,1966.0,6.51,116054087.0,1.0,2.0,600.0,4.32,84.15,4.0,63619.0,3.0,1.0,3.0,3.0,3.5,2018.0,115.0,,2.0,
63628,12,29932.0,182.5,17520136.0,10.0,3.73,755.0,1975.5,5.16,116792247.5,1.0,3.0,565.0,3.73,93.5,4.0,63628.0,3.0,1.0,2.0,3.0,4.0,2018.0,147.7,92.5,1.0,
63633,1,47636.0,330.0,5782582.0,19.0,5.43,1080.0,1974.0,-1.19,116415935.0,1.0,3.0,750.0,5.43,160.0,5.0,63633.0,4.0,1.0,1.0,4.0,7.0,,161.5,,,
63636,1,32525.0,150.0,15574427.0,9.0,3.47,575.0,,8.25,116919661.0,1.0,,425.0,3.47,55.0,3.0,63636.0,3.0,3.0,3.0,3.0,2.0,,,,,
63639,1,15257.0,140.0,18625150.0,13.0,2.09,530.0,,2.89,117128971.0,1.0,,390.0,2.09,74.0,2.0,63639.0,4.0,,,4.0,3.0,,,,,
63650,2,40418.0,60.5,17439793.0,5.0,4.72,446.0,1963.0,9.42,116735154.5,1.0,2.0,730.0,4.72,66.53,5.0,63650.0,3.0,1.5,4.0,3.0,3.0,2019.0,92.3,60.0,,
63654,7,28741.0,180.0,15808069.0,10.0,3.72,760.0,1992.5,7.78,116516608.0,1.0,5.0,585.0,3.72,73.0,4.0,63654.0,3.0,2.0,2.5,3.0,3.0,2019.0,143.0,,50.0,
6366,112,56774.5,77.0,15662022.0,4.0,1.07,380.0,1978.0,3.48,114005308.5,1.0,3.0,283.9,1.07,52.725,1.0,6366.0,2.0,2.0,3.0,2.0,2.0,2018.0,99.5,60.0,93244.0,
63667,9,32456.0,200.0,17121718.0,12.0,3.73,830.0,1984.0,8.07,116920098.0,1.0,4.0,600.0,3.73,90.0,4.0,63667.0,3.0,2.0,2.0,3.0,4.0,2015.0,131.3,,1.0,
63672,1,4195.0,200.0,18629926.0,0.0,4.94,840.0,1878.0,5.77,117334894.0,,1.0,640.0,4.94,79.2,5.0,63672.0,3.0,1.0,2.0,3.0,3.0,2019.0,,,,
63674,4,25726.0,225.0,17929392.5,11.5,4.12,1110.0,1991.0,9.88,116583205.0,2.0,4.5,795.0,4.12,92.55,5.0,63674.0,3.25,2.0,2.0,3.0,4.0,2018.0,99.0,80.0,,
63679,5,74247.0,185.0,18230687.0,16.0,4.83,785.0,1963.0,9.63,114649531.0,1.0,3.0,490.0,4.83,90.0,3.0,63679.0,3.0,1.5,2.5,3.0,4.0,,110.0,,2.0,
63683,2,35044.5,130.0,16565549.0,8.0,3.86,590.0,1962.0,6.51,113311305.5,1.0,2.0,410.0,3.86,69.5,2.5,63683.0,2.5,0.0,2.0,2.5,3.0,2020.0,292.9,100.0,,
63688,3,53446.0,235.0,16948563.0,8.0,3.7,810.0,1975.0,0.59,115246939.0,1.0,3.0,570.0,3.7,103.0,4.0,63688.0,3.5,2.0,2.0,3.0,5.0,2018.5,130.0,,,
6369,7,66121.0,64.26,3520254.0,8.0,2.27,379.1,1992.5,6.59,115406042.0,,4.5,274.5,2.27,61.0,1.0,6369.0,3.0,2.0,4.0,3.0,3.0,2016.5,79.0,74.42,14.0,
63697,1,76551.0,70.0,15891707.0,2.0,3.9,,,7.94,111769878.0,1.0,,385.0,3.9,43.0,2.0,63697.0,2.0,,1.0,2.0,2.0,,155.0,100.0,,
63739,47,28442.0,180.0,16655543.0,9.0,5.03,995.0,1989.0,6.96,116013214.0,1.0,4.5,850.0,5.03,85.0,6.0,63739.0,3.0,2.0,3.0,3.0,4.0,2019.0,116.69999999999999,70.0,2606.0,
63741,45,36353.0,160.0,15766991.0,9.0,4.74,1005.0,2017.0,6.15,116123614.0,1.0,9.0,840.0,4.74,80.55,6.0,63741.0,3.0,1.0,3.0,3.0,3.0,2019.0,65.55000000000001,100.0,2.0,
63743,21,27816.0,160.0,16830518.0,7.0,5.19,1050.0,2017.5,6.96,114981391.0,1.0,9.0,850.0,5.2,79.0,6.0,63743.0,3.0,1.0,2.0,3.0,3.0,2020.0,48.0,,2731.0,
63755,4,27372.5,185.0,6336282.5,11.5,5.25,935.0,1985.5,6.45,116987518.0,2.0,4.0,750.0,5.25,86.515,5.0,63755.0,2.75,2.0,3.0,2.5,3.5,2020.0,94.94999999999999,,,
63762,8,29959.0,150.0,16829045.5,16.5,4.94,900.0,1977.0,5.77,116956797.0,1.0,3.0,765.0,4.94,80.5,5.0,63762.0,3.0,1.0,2.0,3.0,3.5,2020.0,,,,
63768,3,18694.0,167.0,17861706.0,9.0,5.27,950.0,1986.5,6.05,117084207.0,2.0,5.5,800.0,5.27,73.0,5.0,63768.0,3.0,0.0,2.5,3.0,3.0,,135.0,97.0,4711.0,
63773,10,27765.5,178.0,474122.0,7.5,5.4,1107.0,2018.0,8.05,116278586.0,2.0,9.0,925.0,5.4,89.755,6.0,63773.0,3.0,1.5,2.0,3.0,4.0,2018.0,72.69,90.0,,
63776,4,7315.5,137.5,17918561.5,11.0,5.08,930.0,1998.0,6.52,112737444.0,1.0,5.0,607.5,5.08,89.0,4.0,63776.0,3.0,1.0,2.0,3.0,4.0,2016.0,223.7,,,
63785,4,18961.5,140.0,16843674.5,6.5,4.26,940.0,2006.0,10.12,103812275.0,1.0,7.0,720.0,4.26,92.5,5.0,63785.0,3.0,2.0,1.0,3.0,4.0,2003.5,118.0,,,
63796,3,20548.0,160.0,15473635.0,15.0,5.42,960.0,2016.0,5.72,117060941.0,1.5,9.0,800.0,5.42,80.0,5.0,63796.0,3.0,1.0,2.0,3.0,3.0,2020.0,41.55,,63796.0,
63801,4,27819.5,250.0,17023661.0,8.5,5.76,975.0,1999.5,6.3,116952548.5,2.0,5.0,725.0,5.76,66.0,5.0,63801.0,2.0,2.0,3.0,2.0,3.0,2018.0,120.85,,,
63808,5,56501.0,125.0,16934174.0,11.0,5.14,995.0,1970.0,7.17,115922929.0,1.0,2.0,890.0,5.14,116.0,6.0,63808.0,3.5,0.0,2.0,3.0,5.0,2020.0,126.8,,1.0,
63811,4,46068.0,165.0,6630412.0,9.5,5.47,950.0,1974.0,7.02,101448802.5,1.0,3.5,800.0,5.47,94.5,5.0,63811.0,3.0,1.0,3.0,3.0,4.5,,152.2,70.0,3.0,
63814,5,18532.0,180.0,16923748.0,13.0,5.44,1000.0,1971.0,7.61,116739544.0,1.0,3.0,850.0,5.44,100.0,6.0,63814.0,3.0,1.0,1.5,3.0,4.0,2019.0,80.3,,,
63820,6,35914.5,162.0,5410591.0,6.5,4.57,780.0,1968.0,7.7,116502390.5,1.0,2.0,597.5,4.57,82.575,4.5,63820.0,3.5,2.0,1.5,3.5,4.0,2018.0,135.0,110.0,4711.0,
63825,3,39568.0,150.0,16923748.0,9.0,5.22,750.0,1977.0,3.73,116756971.0,1.5,3.5,595.0,5.22,85.0,4.0,63825.0,2.5,0.0,3.0,2.0,4.0,,135.95,,,
63829,1,36617.0,75.0,16800790.0,13.0,5.3,625.0,,3.53,85843694.0,,,450.0,5.3,82.0,3.0,63829.0,3.0,,,3.0,4.0,,,100.0,,
63834,2,58791.0,195.0,17931498.0,14.5,4.035,970.0,2019.0,8.87,115747899.0,,9.0,775.0,4.035,82.0,5.5,63834.0,2.5,1.5,2.0,2.5,3.5,2019.0,,,,
63843,1,14615.0,190.0,18625504.0,0.0,4.68,530.0,,8.5,117145044.0,1.0,,340.0,4.68,43.0,2.0,63843.0,1.5,1.0,3.0,1.0,2.0,,,,,
6385,9,71676.0,59.0,3520254.0,8.0,1.33,401.0,1982.0,6.39,114894256.0,,4.0,274.0,1.33,54.78,1.0,6385.0,2.0,1.0,5.0,2.0,2.0,,87.3,71.0,93244.0,
63856,4,62634.0,238.0,479483.0,11.5,5.72,1323.0,1967.0,7.99,115582444.0,1.0,2.0,1025.0,5.72,119.0,6.5,63856.0,4.0,1.0,1.0,4.0,5.5,,,,,
63857,1,24936.0,150.0,479483.0,2.0,4.95,835.0,2020.0,5.89,117010311.0,,9.0,645.0,4.95,75.45,5.0,63857.0,2.0,,,2.0,3.0,,,,,
6386,3,40406.0,150.0,659618.0,3.0,1.62,480.0,1890.0,,116735719.0,,1.0,330.0,1.62,69.0,2.0,6386.0,4.0,1.0,2.0,4.0,3.0,,86.0,,,
63863,1,52075.0,100.0,17089742.0,1.0,3.67,520.0,1993.0,7.33,116171100.0,1.0,5.0,420.0,3.67,60.0,3.0,63863.0,2.0,0.0,,2.0,2.0,,125.0,,2731.0,
63864,2,39424.0,540.0,16655543.0,13.5,7.04,,2019.0,7.05,109976989.0,1.0,9.0,4200.0,7.04,270.0,9.0,63864.0,4.0,2.0,2.0,4.0,7.0,,,,,
63867,4,36123.5,165.0,3045360.0,13.0,5.42,860.0,1999.0,6.37,116681738.5,1.5,5.5,790.0,5.42,96.39,5.5,63867.0,2.75,1.0,2.0,2.5,4.0,2020.0,106.6,,,
63868,1,1145.0,80.0,16923748.0,15.0,1.52,,,,98157758.0,1.0,,445.0,,67.0,3.0,63868.0,2.0,,2.0,2.0,3.0,,,,,
63874,1,72501.0,95.0,662679.0,5.0,5.79,,2019.0,5.02,114831671.0,,9.0,365.0,5.79,30.0,2.0,63874.0,1.0,,,1.0,1.0,,74.7,,,
63877,1,26027.0,200.0,814613.0,10.0,6.57,,2013.0,5.55,117000809.0,1.0,8.0,999.0,6.57,109.0,6.0,63877.0,2.0,0.0,3.0,2.0,5.0,,89.0,,,
6388,6,8788.0,110.0,17287060.0,6.0,1.74,360.0,,,117280245.5,,,250.0,1.74,49.2,1.0,6388.0,2.0,,,2.0,2.0,,,,,
63897,3,32165.0,196.0,16876323.0,13.0,3.45,1041.5,1910.0,10.24,116915352.0,1.5,1.0,998.0,3.45,115.0,6.0,63897.0,4.0,1.0,3.0,4.0,5.0,2019.0,117.095,,,
63906,5,709.0,150.0,18587302.0,8.0,5.07,1100.0,2020.0,9.73,117374116.0,1.0,9.0,950.0,5.07,90.0,6.0,63906.0,3.0,0.0,0.0,3.0,4.0,,177.0,77.0,4711.0,
63920,1,3422.0,150.0,18180580.0,13.0,4.3,680.0,1930.0,8.2,109322522.0,,1.0,530.0,4.3,68.0,4.0,63920.0,3.0,1.0,2.0,3.0,3.0,2018.0,,,,
63924,2,13186.5,230.0,17749727.5,6.0,4.6,915.0,1970.0,9.56,117189922.0,,2.0,685.0,4.6,107.0,4.5,63924.0,3.0,1.0,1.0,3.0,5.0,2020.0,169.0,,,
63927,2,41588.5,65.0,17018788.0,11.0,3.82,620.0,1984.0,8.63,115969433.5,1.0,4.0,530.0,3.82,63.5,4.0,63927.0,2.75,0.5,2.5,2.5,2.5,2020.0,,50.0,,
63939,1,13115.0,100.0,15625544.0,4.0,6.23,610.0,2020.0,9.21,117159093.0,1.0,9.0,510.0,6.23,49.57,4.0,63939.0,2.0,2.0,3.0,2.0,2.0,,,,,
6406,27,49394.0,75.0,14207028.0,8.0,2.41,439.0,1973.0,7.63,115632273.0,1.0,3.0,304.0,2.41,58.5,2.0,6406.0,3.0,3.0,4.0,3.0,2.0,1995.0,92.0,59.29,35.0,
6408,1,26606.0,90.0,8066075.0,7.0,2.41,695.0,1996.0,7.63,116993879.0,,5.0,515.0,2.41,92.0,4.0,6408.0,2.0,2.0,2.0,2.0,4.0,2019.0,,90.0,,
6420,1,70268.0,100.0,186082.0,11.0,1.16,450.0,,,115030997.0,,,350.0,1.16,61.0,2.0,6420.0,3.0,1.0,,3.0,3.0,,143.0,,,
6425,2,36507.5,125.0,10392023.0,17.5,0.7,510.0,1992.5,2.25,116389184.0,1.0,5.0,380.0,0.7,88.0,2.0,6425.0,4.0,2.0,2.5,4.0,3.5,,99.7,120.0,,
64259,1,3560.0,105.0,15367136.0,9.0,4.7,550.0,1995.0,10.55,117340041.0,1.0,5.0,445.0,4.7,32.0,3.0,64259.0,1.0,2.0,5.0,1.0,1.0,,93.0,,,
64283,35,42573.0,190.0,15530923.0,8.0,4.62,1064.5,1959.0,11.18,116209840.0,1.0,2.0,868.0,4.62,65.93,6.0,64283.0,2.0,2.0,4.0,2.0,3.0,2017.5,118.05,50.0,4.0,
64285,16,23526.0,203.0,8582878.5,12.5,4.4,1370.0,1993.5,10.97,116996049.0,1.0,4.5,1090.0,4.4,79.445,7.0,64285.0,3.0,1.0,3.5,3.0,3.0,2019.0,77.2,75.0,3.0,
64287,16,47163.0,150.0,10311054.5,11.5,4.47,1377.77,1963.5,10.65,115807430.0,1.0,2.0,1170.0,4.47,84.78999999999999,7.0,64287.0,3.0,3.0,3.0,3.0,4.0,2020.0,138.0,58.0,3.5,
64289,8,15003.5,250.0,17388586.5,10.0,4.975,1092.79,1972.0,10.785,117048273.5,1.0,3.0,785.0,4.975,79.5,5.5,64289.0,2.5,6.5,5.0,2.5,3.5,2019.5,108.4,100.0,50.5,
64291,13,27630.0,200.0,16204907.0,11.0,4.23,1280.0,1975.5,10.66,116968285.0,1.0,3.0,1050.0,4.23,95.0,7.0,64291.0,3.0,1.5,2.0,3.0,4.0,2017.0,140.0,68.0,2.0,
64293,10,20887.0,233.5,5007419.5,8.0,4.64,1118.0,2019.0,10.55,116991249.0,1.0,9.0,884.5,4.64,74.5,5.5,64293.0,2.5,1.0,6.5,2.5,3.0,2014.5,29.0,50.0,2.0,
64295,15,18821.0,159.0,17044199.0,8.0,4.7,750.0,1968.0,10.55,116698255.0,1.0,2.0,600.0,4.550000000000001,53.0,4.0,64295.0,2.0,1.0,3.5,2.0,2.0,2020.0,49.4,77.5,,
64297,19,43538.0,215.0,15946423.0,8.0,4.38,1148.0,1988.0,10.11,115403591.0,1.0,4.0,1090.0,4.38,90.0,7.0,64297.0,3.0,2.0,2.0,3.0,4.0,2018.0,75.8,60.0,3.0,
64319,8,52368.0,172.0,4442084.0,11.0,4.26,1020.0,1990.0,9.86,115453103.5,2.0,4.0,925.0,4.26,89.0,6.0,64319.0,3.25,1.0,2.0,3.0,3.5,2020.0,135.4,44.5,8.0,
64331,11,25344.0,250.0,16584834.0,10.0,4.37,1300.0,1973.5,10.19,116368356.0,1.0,3.0,1050.0,4.37,95.0,7.0,64331.0,3.0,1.0,2.0,3.0,4.0,2019.5,118.35,,,
64342,8,28833.5,165.0,16247804.5,7.5,4.369999999999999,1285.0,1971.0,10.42,116537295.0,1.0,3.0,1125.0,4.369999999999999,116.0,7.0,64342.0,3.0,2.0,2.0,3.0,5.0,2019.5,122.4,80.0,2.5,
64347,20,9796.0,200.0,15713154.0,9.5,4.47,1180.0,2014.5,10.53,116725854.0,1.0,8.0,1015.0,4.47,95.5,6.5,64347.0,3.0,2.0,3.0,3.0,4.0,2019.0,49.1,,52.0,
64353,1,15622.0,250.0,18276898.0,18.0,3.89,1750.0,2019.0,8.7,117125070.0,,9.0,1500.0,3.89,170.0,7.0,64353.0,5.0,3.0,3.0,5.0,7.0,,26.5,,,
64354,7,16913.0,120.0,15616215.0,11.0,3.92,740.0,1999.0,8.7,116514324.0,20.5,6.0,580.0,3.92,75.0,4.0,64354.0,2.0,1.0,3.0,2.0,3.0,2017.5,108.9,80.0,,
64367,9,38626.0,225.0,17188249.0,9.0,4.17,1330.0,1991.0,9.96,116614803.0,1.0,4.5,1020.0,4.17,98.0,7.0,64367.0,4.0,1.0,2.0,4.0,4.0,2020.0,111.89999999999999,,3.0,
64372,11,17961.0,195.0,7330797.0,4.0,4.44,1179.0,2009.0,9.89,115296811.0,1.0,7.0,999.0,4.455,92.0,6.0,64372.0,3.0,2.0,3.0,3.0,4.0,2015.0,22.0,80.0,,
64380,9,11815.0,215.0,18520223.0,8.0,4.08,1150.885,1993.0,9.17,117188582.0,1.0,5.0,850.0,4.08,89.0,6.0,64380.0,3.0,1.0,3.0,3.0,4.0,2013.5,100.15,,,
64385,2,8250.0,150.0,16192262.0,13.5,3.4,732.5,1890.0,5.33,115772144.0,,1.0,657.5,3.4,82.0,4.5,64385.0,4.0,0.0,3.0,4.0,3.5,2017.5,,,,
64390,2,24679.0,185.0,9040480.5,6.0,4.22,1020.0,1986.5,10.44,117011308.0,1.0,4.0,1125.0,4.22,145.5,6.5,64390.0,3.5,0.5,2.0,3.5,5.5,,95.0,,1.0,
64395,2,21659.5,140.0,15472147.5,6.5,3.16,715.0,1976.0,9.14,117057493.0,,3.0,575.0,3.16,67.5,4.0,64395.0,3.0,1.5,2.0,3.0,3.0,2019.5,40.6,,,
64397,1,42421.0,90.0,5176295.0,29.0,4.08,,1978.0,8.11,75458173.0,1.0,3.0,620.0,4.08,130.0,5.0,64397.0,3.0,1.0,1.0,3.0,6.0,2017.0,125.0,90.0,,
64401,1,55502.0,125.0,18585604.0,8.0,3.92,775.0,,7.19,115859335.0,,,650.0,3.92,68.0,5.0,64401.0,2.0,3.0,3.0,2.0,3.0,,,,,
64404,5,18938.0,200.0,4917327.0,11.0,3.55,1000.0,1984.0,9.82,115291436.0,2.0,4.0,800.0,3.55,79.0,5.0,64404.0,2.5,1.0,2.0,2.0,3.0,2020.0,,,2.0,
64409,1,27786.0,220.0,18209548.0,7.0,4.5,950.0,,9.99,116982908.0,1.0,,730.0,4.5,73.0,5.0,64409.0,3.0,1.0,1.0,3.0,3.0,,,,,
6449,52,59388.0,100.0,16849901.0,7.5,1.5,420.0,1962.0,,115542064.0,1.0,2.0,306.75,1.5,60.66,2.0,6449.0,2.75,2.0,3.0,2.5,2.0,2016.5,118.0,60.0,35.0,
64521,11,26789.0,150.0,16306539.0,9.0,4.1,925.0,1993.5,11.41,116239008.0,1.0,5.0,740.0,4.1,78.0,5.0,64521.0,2.0,2.0,2.0,2.0,3.0,2019.0,113.0,60.0,,
64546,40,29858.5,200.0,17041615.0,10.0,4.53,1200.0,1987.0,12.58,116227536.5,1.0,4.0,950.0,4.53,89.45,6.0,64546.0,3.0,1.0,3.0,3.0,4.0,2017.0,104.06,80.0,2374.5,
6456,2,77481.5,85.0,2464746.0,8.0,0.83,345.0,1976.0,0.7,98238688.5,1.0,3.0,230.0,0.83,50.195,1.0,6456.0,2.5,,,2.5,2.0,,99.4,60.0,,
64560,5,19007.0,180.0,15983745.0,12.0,3.99,880.0,1995.0,11.89,116883927.0,1.0,5.0,750.0,3.99,94.0,5.0,64560.0,3.0,1.5,2.5,3.0,4.0,2017.5,134.0,,,
64568,1,42788.0,150.0,182887.0,20.0,3.93,,1983.0,11.81,116615991.0,1.0,4.0,575.0,3.93,75.0,4.0,64568.0,2.0,1.0,2.0,2.0,3.0,2020.0,252.5,,,
64569,7,27698.0,150.0,15293427.0,10.0,4.0,865.0,1993.0,12.24,112259681.0,1.0,4.5,695.0,4.0,78.0,5.0,64569.0,2.0,1.0,2.0,2.0,3.0,2018.0,59.0,50.0,2.0,
64572,4,8311.5,210.0,17494105.0,10.0,4.45,1105.0,1985.0,11.9,117048562.5,1.0,4.0,870.0,4.45,88.5,6.0,64572.0,3.5,1.5,2.0,3.5,3.5,2018.0,172.0,,,
64577,1,21984.0,100.0,16798969.0,11.0,4.68,600.0,,11.84,109878814.0,,,500.0,4.68,50.0,3.0,64577.0,1.0,3.0,3.0,1.0,2.0,,,,,
64579,4,24717.0,175.0,17038220.0,8.5,4.19,840.0,1997.0,12.45,116998070.0,1.0,5.0,660.0,4.19,86.0,4.5,64579.0,3.5,2.0,3.0,3.5,3.5,2019.0,,,1.0,
64584,3,40873.0,160.0,16401342.0,14.0,4.98,960.0,1985.0,11.06,116701934.0,,4.0,800.0,4.98,80.0,5.0,64584.0,3.0,2.0,2.0,3.0,3.0,2015.0,135.0,39.0,,
64625,30,36095.5,185.0,16272647.5,11.5,4.76,1090.0,1996.0,11.15,116104021.0,1.0,5.0,910.0,4.76,90.0,6.0,64625.0,3.0,1.0,2.0,3.0,4.0,2017.5,105.05000000000001,80.0,2.0,
6463,2,41563.0,50.0,11541640.0,14.0,0.96,300.0,1850.0,,116347595.0,,1.0,250.0,0.96,49.5,1.0,6463.0,2.0,1.0,3.0,2.0,2.0,,95.0,,,
64637,1,65965.0,200.0,15305088.0,12.0,4.46,900.0,1974.0,11.14,114577880.0,1.0,3.0,680.0,4.46,75.0,5.0,64637.0,3.0,2.0,2.0,3.0,3.0,,174.9,,,
6464,4,73403.5,50.0,17782921.0,5.0,2.17,377.5,1994.0,,114739959.5,12.5,5.0,293.5,2.17,59.0,1.5,6464.0,2.5,2.5,3.5,2.5,2.5,2018.0,122.4,77.0,,
64646,21,24934.0,180.0,15420627.0,12.0,5.1,930.0,1976.0,11.16,116330603.0,1.0,3.0,750.0,5.1,75.0,5.0,64646.0,3.0,2.0,3.0,3.0,3.0,2020.0,95.8,175.0,1.0,
64653,3,77562.0,150.0,4917327.0,10.0,4.63,1040.0,2012.0,11.47,114136674.0,1.5,8.0,890.0,4.63,72.0,6.0,64653.0,2.0,0.5,3.0,2.0,3.0,,183.8,,2.0,
64658,4,16546.5,120.0,15514231.0,8.0,4.68,690.0,2017.0,8.71,117129733.5,1.0,9.0,690.0,4.68,61.035,4.5,64658.0,2.5,1.5,2.0,2.5,2.5,2019.0,69.25,,1.0,
6466,4,9578.5,160.0,354358.0,9.0,1.54,402.0,1955.0,,117238756.0,,2.0,242.0,1.54,58.935,1.0,6466.0,3.0,2.0,5.0,3.0,2.0,2016.0,106.0,,35.0,
64665,1,42883.0,,183867.0,15.0,4.37,,1905.0,11.01,116613669.0,2.0,1.0,1250.0,4.37,198.0,7.0,64665.0,6.0,,2.0,5.0,7.0,2007.0,88.9,,0.0,
64668,2,37761.0,147.5,9719048.0,5.0,4.795,752.5,2020.0,10.36,99752029.0,1.0,9.0,605.0,4.83,65.5,4.0,64668.0,2.5,2.0,3.0,2.5,3.0,2020.0,112.3,,,
6467,1,74255.0,,17782921.0,10.0,0.95,370.0,1960.0,,114649376.0,,2.0,270.0,0.95,49.0,1.0,6467.0,2.0,2.0,3.0,2.0,2.0,2019.0,123.6,,,
64673,3,44616.0,234.0,4917327.0,9.0,4.46,1150.0,2018.0,11.14,114249170.0,1.0,9.0,890.0,4.46,78.0,6.0,64673.0,2.0,2.0,3.0,2.0,3.0,2013.0,55.0,,2.0,
64678,1,19676.0,150.0,18594864.0,13.0,4.5,740.0,,8.16,117054924.0,,,590.0,4.5,70.0,4.0,64678.0,3.0,2.0,4.0,3.0,3.0,2020.0,,,,
64683,3,37123.0,250.0,5776672.0,9.0,4.96,1060.0,1994.5,12.29,116796969.0,1.5,5.5,1140.0,4.96,120.0,7.0,64683.0,3.0,2.0,3.0,3.0,5.0,2017.0,7.1,,2.0,
64689,1,31918.0,170.0,18471185.0,8.0,5.12,670.0,,15.37,116927607.0,1.0,,500.0,5.12,77.0,3.0,64689.0,2.0,,,2.0,3.0,2019.0,,,,
6469,1,72989.0,100.0,17782921.0,13.0,1.39,650.0,1944.0,,114776723.0,,1.0,450.0,1.39,90.0,3.0,6469.0,4.0,2.0,2.0,4.0,4.0,2015.0,172.5,100.0,,
64711,4,25615.5,130.0,9327859.0,9.5,3.44,555.0,1983.0,7.27,109693428.0,1.0,4.0,462.5,3.44,52.94,3.0,64711.0,2.0,1.5,3.0,2.0,2.0,2019.0,97.4,105.0,,
64720,7,28573.0,200.0,18291794.0,12.0,3.73,900.0,1972.0,7.98,116898227.0,1.5,3.0,700.0,3.73,100.0,5.0,64720.0,3.0,1.0,3.0,3.0,4.0,2018.0,127.0,150.0,,
64732,4,14832.0,100.0,16628362.5,10.5,3.41,775.0,1962.0,5.99,117133529.5,1.0,2.5,675.0,3.41,72.64,4.5,64732.0,2.5,2.0,3.0,2.5,3.5,2018.0,259.0,,,
64750,1,11996.0,180.0,18280988.0,6.0,4.03,965.0,,4.5,117186640.0,1.0,,785.0,4.03,102.0,5.0,64750.0,4.0,,,4.0,5.0,2019.0,,,,
64753,2,21489.5,195.0,17565110.5,13.0,4.27,870.0,1976.0,7.49,113718400.0,1.0,3.0,675.0,4.27,102.5,4.5,64753.0,3.5,0.0,2.0,3.5,4.5,2018.5,,,,
64756,2,37479.5,135.0,7936253.0,9.5,4.41,,,8.02,87706738.5,2.0,,505.0,4.41,80.0,3.5,64756.0,3.0,1.0,2.0,3.0,3.0,2018.0,,,,
64807,26,49820.5,141.445,2748328.5,4.0,4.31,460.0,1983.0,10.18,115714350.5,1.0,4.0,361.5,4.31,21.5,2.0,64807.0,1.0,2.0,2.0,1.0,1.0,2016.0,220.0,,3.0,
64823,6,16227.0,185.0,17433794.0,9.5,3.93,945.0,2007.0,10.79,117112429.0,1.0,7.0,775.0,3.93,79.3,5.0,64823.0,2.5,1.0,3.0,2.5,3.0,2009.5,87.5,,,
64832,6,18665.5,180.0,18520548.0,14.5,4.88,975.0,1988.0,11.37,116325370.0,1.0,4.0,775.0,4.88,108.5,5.0,64832.0,3.5,1.0,2.0,3.5,4.5,2018.0,96.26,90.0,,
64839,3,45563.0,180.0,16993684.0,14.0,4.27,980.0,1986.5,9.97,116518429.0,1.5,4.0,630.0,4.27,70.0,5.0,64839.0,2.0,4.0,4.5,2.0,3.0,2020.0,162.0,,,
6484,60,39841.5,70.0,11173219.0,10.5,1.52,499.45,1966.0,7.04,116466985.0,1.0,2.0,352.5,1.52,64.16499999999999,2.0,6484.0,3.0,2.0,3.0,3.0,3.0,2017.0,89.0,75.0,2.0,
64846,6,27400.5,180.0,10907885.5,12.5,4.36,1000.0,2001.0,10.41,116294635.0,1.0,6.0,850.0,4.36,75.0,5.5,64846.0,2.5,2.0,2.0,2.5,3.0,2017.5,,,,
64850,4,40873.0,125.0,16289262.5,9.0,3.7,950.0,1986.0,10.02,115892127.0,1.0,4.5,825.0,3.7,82.75,5.5,64850.0,3.75,2.0,2.0,3.5,3.5,2019.5,101.15,0.0,9876.0,
64853,1,16952.0,170.0,17794514.0,5.0,4.36,770.0,,10.41,117106237.0,1.0,,600.0,4.36,80.0,4.0,64853.0,2.5,1.0,2.0,2.0,3.0,,,,,
64859,3,60615.0,140.0,15839534.0,10.0,4.09,745.0,2011.5,9.66,111336847.0,1.5,7.5,605.0,4.09,65.0,5.0,64859.0,2.0,1.0,2.5,2.0,3.0,,37.1,,,
6493,13,49461.0,70.0,17424710.0,9.0,1.09,518.5,2008.0,6.86,116355316.0,1.0,7.0,365.0,1.09,70.0,2.0,6493.0,3.0,1.0,2.0,3.0,3.0,2019.0,161.1,80.0,,
6502,16,50416.5,100.5,16891621.5,5.0,1.29,505.0,1963.0,3.72,114785572.5,1.0,2.0,374.8,1.29,65.5,2.0,6502.0,2.75,2.0,3.0,2.5,3.0,2019.0,123.0,73.0,6.0,
65110,1,24217.0,195.0,18215913.0,19.0,3.7,865.0,2007.0,8.24,117016137.0,2.0,7.0,670.0,3.7,66.0,5.0,65110.0,3.0,0.0,4.0,3.0,3.0,,59.0,,,
65171,1,19484.0,250.0,15474980.0,24.0,2.14,1100.0,1999.0,8.44,117070006.0,1.0,5.0,850.0,2.14,65.0,6.0,65171.0,2.0,4.0,4.0,2.0,3.0,2019.0,,,,
65183,47,33541.0,220.0,15424543.0,12.0,2.38,1395.0,1900.0,7.76,116847849.0,1.0,1.0,1188.0,2.38,90.61,7.0,65183.0,3.0,2.0,4.0,3.0,4.0,2019.0,67.1,72.0,1.0,
65185,62,42091.5,160.0,15408196.5,12.0,2.38,1185.0,1905.5,7.76,115732157.0,1.0,1.0,997.5,2.38,80.655,6.0,65185.0,2.0,2.0,4.0,2.0,3.5,2019.0,120.5,90.0,1061.0,
65187,26,22650.5,150.0,15643386.5,11.0,2.14,1075.0,1961.0,8.44,116948987.5,1.0,2.0,925.0,2.14,72.0,6.0,65187.0,3.0,2.0,3.0,3.0,3.0,2018.0,120.0,45.46,1.0,
65189,32,33998.5,250.0,13672835.5,13.0,2.09,1410.0,1979.0,7.4,116343545.0,1.0,3.5,1209.0,2.09,94.0,7.0,65189.0,3.0,1.0,3.0,3.0,4.0,2020.0,124.0,138.0,2.0,
6519,1,24263.0,180.0,2112234.0,13.0,1.8,800.0,1972.0,7.76,117016404.0,,3.0,620.0,1.8,58.0,5.0,6519.0,2.0,1.0,3.0,2.0,2.0,,256.3,,20.0,
65191,25,51014.0,170.0,15764971.0,11.0,1.8,1271.0,1989.5,7.76,115923148.0,1.0,4.5,1150.0,1.8,85.0,7.0,65191.0,3.0,1.0,3.0,3.0,4.0,2018.5,127.0,105.5,1.0,87008.0
65193,52,45708.5,250.0,15424543.0,12.0,1.77,1530.0,1975.5,7.18,116386523.0,1.0,3.0,1382.5,1.77,103.275,7.0,65193.0,3.0,1.0,3.0,3.0,5.0,2019.0,115.3,65.0,1.0,
65195,46,30734.0,145.0,14984938.5,13.0,2.38,890.0,1907.5,7.76,116476219.0,1.0,1.0,789.5,2.38,69.0,5.0,65195.0,2.25,2.0,3.0,2.0,3.0,2019.0,153.8,70.0,1.0,
65197,44,27212.5,165.0,8056390.0,9.0,2.14,988.0,1972.0,8.44,116669287.5,1.0,3.0,816.7,2.14,75.5,6.0,65197.0,2.25,2.0,4.0,2.0,3.0,2020.0,112.45,107.0,1.0,
65198,1,23004.0,50.0,14672697.0,0.0,2.14,470.0,1900.0,8.44,117029031.0,,1.0,420.0,2.14,35.0,3.0,65198.0,1.0,0.0,4.0,1.0,1.0,2020.0,,,,
65199,10,37825.5,225.0,7241393.0,9.5,2.14,1040.0,1959.0,7.19,116786552.0,1.0,2.0,950.0,2.14,93.81,6.0,65199.0,3.0,2.0,2.5,3.0,4.0,2019.0,129.15,100.0,2360.5,
6520,1,39711.0,180.0,17043745.0,1.0,1.29,913.0,,3.72,116754913.0,,,733.0,1.29,99.2,5.0,6520.0,3.0,,,3.0,4.0,,,,,
65201,11,28873.0,180.0,16934170.0,18.0,2.42,1090.0,1965.0,8.04,116971672.0,1.0,2.0,1090.0,2.42,68.49,7.0,65201.0,2.0,1.0,2.5,2.0,3.0,2016.0,163.75,,1.0,
65203,32,25524.5,180.0,16211069.5,13.5,2.21,1060.0,1930.0,8.8,116759315.5,1.0,1.0,920.0,2.21,77.5,6.0,65203.0,3.0,1.0,3.0,3.0,3.0,2020.0,97.5,70.0,1.0,85912.0
65205,14,33542.0,185.0,3138508.5,12.5,1.98,1090.0,1988.5,7.96,116629281.5,1.0,4.5,870.0,1.98,82.24000000000001,6.0,65205.0,3.0,2.0,3.0,3.0,4.0,2017.0,109.0,64.5,1.0,
65207,23,23249.0,190.0,16934170.0,11.0,2.04,990.0,1983.0,6.57,116794817.0,1.0,4.0,890.0,1.79,77.0,6.0,65207.0,3.0,1.0,2.0,3.0,3.0,2020.0,123.69,180.0,2.0,
65232,40,31305.0,175.0,6054166.0,11.0,3.81,870.0,1972.0,7.44,116612307.5,1.0,3.0,645.0,3.81,74.215,5.0,65232.0,3.0,2.0,3.0,3.0,3.0,2019.0,132.0,72.5,2.0,
65239,11,46876.0,150.0,244587.0,4.0,4.24,892.96,2020.0,10.08,115611454.0,1.0,9.0,740.0,4.24,73.89,5.0,65239.0,3.0,2.0,3.0,3.0,3.0,2015.5,152.1,80.5,200.0,
6526,88,59099.5,87.25,5978171.0,11.0,2.58,495.0,1974.0,2.94,115753094.0,0.0,3.0,347.0,2.58,60.815,2.0,6526.0,3.0,4.0,5.0,3.0,2.0,2019.0,82.0,62.0,39.0,
6528,3,70369.0,90.0,5978171.0,5.0,2.08,310.0,1995.0,,85181937.0,1.0,5.0,220.0,,38.0,1.0,6528.0,2.0,1.0,3.0,2.0,1.0,2017.5,103.8,,1.0,
65292,1,18830.0,300.0,18321252.0,3.0,5.06,1350.0,,11.88,116933153.0,1.0,,1050.0,5.06,70.0,7.0,65292.0,3.0,1.0,3.0,3.0,3.0,,,,,90079.0
65307,16,40748.5,190.0,15662416.5,16.5,3.49,880.0,1972.0,6.19,116488901.5,1.0,2.5,695.5,3.49,80.0,5.0,65307.0,3.0,2.0,2.0,3.0,3.5,2020.0,108.0,,1.0,
65321,3,15100.0,180.0,18450551.0,6.0,3.05,780.0,1980.0,4.34,117116676.0,1.0,3.5,600.0,3.05,80.0,4.0,65321.0,3.0,2.0,3.0,3.0,3.0,2019.0,,,,
65326,2,47326.0,130.0,9306376.0,11.0,3.925,605.0,1966.5,4.03,90487485.5,1.0,2.0,475.0,4.34,99.5,3.0,65326.0,2.5,2.5,2.5,2.5,4.5,2011.5,199.0,,,
65329,1,30212.0,170.0,16346900.0,4.0,3.5,550.0,,3.59,116956220.0,,,380.0,3.5,63.0,2.0,65329.0,2.0,-1.0,3.0,2.0,3.0,2019.0,,,,
65343,7,9753.0,180.0,15764971.0,13.0,3.95,1055.0,1989.0,8.49,115671098.0,1.0,4.0,990.0,3.95,87.0,6.0,65343.0,3.0,1.0,3.0,3.0,4.0,2020.0,89.0,,1.0,
65345,3,36254.0,200.0,855856.0,13.0,3.85,1290.0,2020.0,8.49,116847527.0,1.0,9.0,1300.0,3.85,100.3,7.0,65345.0,3.0,2.0,2.5,3.0,4.0,,143.0,,240480.0,
65346,2,47296.5,155.0,2827886.5,17.0,3.95,950.0,1758.0,8.49,116248941.5,,5.0,1160.0,3.95,116.5,6.5,65346.0,2.25,,1.0,2.0,5.0,2011.0,97.1,,,
65347,2,46661.5,135.0,18340276.5,11.0,3.95,800.0,,8.49,112003419.0,1.0,,665.0,3.95,62.5,5.0,65347.0,2.0,2.5,2.5,2.0,2.5,,,,,
6536,1,83581.0,100.0,515012.0,1.0,4.73,,1988.0,,112428396.0,2.0,4.0,273.5,4.73,37.0,1.0,6536.0,2.0,,,2.0,1.0,2018.0,143.1,,,
65366,11,18105.0,214.0,855856.0,7.0,3.42,600.0,1909.0,6.54,113421878.0,1.0,1.5,400.0,3.42,35.0,2.0,65366.0,1.0,1.0,3.0,1.0,1.0,2020.0,,,240480.0,
65375,21,45783.0,160.0,15601489.0,7.0,3.75,830.0,2013.0,7.73,116365731.0,1.0,8.0,560.0,3.75,44.0,4.0,65375.0,1.0,1.0,2.0,1.0,2.0,2017.5,69.0,,32688.0,
65385,9,27238.0,205.5,4047144.0,17.0,3.49,1110.0,1953.0,6.48,114954046.0,1.0,2.0,725.0,3.49,86.0,5.0,65385.0,2.0,1.0,2.5,2.0,4.0,2019.0,111.0,32.0,240480.0,
65388,6,39410.5,195.0,16048595.5,13.5,3.32,970.0,1980.0,6.26,113847132.0,1.0,3.0,775.0,3.32,87.0,5.5,65388.0,2.5,1.0,2.0,2.5,4.0,2020.0,201.0,,,
65391,1,4452.0,180.0,15648937.0,8.0,3.09,730.0,,,71152063.0,1.0,,550.0,3.09,100.0,4.0,65391.0,4.0,2.0,3.0,4.0,4.0,,,,2.0,
65396,2,36638.0,138.5,8819958.0,10.5,3.62,1400.0,1857.5,8.285,115632268.5,,1.5,850.0,3.62,95.0,5.0,65396.0,3.0,2.0,3.0,3.0,4.0,2019.0,164.0,76.0,,
65399,1,20800.0,250.0,18622980.0,13.0,3.67,1240.0,,8.43,117055680.0,1.0,,990.0,3.67,110.0,6.0,65399.0,3.5,1.0,2.0,3.0,5.0,,,,,
6542,7,63251.0,100.0,385305.0,8.0,1.69,603.5,1925.0,0.64,106785676.0,1.0,1.0,420.0,1.69,93.21,3.0,6542.0,3.0,2.0,2.0,3.0,4.0,2002.0,168.8,100.0,3.0,
65428,45,28979.0,150.03,15405684.0,6.0,4.15,831.5,1975.0,12.18,116847002.0,1.0,3.0,650.0,4.15,64.7,5.0,65428.0,2.0,1.0,3.0,2.0,3.0,2020.0,95.0,68.0,62527019.0,90152.0
65439,13,35329.0,140.0,16934170.0,8.0,3.71,1088.28,2004.0,9.6,113538870.0,1.0,6.0,890.0,3.71,70.0,6.0,65439.0,3.0,2.0,2.0,3.0,3.0,2018.0,11.0,70.0,1.0,
65451,25,21489.0,120.0,908534.0,7.0,4.28,1160.0,2019.0,12.48,116867417.0,1.0,9.0,980.0,4.28,44.0,6.0,65451.0,2.0,1.0,2.0,2.0,2.0,2019.0,28.0,,6010.0,
65462,12,12260.0,151.0,6755958.0,7.5,4.38,944.8,1983.0,12.71,117042125.5,1.0,4.0,779.8,4.38,75.155,5.0,65462.0,3.0,2.0,3.0,3.0,3.0,2019.0,89.0,28.0,,
65468,10,31255.5,190.0,15777713.5,10.5,3.93,750.0,1986.0,11.81,115884585.0,1.0,4.0,685.0,3.93,58.0,5.0,65468.0,2.0,1.0,2.0,2.0,2.0,2016.5,149.4,,1.0,
65474,8,30005.0,130.0,9979617.5,6.5,4.95,813.52,1994.0,12.02,116434646.5,1.0,5.0,546.76,4.95,61.8,4.0,65474.0,2.5,1.0,2.0,2.5,2.5,2006.0,86.5,50.0,3.0,
65479,10,49263.0,200.0,17174729.5,11.5,5.78,950.0,1993.0,13.28,110579477.5,1.0,5.0,775.0,5.78,51.0,5.0,65479.0,2.0,2.0,2.0,2.0,2.0,2018.0,162.0,80.0,1.0,87137.0
65488,2,46417.0,200.0,940428.0,16.0,5.165,1515.0,2017.0,9.36,114236290.0,1.0,9.0,1415.0,5.165,82.0,7.5,65488.0,2.5,1.0,5.0,2.0,4.0,,,0.0,,
65510,46,38482.0,200.0,16626966.0,11.0,3.7,1030.0,2011.0,8.24,115744383.5,1.0,8.0,852.5,3.7,82.5,6.0,65510.0,3.0,1.0,3.0,3.0,3.5,2019.0,64.1,65.0,100.0,
65520,13,36900.0,200.0,15547178.0,11.0,3.47,845.0,1980.0,3.55,116610219.0,1.0,3.0,750.0,3.47,98.0,5.0,65520.0,3.0,1.0,2.0,3.0,4.0,2018.5,118.05,,1.0,
65521,1,42019.0,200.0,15864161.0,0.0,3.47,560.0,1975.0,3.55,116647727.0,,3.0,560.0,3.47,75.0,4.0,65521.0,3.0,2.0,2.0,3.0,3.0,2020.0,,,,
65527,15,27935.0,200.0,15302983.0,11.0,3.67,1050.0,1971.0,6.98,116834444.0,1.0,3.0,800.0,3.67,79.0,5.0,65527.0,3.0,1.0,2.0,3.0,3.0,2018.5,142.4,77.5,35286.0,
65529,3,29476.0,170.0,16457208.0,17.0,4.29,740.0,1999.0,6.27,89382053.0,1.0,5.0,620.0,4.31,78.0,5.0,65529.0,2.0,1.0,2.5,2.0,3.0,2017.0,,,,
65549,46,32855.0,185.0,15930551.0,10.0,4.23,867.5,1974.0,4.22,116324379.0,1.0,3.0,687.5,4.23,88.3,5.0,65549.0,3.0,2.0,3.0,3.0,4.0,2018.0,125.0,80.0,2.0,
65550,2,59062.0,125.0,10097440.5,10.5,4.23,790.0,1991.0,4.22,115657009.5,1.0,4.5,665.0,4.23,89.935,4.5,65550.0,2.75,1.5,2.0,2.5,4.0,2019.0,99.9,,,
65551,1,77663.0,300.0,18487868.0,0.0,4.23,980.0,1968.0,4.22,114112150.0,,2.0,680.0,4.23,70.0,5.0,65551.0,3.0,1.0,2.0,3.0,3.0,2019.0,,,,
65552,1,16832.0,150.0,18612841.0,4.0,4.1,1129.0,2020.0,4.22,116835668.0,,9.0,979.0,4.1,89.0,6.0,65552.0,3.0,2.0,3.0,3.0,4.0,,,,,
65556,4,27216.5,135.0,1854738.0,5.0,4.23,555.0,,4.22,116955281.0,,,420.0,4.23,64.0,3.0,65556.0,2.0,1.0,3.0,2.0,3.0,,,,,
65558,4,2603.5,150.0,18397908.5,7.0,2.145,545.0,2006.0,10.11,117288106.5,1.0,7.0,395.0,2.145,63.0,2.5,65558.0,2.5,1.0,2.0,2.5,2.5,,,,,
6556,7,75032.0,54.0,3520254.0,8.0,2.01,363.05,1972.0,2.64,114544592.0,1.0,3.0,228.1,2.01,54.36,1.0,6556.0,3.0,2.0,3.0,3.0,2.0,,115.0,87.45,2.0,
65582,9,26911.0,150.0,17337797.0,9.0,4.23,670.0,1994.0,10.54,116918181.0,1.0,5.0,570.0,4.23,75.0,4.0,65582.0,2.5,1.0,2.0,2.0,3.0,2015.0,131.0,,,
65589,13,19741.0,170.0,17934385.0,9.0,3.34,725.0,1993.0,2.45,116968633.0,1.5,5.0,560.0,3.34,76.0,4.0,65589.0,2.0,1.0,2.0,2.0,3.0,2019.0,152.75,,301.0,
65594,4,30187.5,160.0,9824675.0,15.0,3.38,730.0,1986.0,1.17,116029465.0,1.0,4.0,555.0,3.38,80.0,4.0,65594.0,2.75,0.0,3.0,2.5,3.0,2018.0,150.3,,32.0,
65597,14,10851.0,152.5,17834004.0,9.5,3.61,800.0,,3.7,117224463.0,2.0,,640.0,3.61,66.0,5.0,65597.0,2.0,2.0,3.0,2.0,3.0,2020.0,130.0,80.0,,
65599,1,53817.0,150.0,16960888.0,10.0,1.89,550.0,1995.0,,83284754.0,1.0,5.0,400.0,,70.0,2.0,65599.0,3.0,3.0,3.0,3.0,3.0,2005.0,,,,
65604,2,31027.0,140.0,8820704.5,9.0,3.7,420.0,1994.0,3.79,76072381.5,,5.0,375.0,4.17,49.11,2.0,65604.0,2.0,2.0,2.0,2.0,2.0,2019.0,131.0,,1.0,
65606,2,50252.5,175.0,2899046.5,20.5,3.49,780.0,1953.0,2.32,116179104.0,1.5,1.5,540.0,3.49,85.0,3.5,65606.0,3.0,1.5,2.0,3.0,4.0,,231.65,,,
65611,3,30815.0,185.0,18617576.0,13.0,3.39,885.0,2007.0,1.03,116946393.0,1.0,7.0,700.0,3.41,74.31,5.0,65611.0,2.0,0.0,2.0,2.0,3.0,2016.0,,,,
65618,3,61519.0,265.0,5390877.0,14.0,3.865,850.0,2009.0,1.0150000000000001,109845672.0,1.0,7.0,850.0,3.865,130.0,6.0,65618.0,3.0,1.0,2.0,3.0,6.0,2013.0,,,0.5,
65620,1,75415.0,230.0,8169674.0,9.0,3.37,725.0,,-0.44,114485570.0,1.0,,550.0,3.37,81.0,4.0,65620.0,3.0,,,3.0,4.0,,,,,
65623,2,53968.0,125.0,375553.0,4.0,3.0,475.0,1965.5,9.3,116015110.0,,2.5,350.0,3.0,66.47999999999999,2.0,65623.0,3.0,0.5,,3.0,3.0,,,,4711.0,
65624,1,2194.0,180.0,4847073.0,8.0,3.45,775.0,1939.0,,62120388.0,1.0,1.0,595.0,,91.0,4.0,65624.0,4.0,1.0,2.0,4.0,4.0,,90.4,,,
65626,1,26242.0,180.0,3974372.0,11.0,3.85,770.0,1994.0,11.92,116997508.0,,5.0,590.0,3.85,95.0,4.0,65626.0,3.0,3.0,3.0,3.0,4.0,,,,,
65627,2,65495.0,0.0,15115406.5,7.5,2.84,615.0,2004.0,1.58,87176297.5,1.0,6.0,615.0,2.84,84.5,4.5,65627.0,3.0,0.5,1.5,3.0,3.5,2012.0,,0.0,,
6567,15,68225.0,110.0,3461751.0,7.0,1.83,375.0,1980.0,4.3,115238376.0,1.0,3.0,240.0,1.83,48.82,1.0,6567.0,2.0,3.0,4.0,2.0,2.0,,97.0,,8.0,
6571,7,74820.0,50.0,17027783.0,4.0,0.84,460.0,1964.0,1.32,114319251.0,1.0,2.0,300.0,0.84,65.75,1.0,6571.0,3.0,1.0,1.5,3.0,3.0,,176.5,120.0,1.0,
65719,29,21552.0,190.0,15970484.0,12.0,3.88,1260.0,1975.0,9.76,116361538.0,1.0,3.0,1030.0,3.88,86.0,7.0,65719.0,3.0,1.0,2.0,3.0,4.0,2017.5,121.64,120.0,1.5,
65760,28,25814.0,170.0,17214837.0,10.5,3.99,1195.0,1999.0,12.04,115982172.5,1.0,5.0,1052.5,3.99,85.0,7.0,65760.0,3.0,1.0,3.0,3.0,4.0,2019.0,113.7,,2.0,
65779,35,20521.0,200.0,16411649.0,10.0,3.83,1250.0,1971.0,9.96,116898215.0,1.0,3.0,900.0,3.83,87.0,6.0,65779.0,3.0,1.0,3.0,3.0,4.0,2019.5,130.0,60.0,10.0,
65780,1,21007.0,160.0,4852573.0,7.0,4.12,1264.0,2011.0,9.84,63752623.0,1.0,8.0,1104.0,4.12,92.0,7.0,65780.0,3.0,1.0,1.0,3.0,4.0,2020.0,,,7.0,
65795,15,29321.0,200.0,7160960.0,11.0,4.12,1207.5,1998.0,9.84,116782261.0,1.0,5.5,1000.0,4.12,83.5,6.0,65795.0,3.0,2.0,3.0,3.0,4.0,2019.0,100.0,90.0,2.5,
65812,31,26345.0,230.0,4425040.0,13.0,3.73,1192.5,1972.0,9.75,116862963.0,1.0,3.0,1150.0,3.73,88.0,7.0,65812.0,3.0,1.0,3.0,3.0,4.0,2018.0,125.0,50.0,20.0,
65817,14,14540.0,215.0,10371968.5,14.0,4.08,1175.0,2008.0,8.63,117139090.5,1.5,7.0,975.0,4.08,85.5,6.0,65817.0,3.0,1.0,3.0,3.0,4.0,2017.5,67.0,,4711.0,
65824,13,27259.0,180.0,16317598.0,9.0,4.33,1090.0,1993.0,10.51,116452438.0,1.0,5.0,940.0,4.33,75.75,6.0,65824.0,3.0,2.0,2.0,3.0,3.0,2020.0,104.05,60.0,111.5,
65830,10,25232.0,225.0,5308154.5,9.5,4.08,1239.5,1989.5,10.51,116664158.5,1.0,4.0,974.5,4.08,84.0,6.0,65830.0,3.0,2.0,4.0,3.0,3.5,,128.2,,4.5,
65835,5,20793.0,200.0,15488894.0,9.0,4.15,1000.0,1974.0,9.47,116172132.0,1.5,3.0,875.0,4.15,80.0,6.0,65835.0,3.0,1.0,3.0,3.0,3.0,2019.0,153.2,,,
65843,8,15856.0,240.0,12174030.5,11.5,4.12,1280.0,2017.0,10.59,116994773.5,1.5,8.5,1145.0,4.12,88.14500000000001,7.0,65843.0,3.0,1.0,3.0,3.0,4.0,2020.0,82.9,,2.0,
65882,1,27909.0,150.0,18619106.0,3.0,4.23,950.0,1925.0,10.54,116980897.0,1.0,1.0,950.0,4.23,100.0,6.0,65882.0,4.0,2.0,2.0,4.0,4.0,2020.0,,,,
65929,21,20383.0,155.0,1230329.0,10.0,4.96,1185.0,1930.0,11.88,116053872.0,1.0,1.0,1050.0,4.96,72.0,7.0,65929.0,3.0,1.0,3.0,3.0,3.0,2019.0,170.0,35.0,30.0,90079.0
65931,12,51277.5,95.0,17731083.0,5.0,5.11,829.6949999999999,2019.0,8.78,116207919.5,1.0,9.0,780.0,5.11,48.5,5.5,65931.0,2.0,1.0,3.0,2.0,2.0,2020.0,110.0,42.0,630.0,
65933,17,30517.0,160.0,16772543.0,10.0,5.25,1245.0,2012.0,11.44,116364075.0,1.0,8.0,1050.0,5.25,78.0,7.0,65933.0,2.5,2.0,3.0,2.0,3.0,2013.0,119.8,87.0,2406.5,
65934,8,25798.5,182.5,18479737.5,12.5,5.33,990.0,1995.5,10.26,116209209.5,1.0,5.0,800.0,5.33,60.0,5.0,65934.0,2.0,3.0,3.5,2.0,2.5,2016.0,,,,
65936,5,11001.0,215.0,15424543.0,15.0,5.0,1170.0,1994.0,9.44,117217543.0,1.0,5.0,541.0,5.0,43.15,4.0,65936.0,2.0,0.0,2.0,2.0,2.0,2020.0,203.125,,1.0,
66111,36,48050.0,140.0,14065870.5,9.0,2.18,905.0,1990.0,5.58,116328124.5,1.0,4.0,600.0,2.18,69.0,4.0,66111.0,2.0,2.0,4.0,2.0,3.0,2020.0,54.2,94.0,201.0,
66113,23,57794.0,150.0,15666227.0,8.0,2.18,577.5,1970.0,5.58,114777779.0,1.0,2.0,425.0,2.18,54.0,3.0,66113.0,2.0,2.0,3.0,2.0,2.0,2016.0,136.1,59.0,37000.0,
66115,10,43340.5,100.0,17475251.5,8.5,2.18,570.0,1972.0,5.58,116237985.5,,3.0,442.5,2.18,66.0,3.0,66115.0,2.5,1.5,2.5,2.0,3.0,2017.0,141.0,40.0,1.0,
66117,24,54609.5,145.0,17204384.0,8.0,2.18,785.0,1972.5,5.58,115666664.0,1.0,3.0,560.0,2.18,75.0,4.0,66117.0,3.0,2.0,4.0,3.0,3.0,2018.0,105.785,55.0,62.0,
66119,20,33749.5,150.0,15518998.5,7.5,2.18,670.0,1972.0,5.58,115889230.0,1.0,3.0,480.0,2.18,66.0,3.0,66119.0,2.0,1.0,2.5,2.0,3.0,2015.0,137.8,80.0,20089009.0,
66121,23,45682.0,185.0,17207635.0,10.0,2.18,822.5,1965.0,5.58,115810626.0,1.0,2.0,630.0,2.18,81.0,5.0,66121.0,3.0,1.0,3.0,3.0,4.0,2018.5,126.65,80.0,1.0,
66123,16,29661.0,132.5,17523590.0,9.0,2.18,505.0,1973.0,5.58,116901400.0,1.0,3.0,452.5,2.18,55.795,3.0,66123.0,2.0,1.0,3.0,2.0,2.0,2018.0,143.5,70.0,1.0,
66125,19,40969.0,117.5,15750166.0,9.0,2.18,600.0,1972.0,5.58,115804266.0,1.0,3.0,500.0,2.18,66.0,3.0,66125.0,2.0,2.0,3.0,2.0,3.0,2019.0,127.9,,,
66126,2,13797.0,200.0,17233179.0,5.5,2.18,615.0,1199.0,5.58,117182143.5,,1.0,540.0,2.18,80.0,4.0,66126.0,3.5,2.0,2.0,3.5,3.5,2019.5,,,,
66127,1,80623.0,200.0,15750166.0,6.0,2.18,650.0,1992.0,5.58,113232198.0,,5.0,450.0,2.18,64.0,3.0,66127.0,3.0,2.0,2.0,3.0,3.0,,122.3,,,
66128,2,32890.0,225.0,16709911.0,16.0,2.585,1020.0,2013.0,5.58,111321753.0,2.0,8.0,795.0,2.18,86.5,5.5,66128.0,3.0,1.0,2.0,3.0,4.0,2018.0,,,,
66129,1,32549.0,200.0,16574989.0,9.0,2.18,,1999.0,5.58,116919532.0,1.0,5.0,475.0,2.18,75.0,3.0,66129.0,3.0,,3.0,3.0,3.0,,43.9,,,
66130,12,51878.0,100.0,17344579.0,11.0,2.18,640.0,1984.0,5.58,115395143.5,1.0,4.0,550.0,2.18,73.0,4.0,66130.0,3.0,2.0,3.0,3.0,3.0,2020.0,144.4,70.0,,
66131,1,51027.0,250.0,17662639.0,1.0,2.18,,,5.58,116233804.0,,,550.0,2.18,68.0,4.0,66131.0,3.0,,2.0,3.0,3.0,,,,,
66132,5,26860.0,180.0,17323839.0,9.0,2.18,1000.0,1995.0,5.58,116888308.0,2.0,5.0,480.0,2.18,64.0,3.0,66132.0,2.0,2.0,3.0,2.0,3.0,2017.0,114.6,,2.0,
66133,2,63527.5,105.0,15205715.5,4.0,2.18,315.0,1992.5,5.58,85920932.5,,5.0,220.0,2.18,25.0,1.0,66133.0,1.0,1.0,,1.0,1.0,,,,,
6618,178,63060.5,95.5,525198.0,7.0,1.68,505.0,1959.0,1.88,114796706.5,1.0,2.0,365.5,1.68,61.745000000000005,2.0,6618.0,3.0,2.0,3.0,3.0,3.0,2014.0,106.0,42.0,7.0,
66265,2,34456.0,175.0,16878448.0,11.5,1.72,900.0,1985.0,4.81,116703707.5,,5.5,590.0,1.72,62.52,4.0,66265.0,2.5,1.0,2.0,2.5,2.5,,33.5,,,
66271,1,18620.0,100.0,16431523.0,8.0,1.15,590.0,1961.0,-0.15,115131783.0,,2.0,490.0,1.15,78.0,3.0,66271.0,3.5,0.0,2.0,3.0,3.0,2016.0,,,,
6628,11,56424.0,140.0,1248712.0,4.0,1.1,491.0,1970.0,3.02,115688357.0,1.0,2.0,347.0,1.1,59.8,2.0,6628.0,2.5,2.0,3.0,2.0,2.0,2015.0,93.5,80.0,37.0,
66280,6,44876.0,110.0,16418569.5,7.0,0.83,495.0,1977.0,3.7,116483433.5,1.0,3.5,372.5,0.83,56.5,2.0,66280.0,2.0,2.0,2.0,2.0,2.5,2018.0,112.1,60.0,,
66287,3,12553.0,120.0,18626004.0,6.0,1.17,630.0,1961.0,1.63,117172022.0,2.0,3.0,500.0,1.17,82.0,3.0,66287.0,3.5,0.0,0.0,3.0,4.0,2005.0,71.0,95.0,,
66292,6,36236.5,155.0,17659088.0,11.5,1.1,587.5,1996.0,2.69,116232125.0,1.0,5.0,545.0,1.1,75.0,4.0,66292.0,3.0,1.0,3.0,3.0,3.0,2019.0,89.9,,,
66299,1,83792.0,220.0,17662681.0,10.0,1.78,,,3.09,112337001.0,,,390.0,1.78,70.0,2.0,66299.0,2.0,,,2.0,3.0,,,,,
6632,7,73983.0,90.0,16567584.0,6.0,2.53,350.0,1925.0,0.23,114104254.0,1.0,1.0,250.0,2.53,56.0,1.0,6632.0,2.0,2.0,2.0,2.0,2.0,2018.0,136.3,65.0,7.0,
66333,13,50966.0,150.0,15785289.0,7.0,1.5,631.5,1970.5,3.26,114325559.0,1.0,2.5,440.0,1.5,71.0,3.0,66333.0,3.0,2.0,2.0,3.0,3.0,2018.5,104.6,80.0,2.0,
66346,6,76965.5,120.0,17662306.0,9.5,1.15,718.0,2009.5,4.9,113277074.5,1.0,7.5,670.0,1.15,81.95,4.5,66346.0,2.0,1.0,3.0,2.0,3.5,2010.0,110.5,86.5,,
66352,1,1780.0,165.0,15740406.0,10.0,0.0,,2003.0,-5.64,65304542.0,2.0,6.0,480.0,0.0,86.0,3.0,66352.0,5.0,1.0,,5.0,4.0,,,,,
66359,1,32065.0,250.0,18615922.0,12.0,1.83,750.0,1964.0,10.44,116925256.0,1.0,2.0,500.0,1.83,99.0,3.0,66359.0,3.0,2.0,2.0,3.0,4.0,2020.0,,,,
6636,3,64059.0,60.0,116126.0,8.0,-0.4,400.0,1967.0,,107467701.0,0.0,2.5,280.0,-0.4,57.73,1.0,6636.0,3.0,3.5,3.0,3.0,2.0,2020.0,,60.0,,
66386,6,41659.5,185.0,18400722.5,6.0,3.12,670.0,1925.5,4.94,116670065.0,1.0,1.0,470.0,3.12,76.5,3.0,66386.0,3.0,3.0,3.0,3.0,3.0,2018.0,140.0,,,
66424,35,40872.0,162.5,16891092.0,8.0,3.51,832.7,1980.0,5.91,115515465.0,1.0,3.0,650.0,3.51,93.0,5.0,66424.0,3.0,1.0,3.0,3.0,4.0,2019.0,108.0,77.22,,
66440,2,52858.5,240.0,16390854.5,4.0,2.99,560.0,1974.0,4.34,101681894.0,1.0,3.0,665.0,2.41,113.0,4.5,66440.0,3.5,1.5,2.0,3.5,5.0,1998.0,21.0,,,
66450,6,46006.5,105.0,16631273.0,12.5,3.39,560.0,1969.0,5.07,116377727.0,1.0,2.5,472.5,3.39,70.5,3.0,66450.0,3.0,2.0,2.5,3.0,3.0,,171.8,,,
66459,1,15863.0,250.0,17659099.0,9.0,3.49,1150.0,1995.0,5.52,117123299.0,,5.0,900.0,3.49,160.0,6.0,66459.0,4.0,2.0,,4.0,7.0,,70.2,,,
6647,3,80683.0,180.0,18433813.0,13.0,2.5,593.0,1920.0,-2.96,113467955.0,1.0,1.0,360.0,2.5,90.0,2.0,6647.0,4.0,1.0,3.0,4.0,4.0,2019.0,132.8,,1000.0,
6648,2,55433.5,122.5,1239185.0,4.0,-0.195,,1995.0,-5.01,100633100.0,1.0,5.0,292.5,-0.39,51.5,1.5,6648.0,2.0,1.5,2.0,2.0,2.0,,93.0,,1000.0,
66482,31,55892.0,130.0,5427039.0,4.0,1.9,580.0,1960.0,2.44,115344541.0,1.0,2.0,390.0,1.9,70.0,2.0,66482.0,3.0,2.0,3.0,3.0,3.0,2018.5,146.15,102.5,,
66484,1,39840.0,130.0,17684216.0,7.0,0.82,380.0,1982.0,,106490051.0,,4.0,250.0,0.82,38.0,1.0,66484.0,1.0,0.0,,1.0,1.0,2016.0,165.3,,,
66497,4,12673.0,120.0,9139511.5,9.0,3.2,875.0,1996.0,8.14,117165296.5,1.5,5.0,515.0,3.2,90.5,3.5,66497.0,3.0,2.0,2.0,3.0,4.0,2019.0,100.0,,9849264.0,
66538,21,40704.0,120.0,11165275.0,8.0,2.91,537.5,1956.0,4.48,116613048.0,1.0,2.0,415.0,2.91,75.0,3.0,66538.0,2.5,2.0,3.0,2.0,3.0,2019.0,107.0,20.0,,
66539,2,70458.5,331.0,9164289.5,8.0,2.91,951.5,1986.5,4.48,115036620.5,1.0,4.0,620.5,2.91,106.0,4.0,66539.0,3.5,,1.5,3.5,4.5,,83.3,,,
66540,3,62510.0,100.0,12723595.0,4.0,3.07,375.0,1920.0,5.18,109882582.0,,1.0,275.0,3.4050000000000002,53.0,1.0,66540.0,2.0,1.5,,2.0,2.0,,,50.0,,
66557,1,27867.0,98.0,15814283.0,8.0,2.53,348.0,,6.98,116981074.0,,,250.0,2.53,35.0,1.0,66557.0,1.0,1.0,2.0,1.0,1.0,2016.0,,,,
66564,9,70651.0,150.0,16150157.0,8.0,2.43,700.0,1962.0,4.27,114985002.0,3.0,2.0,450.0,2.43,85.0,3.0,66564.0,3.0,1.5,2.0,3.0,4.0,2013.0,209.0,100.0,0.0,
66571,1,69543.0,150.0,648913.0,1.0,2.27,550.0,1980.0,4.75,115147391.0,,3.0,400.0,2.27,70.0,2.0,66571.0,1.0,1.0,1.0,1.0,3.0,,,,,
66578,1,64819.0,200.0,669480.0,10.0,1.86,700.0,1950.0,6.59,115468340.0,1.0,1.0,500.0,1.86,100.0,3.0,66578.0,3.0,2.0,3.0,3.0,4.0,,357.5,,,
66583,4,22948.0,100.0,17341089.5,6.5,2.15,610.0,1960.0,4.42,113602616.5,1.0,2.0,492.5,2.15,84.5,3.5,66583.0,3.0,3.0,3.0,3.0,4.0,,197.05,90.0,,
66606,9,40522.0,130.0,16862068.0,9.0,3.45,860.0,2005.5,12.12,116154443.0,1.0,7.0,650.0,3.45,77.87,5.0,66606.0,3.0,1.0,3.0,3.0,3.0,2019.0,37.5,70.0,,
66620,1,4294.0,60.0,3683740.0,12.0,3.26,650.0,1999.0,14.79,117334151.0,,5.0,590.0,3.26,99.0,4.0,66620.0,3.0,2.0,2.0,3.0,4.0,,119.51,,,
66625,1,50055.0,200.0,970585.0,13.0,2.79,750.0,1935.0,13.27,116324750.0,,1.0,550.0,2.79,116.0,4.0,66625.0,4.0,,2.0,4.0,5.0,,196.3,,,
66636,1,2237.0,180.0,18630500.0,0.0,4.49,730.0,,8.87,117359978.0,1.0,,550.0,4.49,80.0,4.0,66636.0,2.5,,,2.0,3.0,2017.0,,,,
66649,1,42800.0,250.0,18606204.0,11.0,2.94,850.0,,9.97,116615874.0,1.0,,600.0,2.94,140.0,4.0,66649.0,5.0,,,5.0,6.0,,,,,
66663,17,41186.0,130.0,16574989.0,8.0,5.43,630.0,2015.5,4.68,116399171.0,1.0,8.5,520.0,5.43,77.0,4.0,66663.0,3.0,1.0,2.0,3.0,3.0,2017.5,87.35,0.0,,
6667,156,63256.5,95.0,8785876.0,8.0,0.58,444.38,1935.0,2.54,114970500.0,1.0,1.0,300.0,0.58,58.735,1.0,6667.0,3.0,2.0,3.0,3.0,2.0,2017.0,109.5,71.1,1.0,
66679,2,47731.0,120.0,16563497.5,7.5,5.505,520.0,2019.0,6.29,115220499.0,1.0,9.0,709.0,5.505,89.5,4.5,66679.0,3.0,1.0,2.5,3.0,3.5,,,,,
6668,2,71402.5,90.0,15639759.0,11.0,1.09,495.0,,7.62,114742501.0,,,405.0,1.09,63.41,2.5,6668.0,2.5,1.0,2.0,2.5,3.0,2019.5,,,1.0,
66687,1,8473.0,145.0,5394580.0,8.0,3.69,,2009.0,5.4,117285446.0,1.0,7.0,525.0,3.69,61.7,4.0,66687.0,2.0,0.0,,2.0,3.0,,66.5,,,
66693,5,43930.0,200.0,17662665.0,10.0,4.69,1007.0,1961.5,1.9,116575151.0,2.5,2.0,725.0,4.69,90.0,5.0,66693.0,3.0,2.0,2.0,3.0,4.0,2018.0,130.8,100.0,,
66701,6,51820.5,140.0,16699104.0,11.0,5.04,600.0,2012.0,2.33,114818977.5,1.0,8.0,548.5,5.04,86.5,4.0,66701.0,3.75,2.0,2.0,3.5,4.0,2014.5,,,,
66706,2,45251.0,165.0,16547773.5,15.5,5.42,800.0,1998.0,2.65,116336670.0,2.0,5.0,860.0,5.42,111.5,6.0,66706.0,4.0,0.0,0.0,4.0,5.0,2020.0,,,,
66740,32,44712.0,150.0,17638167.5,10.0,2.46,660.0,1996.0,8.69,115582954.5,1.0,5.0,635.0,2.46,79.0,5.0,66740.0,3.0,2.0,3.0,3.0,3.0,2019.0,101.0,53.5,3.0,
66763,10,59198.0,115.0,17613858.0,9.0,2.38,600.0,1993.0,8.25,112651854.0,1.0,5.0,555.0,2.38,93.0,4.0,66763.0,3.5,2.0,3.5,3.5,4.0,,89.0,,,
66787,5,35357.0,135.0,17495952.0,11.0,1.24,700.0,1955.0,7.15,115633895.0,1.0,2.0,550.0,1.24,85.0,4.0,66787.0,3.0,1.0,2.0,3.0,4.0,2019.5,195.39999999999998,52.5,,
66793,3,17705.0,180.0,18006545.0,0.0,1.84,750.0,1973.0,7.84,117093962.0,1.0,3.0,570.0,1.84,80.0,4.0,66793.0,3.0,2.0,3.0,3.0,3.0,2018.5,,50.0,,
66806,1,58990.0,150.0,15483660.0,13.0,2.31,870.0,,9.08,115755536.0,,,720.0,2.31,114.0,5.0,66806.0,3.5,,2.0,3.0,5.0,,,,,
66809,1,4139.0,,17662643.0,18.0,0.51,,,7.98,117336085.0,,,550.0,0.51,80.0,4.0,66809.0,3.0,3.0,3.0,3.0,3.0,,,,,
6682,8,71640.5,74.5,17024053.0,8.5,0.0,402.1,1988.0,10.28,96189904.0,0.0,4.0,282.7,-0.0049999999999999906,60.73,1.5,6682.0,3.0,1.0,2.0,3.0,2.5,2019.0,189.0,72.5,66.0,
66822,1,22044.0,150.0,18621791.0,2.0,1.14,950.0,2020.0,7.29,117041706.0,1.0,9.0,800.0,1.14,94.0,5.0,66822.0,3.5,1.0,1.0,3.0,4.0,,,,,
66839,1,9372.0,230.0,18628275.0,0.0,2.1,830.0,1965.0,5.39,117266298.0,,2.0,600.0,2.1,120.0,4.0,66839.0,4.0,1.0,2.0,4.0,5.0,2018.0,,,,
66849,3,51241.0,115.0,12723595.0,7.0,2.89,675.0,1952.0,8.43,116120017.0,1.0,2.0,700.0,2.89,106.0,5.0,66849.0,3.0,2.0,3.0,3.0,5.0,2020.0,,,,
66851,1,35507.0,160.0,16540842.0,8.0,2.25,,1971.0,6.92,116866469.0,,3.0,450.0,2.25,90.0,3.0,66851.0,3.0,,,3.0,4.0,,,,,
6686,16,65861.0,87.2,15512244.0,7.0,1.09,468.0,1956.0,7.62,114574020.5,1.0,2.0,336.5,1.09,63.22,2.0,6686.0,2.5,1.0,3.0,2.5,3.0,2019.0,111.0,65.0,0.0,
66869,5,22581.0,80.0,12723595.0,10.0,2.51,460.0,1977.0,0.61,116804397.0,,3.0,330.0,2.51,62.0,2.0,66869.0,2.0,2.0,3.0,2.0,3.0,,209.5,80.0,,
66877,1,54166.0,250.0,16540842.0,11.0,3.61,820.0,1977.0,9.76,116048636.0,,3.0,570.0,3.61,88.0,4.0,66877.0,4.0,,3.0,4.0,4.0,,216.0,,,
6688,1,77350.0,120.0,285324.0,9.0,1.52,346.0,,,114180390.0,,,226.0,1.52,41.25,1.0,6688.0,1.0,0.0,2.0,1.0,2.0,,,66.0,,
66892,1,19891.0,200.0,18374680.0,10.0,3.2,900.0,,5.95,117065747.0,1.0,,700.0,3.2,118.0,5.0,66892.0,4.0,2.0,2.0,4.0,5.0,,,,,
66901,2,45253.5,119.0,16342581.5,7.5,2.55,629.0,,2.49,116160431.0,,,510.0,2.55,65.0,3.5,66901.0,2.0,0.0,2.0,2.0,2.5,,,60.0,,
66904,1,83679.0,190.0,12585483.0,2.0,2.05,,1995.0,-1.7,112389128.0,,5.0,400.0,2.05,84.27,2.0,66904.0,3.0,2.0,,3.0,4.0,,95.3,,,
66914,2,41225.5,107.5,16813637.0,10.5,3.71,957.5,,3.73,115990057.5,1.5,,850.0,3.71,97.0,5.5,66914.0,3.5,3.0,3.0,3.5,4.0,2019.0,,,,
66916,1,80805.0,180.0,18446093.0,0.0,2.17,630.0,,,113447204.0,,,450.0,2.17,90.0,3.0,66916.0,3.0,,,3.0,4.0,2019.0,,,,
66953,21,29890.0,100.0,7591980.0,10.0,2.6,457.5,1959.5,-1.89,115739836.0,0.5,2.0,350.0,2.6,71.0,2.0,66953.0,3.0,2.0,3.0,3.0,3.0,2017.5,114.2,60.0,5601.0,
66954,6,18273.0,95.7,16708515.5,6.0,2.6,343.675,1915.0,-1.89,117090558.5,1.0,1.0,248.975,2.6,64.55,1.0,66954.0,3.0,1.0,4.0,3.0,2.5,2018.0,103.5,0.0,,
66955,12,28059.0,125.0,15829106.0,9.0,2.6,490.0,1975.0,-1.89,115357089.0,1.5,3.0,366.0,2.6,71.5,2.0,66955.0,2.0,1.5,3.0,2.0,3.0,2018.0,131.0,,,
66957,2,39331.0,175.0,7762921.5,7.5,1.5150000000000001,700.0,1925.0,,68018728.0,1.0,1.0,525.0,1.5150000000000001,115.0,3.5,66957.0,4.5,0.0,2.5,4.0,5.0,2009.0,154.8,,,
66969,2,41754.0,180.0,15545411.5,15.5,1.28,595.0,1981.0,3.74,90850079.5,1.0,4.0,1207.5,2.56,222.5,5.5,66969.0,3.0,1.0,2.0,3.0,5.0,2017.0,121.0,,,
66976,5,33684.0,111.0,14995798.0,9.0,3.57,409.5,1979.0,3.58,116898632.0,1.0,3.5,460.0,3.57,103.0,3.0,66976.0,3.0,2.0,3.0,3.0,5.0,2019.5,149.7,84.0,56.0,
66987,1,70028.0,115.0,17847910.0,7.0,2.87,540.0,,2.31,115088666.0,,,425.0,2.87,85.0,3.0,66987.0,3.0,3.0,3.0,3.0,4.0,2018.0,,,,
66994,2,64616.5,70.0,15124034.0,5.0,4.01,350.0,1970.0,6.375,112608504.5,1.0,2.0,265.0,4.01,32.5,1.0,66994.0,1.5,1.0,2.0,1.5,1.0,2018.0,,65.0,,
66996,1,79689.0,200.0,14760984.0,4.0,6.51,,,,113706226.0,1.0,,400.0,6.51,86.0,2.0,66996.0,3.0,,,3.0,4.0,,,,,
67059,20,28883.5,145.0,16238500.0,9.0,4.22,750.0,1960.0,12.19,116854342.0,1.0,2.0,700.0,4.22,69.0,5.0,67059.0,2.75,4.0,5.0,2.5,3.0,2018.5,96.1,17.5,78.0,
67061,21,38454.0,160.0,5662273.0,9.0,3.91,850.0,1970.5,13.32,116195339.0,1.0,2.5,690.0,3.91,74.0,5.0,67061.0,2.5,3.0,4.0,2.0,3.0,2017.0,112.0,65.0,4711.0,
67063,26,24359.5,137.5,16915509.5,11.0,3.85,865.85,1960.0,12.28,116878641.0,1.0,2.0,752.85,3.82,75.74000000000001,5.5,67063.0,3.0,2.0,4.0,3.0,3.0,2016.0,79.5,60.0,1.0,
67065,10,12739.5,187.0,18026860.5,9.5,3.53,1115.0,1994.0,11.63,116864931.0,1.0,5.0,850.0,3.53,77.0,5.5,67065.0,2.0,2.0,2.5,2.0,3.0,2020.0,238.0,65.0,1.0,
67067,4,15602.5,195.0,16685911.0,8.0,3.0,860.0,1990.0,12.07,117127306.0,1.0,4.0,685.0,3.0,79.5,5.0,67067.0,3.0,2.0,2.0,3.0,3.5,2020.0,,0.0,,
67069,10,10475.5,210.0,15058456.5,9.0,3.44,870.0,1967.5,11.31,116791357.0,1.0,2.0,720.0,3.15,88.5,5.0,67069.0,3.0,2.0,3.5,3.0,4.0,2019.0,129.5,0.0,,
67071,14,17814.5,150.0,17369713.5,9.0,3.8,1150.0,1996.0,11.92,116974967.0,1.0,5.5,825.0,3.8,90.0,5.5,67071.0,3.0,2.0,3.0,3.0,4.0,2019.0,126.02,,1.0,
67098,17,30826.0,180.0,16511141.0,12.0,4.11,1120.0,2016.0,7.35,115858051.0,1.0,9.0,1030.0,4.11,88.0,7.0,67098.0,3.0,1.0,2.5,3.0,4.0,2020.0,23.7,65.0,6.5,
67105,5,9451.0,150.0,17333770.0,13.0,4.46,1000.0,2006.5,8.59,117261796.0,1.0,7.0,850.0,4.46,96.0,6.0,67105.0,3.5,1.0,2.0,3.0,4.0,2009.0,111.75,,,
6711,3,76649.0,65.3,287344.0,6.0,0.74,502.81,1958.0,,114316842.0,,2.0,372.21,0.74,65.3,2.0,6711.0,3.0,1.0,,3.0,3.0,,124.1,65.3,1.0,
67112,5,20602.0,130.0,17438272.0,10.0,4.33,685.0,1989.5,9.43,117034894.0,1.0,4.5,550.0,4.33,57.0,4.0,67112.0,2.0,3.5,3.5,2.0,2.0,2018.5,108.0,,,
67117,9,30003.0,150.0,16419457.0,7.0,3.84,870.0,1977.5,9.35,116574689.0,1.0,4.0,620.0,3.84,77.67,5.0,67117.0,3.0,3.0,4.0,3.0,3.0,2013.5,71.1,97.5,1.5,
6712,187,56504.0,80.0,5463893.0,7.0,0.41,405.62,1920.0,2.8,114780410.0,0.0,1.0,279.0,0.41,58.57,1.0,6712.0,2.0,2.0,3.0,2.0,2.0,2014.0,129.1,61.0,2.0,
67122,1,21019.0,230.0,16381552.0,12.0,3.89,1120.0,2013.0,7.8,115601545.0,,8.0,890.0,3.89,90.0,6.0,67122.0,3.0,2.0,3.0,3.0,4.0,,38.0,,,
67125,4,35740.0,223.45,12785667.5,19.0,4.14,1020.95,1994.5,9.67,116652830.0,1.0,6.0,777.5,4.14,95.0,5.0,67125.0,3.25,1.0,1.0,3.0,4.0,2015.0,,,3.0,
67127,2,8054.0,205.0,18047327.5,12.0,4.02,1312.5,2020.0,6.98,115899812.0,1.5,9.0,1072.5,4.02,128.5,6.5,67127.0,5.25,2.0,3.0,4.0,5.5,2020.0,,70.0,,
67133,1,42929.0,150.0,15246822.0,2.0,4.42,,,8.75,116612720.0,2.0,,950.0,4.42,100.0,6.0,67133.0,3.0,1.0,,3.0,4.0,,,,1.0,
67134,1,20951.0,50.0,16726918.0,0.0,4.33,350.0,,8.57,117054720.0,,,300.0,4.33,35.0,1.0,67134.0,2.0,,,2.0,1.0,,,,,
67136,3,14985.0,130.0,17613653.0,12.0,5.24,1060.0,1998.0,11.94,117136045.0,1.0,5.5,650.0,5.24,89.0,5.0,67136.0,3.0,2.5,2.5,3.0,4.0,2017.0,57.87,,12.0,
67146,3,22734.0,120.0,16835087.0,8.0,5.08,700.0,1985.0,5.92,116935037.0,1.0,4.0,630.0,5.08,95.0,5.0,67146.0,3.0,2.5,2.0,3.0,4.0,2020.0,89.37,,,
67149,2,41191.5,130.0,8163911.0,9.5,4.279999999999999,770.0,1985.0,5.725,92316799.5,,4.0,600.0,4.279999999999999,84.5,4.0,67149.0,3.0,1.0,1.0,3.0,3.5,2020.0,,80.0,,
67150,2,9254.5,180.0,18626461.5,7.5,3.67,1005.0,1994.0,6.43,117199341.5,,5.0,825.0,3.67,92.5,5.0,67150.0,3.0,0.0,2.0,3.0,4.0,2018.5,109.0,,,
67157,2,51526.0,180.0,17545610.5,6.5,3.355,1300.0,2019.0,4.59,115972488.5,1.5,9.0,1250.0,3.355,112.5,7.0,67157.0,3.5,1.0,1.0,3.5,5.0,2020.0,,,,
67159,1,12932.0,450.0,15152812.0,17.0,3.48,2250.0,1978.0,8.57,117164108.0,2.0,3.0,1800.0,3.48,198.0,8.0,67159.0,6.0,,2.0,5.0,7.0,2020.0,167.0,,,
67165,3,16447.0,140.0,5757783.0,10.0,4.22,745.0,1995.0,9.14,117115298.0,3.0,5.0,720.0,4.22,90.0,5.0,67165.0,3.0,2.5,3.0,3.0,4.0,2012.0,67.0,,12.0,
67166,1,41880.0,180.0,18606789.0,6.0,3.72,970.0,1980.0,9.47,116649406.0,,3.0,790.0,3.72,103.0,5.0,67166.0,3.0,2.0,2.0,3.0,5.0,2013.0,103.0,,,
6721,1,29299.0,119.85,15531731.0,9.0,-1.9,471.53,1900.0,,116968554.0,1.0,1.0,337.68,-1.9,47.0,2.0,6721.0,2.0,1.0,2.0,2.0,2.0,2019.0,141.0,60.0,,
67227,22,27704.0,205.0,16244534.0,12.0,3.48,1015.0,1971.0,8.78,115979578.0,1.0,2.5,820.0,3.48,89.0,5.5,67227.0,3.0,2.0,2.0,3.0,4.0,2020.0,118.0,80.0,2.5,
6724,1,31045.0,120.0,17723656.0,0.0,0.21,354.0,,,116943458.0,,,234.0,0.21,52.0,1.0,6724.0,2.0,3.0,4.0,2.0,2.0,2020.0,,,,
67240,2,32098.5,185.0,16910030.5,8.5,4.8,867.5,1972.0,9.05,116478603.0,1.0,3.0,682.5,4.8,82.0,5.0,67240.0,2.75,1.0,1.0,2.5,3.5,2014.5,211.0,,,
67245,2,35604.0,142.5,17237039.5,6.0,3.37,827.5,1958.0,8.84,104399896.5,1.0,5.0,685.0,3.78,59.36,4.5,67245.0,2.5,2.0,2.0,2.5,2.0,2020.0,132.9,70.0,,
67251,3,36775.0,200.0,3978813.0,16.0,2.87,,1993.0,5.03,116826806.0,1.0,5.0,1100.0,2.87,130.0,7.0,67251.0,4.0,2.0,2.0,4.0,6.0,2020.0,88.2,,270849.0,
67258,1,46485.0,150.0,18356660.0,4.0,3.76,600.0,,7.02,115436515.0,,,450.0,3.76,66.0,3.0,67258.0,2.0,0.0,2.0,2.0,3.0,,,,,
67259,2,33009.5,240.0,11137847.0,21.0,3.545,1025.0,1982.0,9.75,116859480.5,1.0,3.5,785.0,3.545,128.5,5.0,67259.0,4.0,2.0,2.0,3.5,5.0,2012.0,116.0,180.0,1.0,
67269,6,20156.0,127.5,316830.0,9.5,3.43,910.6800000000001,1942.0,4.42,116947030.0,1.0,1.0,756.1800000000001,3.43,108.5,5.0,67269.0,3.5,2.0,3.0,3.5,5.0,2011.0,247.8,,12.0,
67280,2,13647.5,225.0,863094.0,44.5,4.92,1190.0,2019.0,4.84,117157860.5,1.0,9.0,910.0,4.92,100.5,6.0,67280.0,3.0,,1.0,3.0,4.5,,,,,
67283,1,10125.0,75.0,7178829.0,5.0,4.48,,,,98697686.0,1.0,,400.0,,68.0,2.0,67283.0,2.0,0.0,2.0,2.0,3.0,2017.0,,,,
6729,23,75485.0,110.0,5463893.0,6.0,0.61,370.0,1952.0,5.19,114468870.0,1.0,2.0,245.0,0.61,57.0,1.0,6729.0,3.0,1.0,2.0,3.0,2.0,2007.0,135.445,63.8,0.0,
67292,4,19964.5,200.0,15683595.0,11.0,4.76,1042.5,1969.0,15.45,115456982.0,1.0,2.0,820.0,4.76,101.0,5.5,67292.0,3.0,1.0,3.0,3.0,4.5,2019.0,160.8,100.0,,
67304,10,9426.0,132.5,17709196.0,7.0,4.45,657.5,1984.0,13.71,116833729.5,1.0,4.0,525.0,4.45,67.995,3.5,67304.0,2.0,1.5,2.0,2.0,3.0,2019.0,171.8,90.0,1.0,
67305,1,9106.0,230.0,18628380.0,11.0,3.78,690.0,,12.68,117271808.0,,,460.0,3.78,96.0,3.0,67305.0,4.0,1.0,2.0,4.0,4.0,,,,,
67308,1,7570.0,65.0,17291621.0,11.0,4.56,615.0,,17.35,89399075.0,1.0,,550.0,4.56,90.0,4.0,67308.0,2.0,0.0,2.0,2.0,4.0,2016.0,118.0,,,
67316,1,28530.0,100.0,15828942.0,8.0,3.33,600.0,1992.0,4.73,116973797.0,1.0,5.0,500.0,3.33,76.0,3.0,67316.0,3.0,,,3.0,3.0,,172.9,,,
67346,27,50313.0,187.5,16483622.0,11.0,3.25,1312.5,2004.0,9.03,115470340.0,1.0,6.5,1000.0,3.255,102.94,6.0,67346.0,3.0,2.0,3.0,3.0,5.0,2019.0,40.2,95.0,78.0,86096.0
67354,5,13653.0,90.0,18527200.0,1.0,4.26,800.0,2009.5,9.38,114820802.0,1.0,7.0,1010.0,4.26,95.97,7.0,67354.0,3.0,1.5,2.0,3.0,4.0,2010.0,44.8,,1.0,
67360,3,41005.0,130.0,18081161.0,8.0,3.85,775.0,1967.0,9.28,116697103.0,1.0,2.5,600.0,3.85,71.0,4.0,67360.0,3.0,1.0,1.0,3.0,3.0,2020.0,,,,
67361,1,5907.0,130.0,18629333.0,13.0,3.86,490.0,1978.0,6.09,117314958.0,,3.0,360.0,3.86,70.0,2.0,67361.0,2.0,,,2.0,3.0,,,,,
67363,1,17118.0,150.0,18624417.0,13.0,4.26,900.0,,10.17,117099802.0,,,750.0,4.26,125.0,5.0,67363.0,4.0,1.0,1.0,4.0,6.0,,,,,
67368,1,21944.0,300.0,18518575.0,0.0,3.62,970.0,,13.08,117042366.0,1.0,,670.0,3.62,100.0,5.0,67368.0,4.0,2.0,2.0,4.0,4.0,,,,,
67373,3,52556.0,160.0,4589972.0,11.0,4.52,1150.0,1971.0,10.41,116154487.0,1.0,3.0,990.0,4.52,107.0,6.0,67373.0,3.0,2.0,2.0,3.0,5.0,2019.5,167.7,,,
67374,1,58222.0,100.0,17293238.0,5.0,1.49,480.0,,7.45,108074656.0,1.0,,380.0,1.49,30.0,2.0,67374.0,1.0,0.0,,1.0,1.0,,,,,
67377,1,34138.0,130.0,17694570.0,11.0,5.19,1020.0,1909.0,6.78,116892770.0,1.0,1.0,890.0,5.19,100.0,6.0,67377.0,3.0,,,3.0,4.0,2020.0,,,,
67433,18,36932.0,145.0,16062176.5,11.0,4.34,995.0,1964.5,6.12,116620629.0,1.0,2.5,850.0,4.34,93.0,6.0,67433.0,3.25,2.0,3.0,3.0,4.0,2015.0,139.26,85.0,1.0,
67434,10,24196.5,140.0,16316858.0,9.5,4.34,922.5,1966.0,6.12,111389443.5,1.0,2.0,760.0,4.34,91.5,5.0,67434.0,3.0,1.0,3.0,3.0,4.0,2018.0,133.1,85.0,35075005.0,
67435,9,29562.0,254.1,5394580.0,8.0,5.28,1365.0,1945.0,6.75,115991236.0,2.0,2.0,995.89,5.28,114.2,6.0,67435.0,3.0,2.0,3.0,3.0,5.0,2019.0,66.7,,2.0,
67454,8,51084.5,170.0,17574156.0,8.0,3.77,985.0,1996.0,6.27,115188625.0,1.0,5.0,1075.0,3.77,117.0,7.0,67454.0,3.0,1.0,1.5,3.0,5.0,2016.5,124.2,,,
67459,5,26343.0,170.0,5345454.0,2.0,3.99,,2020.0,8.07,116853428.0,2.0,9.0,950.0,3.99,94.0,6.0,67459.0,3.0,0.0,1.0,3.0,4.0,2020.0,29.9,,1.0,
67466,2,24026.5,122.5,11072662.0,11.0,3.33,550.0,1971.0,2.53,116951041.0,1.0,3.0,512.5,3.33,81.5,3.5,67466.0,3.0,2.0,2.0,3.0,3.5,2020.0,,,,
67471,1,64346.0,200.0,17035240.0,17.0,4.6,700.0,,4.57,115506988.0,2.0,,500.0,4.6,130.0,3.0,67471.0,7.0,,,5.0,6.0,2018.0,,,,
67472,2,49481.5,185.0,15900515.0,11.5,3.7,642.5,1956.0,,116323362.0,1.0,1.5,457.5,3.7,87.5,3.0,67472.0,3.25,0.0,3.0,3.0,3.5,2020.0,169.25,,,
67480,4,24921.0,275.0,10242915.5,11.5,4.94,1161.0,1997.0,6.33,116957752.5,2.0,5.0,1055.5,4.94,123.0,6.5,67480.0,3.5,1.0,3.0,3.5,5.5,2017.0,133.0,75.0,,
67483,1,59578.0,220.0,5394580.0,11.0,3.61,,2019.0,5.57,115718294.0,,9.0,895.0,3.61,110.0,6.0,67483.0,2.0,0.0,3.0,2.0,5.0,,33.8,,,
67487,6,9936.0,172.5,17857515.0,3.0,3.93,983.5,2020.0,7.66,115808992.0,2.0,9.0,778.5,3.95,82.795,5.5,67487.0,3.0,1.0,2.5,3.0,4.0,2018.5,33.1,80.0,,
6749,104,58109.0,90.0,16352418.5,9.0,1.63,465.0,1937.0,3.88,114209288.5,1.0,1.0,322.0,1.63,59.1,2.0,6749.0,3.0,2.0,3.0,3.0,2.0,2019.0,97.2,73.0,1.0,
67547,22,20822.5,160.0,15558229.5,14.0,4.72,880.0,1959.0,11.88,116730941.5,1.0,2.0,665.0,4.72,85.75,5.0,67547.0,3.0,2.5,4.0,3.0,4.0,2019.0,122.75,155.0,11.0,
67549,17,32047.0,180.0,747156.0,8.0,4.62,777.0,1960.0,11.68,116880711.0,1.0,2.0,650.0,4.62,87.21,5.0,67549.0,3.0,1.0,3.0,3.0,4.0,2018.5,153.0,45.0,11.0,
67550,7,27653.0,150.0,16629341.0,12.0,4.3,800.0,1992.0,11.4,116886326.0,1.0,5.0,650.0,4.3,67.0,5.0,67550.0,2.0,2.0,2.5,2.0,3.0,2016.0,111.7,35.0,106.0,
67551,3,20789.0,170.0,16419457.0,9.0,4.29,791.5,,10.8,114496720.0,0.5,,703.0,4.29,74.0,5.0,67551.0,3.0,2.0,2.5,3.0,3.0,2019.0,193.0,,,
67574,5,31692.0,175.0,16755114.0,8.0,4.21,930.0,2014.0,8.72,115916050.0,1.0,8.0,750.0,4.21,90.0,5.0,67574.0,3.0,2.0,3.0,3.0,4.0,2019.5,71.0,,,
67577,1,18721.0,220.0,18622689.0,0.0,4.48,870.0,,9.42,117053109.0,,,650.0,4.48,100.0,5.0,67577.0,3.0,0.0,0.0,3.0,4.0,2017.0,,,,
67578,1,13575.0,150.0,15367427.0,22.0,3.22,862.5,1980.0,9.41,117158310.0,,3.0,712.5,3.22,95.0,5.0,67578.0,2.5,1.0,2.0,2.0,4.0,2020.0,153.9,,,
67583,2,32179.0,160.0,7820534.5,1.5,2.8449999999999998,945.0,,9.965,85671881.0,1.0,,835.0,2.8449999999999998,118.5,5.5,67583.0,4.75,1.0,2.0,3.5,5.5,2013.5,,,,
67590,1,13624.0,90.0,17571254.0,14.0,3.91,875.0,1994.0,3.17,117090887.0,1.0,5.0,750.0,3.91,112.0,5.0,67590.0,3.0,,,3.0,5.0,,,,,
67591,4,49907.0,235.0,17814761.0,9.0,4.8,875.0,1720.0,9.38,116087188.5,1.0,1.0,660.0,4.8,98.0,5.0,67591.0,3.75,1.0,2.0,3.5,4.0,2015.0,278.9,150.0,,
67655,57,25320.0,110.0,1223131.0,9.0,3.21,672.5,1965.0,9.84,116910650.0,1.0,2.0,580.0,3.21,64.0,4.0,67655.0,2.5,2.0,3.0,2.0,3.0,2018.5,121.65,80.0,3.0,
67657,114,63438.0,73.0,1175446.0,7.0,3.21,550.0,1994.0,9.84,114873663.5,1.0,5.0,212.5,3.21,25.0,1.0,67657.0,1.0,2.0,4.0,1.0,1.0,2019.0,78.1,85.0,155.0,
67659,10,18133.5,112.5,17316370.0,8.0,3.21,620.0,1956.0,9.84,117095354.0,1.0,2.0,395.0,3.21,59.32,2.0,67659.0,2.0,2.5,3.0,2.0,2.5,,141.0,74.0,4.0,
6766,17,56075.0,80.0,16418452.0,9.0,1.63,436.0,1965.0,3.88,114950586.0,1.0,2.0,310.0,1.63,57.0,2.0,6766.0,3.0,2.0,3.0,3.0,2.0,2017.0,94.0,65.0,1.0,
67661,17,30786.0,135.0,18110580.0,1.0,2.6,887.0,2020.0,7.54,116948581.0,1.0,9.0,445.0,2.6,63.0,3.0,67661.0,2.0,2.0,3.0,2.0,3.0,2019.0,155.3,65.0,2.0,
67663,46,42056.0,126.0,16438332.5,8.0,3.21,525.0,1975.0,9.84,115412673.5,1.0,3.0,419.0,3.21,54.5,2.5,67663.0,2.0,3.0,4.0,2.0,2.0,2019.0,126.49000000000001,62.5,3.0,
67675,1,84618.0,150.0,16457208.0,17.0,3.21,550.0,2015.0,9.84,111890088.0,21.0,8.0,400.0,3.21,37.02,2.0,67675.0,1.0,0.0,1.0,1.0,1.0,2019.0,,,,
67677,1,25603.0,270.0,15272887.0,0.0,4.04,895.0,1970.0,10.48,117004763.0,1.0,2.0,625.0,4.04,114.0,5.0,67677.0,4.0,1.0,2.0,4.0,5.0,,,,,
67678,1,3711.0,50.0,654983.0,8.0,4.46,,,7.09,117340982.0,,,500.0,4.46,80.0,3.0,67678.0,3.0,1.0,3.0,3.0,3.0,,,,3.0,
67681,1,4553.0,275.0,18616963.0,17.0,2.82,1165.0,1980.0,9.34,117333179.0,,3.0,890.0,2.82,151.0,6.0,67681.0,3.0,1.0,1.0,3.0,7.0,2020.0,,,,
67685,1,60442.0,80.0,12540462.0,14.0,4.08,1395.0,1978.0,12.43,58989428.0,1.0,3.0,1050.0,4.08,166.0,7.0,67685.0,5.0,1.0,2.0,5.0,7.0,,,240.0,3.0,
67686,1,169.0,160.0,314392.0,13.0,2.22,,1976.0,7.85,117385990.0,,3.0,460.0,2.22,81.0,3.0,67686.0,3.0,2.0,4.0,3.0,4.0,,124.0,,,
67688,2,35620.0,150.0,8382813.0,8.5,4.22,670.0,1976.0,9.7,116446794.5,2.0,3.0,955.0,4.22,100.0,5.5,67688.0,3.5,0.5,2.5,3.5,4.5,2018.0,,,3.0,
67691,1,29616.0,80.0,18618254.0,0.0,3.6,880.0,,10.35,116963197.0,,,800.0,3.6,95.0,5.0,67691.0,3.5,1.0,3.0,3.0,4.0,2020.0,,,,
67697,9,29639.0,115.0,682910.0,12.0,3.78,895.0,2020.0,9.17,116962890.0,1.0,9.0,750.0,3.78,102.0,5.0,67697.0,4.0,2.0,3.0,4.0,5.0,2017.5,74.0,110.0,7.0,
67700,1,84526.0,90.0,16540842.0,10.0,1.76,,,9.38,111965375.0,,,490.0,1.76,98.0,3.0,67700.0,4.0,,,4.0,4.0,1979.0,,120.0,,
67705,4,21315.5,137.5,6734632.5,9.0,2.535,602.5,1992.0,8.48,97973664.5,1.5,5.0,460.0,3.25,65.0,3.0,67705.0,2.25,1.0,2.0,2.0,2.5,2017.0,126.6,,2.0,
67707,1,49296.0,150.0,15611701.0,16.0,3.9,,1995.0,10.28,116328672.0,1.0,5.0,885.0,3.9,130.0,6.0,67707.0,4.0,0.0,,4.0,6.0,2020.0,103.8,,,
67714,1,81503.0,150.0,654983.0,9.0,0.0,,1933.0,,92802050.0,1.0,1.0,360.0,,80.0,2.0,67714.0,4.0,2.0,3.0,4.0,3.0,2000.0,180.0,,4.0,
6772,13,47374.0,86.72,116878.0,8.0,1.33,467.8,1927.5,8.31,114274049.0,0.0,1.0,291.24,1.33,48.54,1.0,6772.0,2.0,1.0,2.0,2.0,2.0,2018.0,112.0,100.0,2.0,
67722,3,40816.0,150.0,15774325.0,13.0,4.23,750.0,1985.0,11.57,116709343.0,1.5,5.0,575.0,4.23,96.0,4.0,67722.0,3.0,1.0,1.0,3.0,4.0,2015.0,,50.0,,
67727,1,19356.0,90.0,507422.0,6.0,0.0,,1997.0,,77026069.0,,5.0,530.0,,88.0,4.0,67727.0,4.0,1.0,3.0,4.0,4.0,,,,,
6773,5,40562.0,120.0,15332051.0,8.0,0.32,529.05,1993.5,9.35,116732645.0,1.0,5.0,413.0,0.32,75.0,3.0,6773.0,2.0,2.0,2.0,2.0,3.0,,92.0,55.0,1.0,
67734,1,44409.0,200.0,654983.0,13.0,4.71,,,13.62,68343555.0,1.0,,600.0,4.71,104.0,4.0,67734.0,4.0,1.0,3.0,4.0,5.0,,,,4.0,
6774,3,25643.0,100.0,16807689.0,10.0,7.63,390.0,1960.0,,117004729.0,,2.0,290.0,7.63,58.0,1.0,6774.0,3.0,0.5,2.0,3.0,2.0,2017.0,135.0,90.0,,
67742,3,23538.0,50.0,16419534.0,9.0,3.38,500.0,,4.06,117025329.0,,,450.0,3.38,80.0,3.0,67742.0,3.0,,,3.0,3.0,2017.0,,120.0,,
67749,10,70918.5,64.82499999999999,18007524.0,6.0,4.26,725.74,2019.0,0.99,114964310.5,1.0,9.0,628.5,4.26,64.82499999999999,5.0,67749.0,2.0,1.0,,2.0,3.0,,16.0,32.415,67749.0,
67752,1,63657.0,90.0,15706082.0,6.0,3.74,425.0,,1.41,115508467.0,,,275.0,3.74,61.27,1.0,67752.0,2.0,3.0,3.0,2.0,3.0,,,60.0,,
6779,5,68337.0,150.0,17391065.0,5.0,1.59,595.0,1930.0,,115231891.0,1.0,1.0,420.0,1.59,72.0,3.0,6779.0,3.0,2.0,2.5,3.0,3.0,,260.49,,,
6780,5,22862.0,150.0,15422429.0,18.0,1.6,600.0,1959.0,,117030226.0,1.0,3.0,450.0,1.6,76.0,3.0,6780.0,3.0,2.0,2.0,3.0,3.0,2017.0,108.17,120.0,3.5,
67808,1,38924.0,150.0,17332453.0,9.0,4.91,500.0,,7.55,116772921.0,,,350.0,4.91,59.0,2.0,67808.0,1.0,,,1.0,2.0,,,,,
67822,1,24442.0,150.0,197508.0,8.0,,,1880.0,,117014122.0,,1.0,600.0,,84.0,4.0,67822.0,4.0,1.0,2.0,4.0,4.0,2019.0,,,,
6785,8,52662.5,64.0,4755726.5,7.5,0.97,457.185,1950.0,3.42,114593902.5,,1.0,297.685,0.97,55.875,1.0,6785.0,2.0,0.0,2.0,2.0,2.0,2019.0,75.0,90.0,,
6792,26,72139.5,80.0,16421519.0,7.0,1.0,389.0,1970.0,6.87,114145637.0,1.0,2.0,275.0,1.0,49.58,1.0,6792.0,2.0,2.0,5.0,2.0,2.0,2020.0,89.9,55.0,2.0,
6794,2,53423.0,65.0,14559194.0,10.5,0.17500000000000002,454.5,1945.0,,113204850.5,1.0,1.5,310.0,0.17500000000000002,67.5,2.0,6794.0,2.5,1.0,2.5,2.5,3.0,,,74.5,0.0,
6796,1,23298.0,144.0,354358.0,11.0,1.64,463.0,1978.0,9.44,117027330.0,,3.0,319.0,1.64,55.0,2.0,6796.0,3.0,4.0,4.0,3.0,2.0,2016.0,134.0,,40.0,
6800,6,72247.0,160.0,876748.0,21.5,2.12,520.0,1957.5,,114847285.0,1.0,2.5,385.0,2.12,64.0,2.5,6800.0,2.5,1.0,1.5,2.5,2.5,2019.0,153.85,,3.0,
6808,1,15056.0,160.0,17987411.0,0.0,1.63,720.0,,3.88,117131536.0,1.0,,560.0,1.63,95.0,4.0,6808.0,4.0,2.0,2.0,4.0,4.0,,,,,
6809,2,38372.5,138.5,17539790.5,8.5,0.35,508.0,1958.0,,116372140.5,2.0,2.5,369.5,0.35,62.35,2.5,6809.0,2.5,1.5,4.0,2.5,2.5,2020.0,83.53,71.5,1.0,
68118,1,10393.0,120.0,18627587.0,5.0,4.77,1020.0,1975.0,7.42,117241900.0,1.0,3.0,900.0,4.77,71.0,6.0,68118.0,2.0,4.0,5.0,2.0,3.0,1975.0,,,,
68159,44,41603.0,100.0,5868374.0,9.0,4.47,762.5,1949.0,9.98,116585832.5,1.0,1.0,600.0,4.47,49.0,4.0,68159.0,1.5,2.5,5.0,1.0,2.0,2018.0,92.0,55.0,2.0,
68161,33,33097.0,175.0,12386798.0,11.0,4.47,965.0,1960.0,9.98,115735397.0,1.0,2.0,860.0,4.47,75.0,6.0,68161.0,2.0,3.0,5.0,2.0,3.0,2018.5,123.3,97.5,5.0,
68163,39,15341.0,140.0,15901716.0,10.0,3.93,875.0,1972.5,8.42,117012184.0,1.0,2.5,750.0,3.93,60.0,5.0,68163.0,2.0,2.5,5.0,2.0,2.0,2018.0,90.0,60.0,1.0,
68165,45,35739.0,165.0,15587834.0,10.0,3.93,1150.0,1959.0,9.71,115601299.0,1.0,2.0,880.0,3.93,78.0,6.0,68165.0,2.5,2.5,5.0,2.0,3.0,2019.0,114.0,130.0,1.0,
68167,30,36844.0,143.565,11026661.5,8.0,4.08,1055.0,1930.0,8.13,116654975.0,1.0,1.0,744.55,4.08,73.5,5.0,68167.0,2.5,1.5,4.0,2.5,3.0,2020.0,114.0,80.0,2.0,
68169,44,27620.5,140.0,10379456.0,8.0,3.91,820.0,1935.0,9.0,116865908.0,1.0,1.0,675.0,3.91,65.0,5.0,68169.0,2.0,2.0,3.5,2.0,3.0,2018.5,106.55,100.0,4.0,
68199,41,31382.0,150.0,15877438.0,9.0,4.15,950.0,1976.0,8.57,116547836.0,1.0,3.0,792.09,4.15,58.0,5.0,68199.0,2.0,2.0,3.0,2.0,2.0,2019.0,104.8,88.5,1.0,
68219,13,42017.0,220.0,3858246.0,12.0,3.76,970.0,1984.0,7.52,116583594.0,1.0,4.0,780.0,3.76,75.37,5.0,68219.0,2.0,1.0,4.0,2.0,3.0,2020.0,126.0,,2000.0,
68229,2,36629.0,132.5,11370373.5,7.5,3.95,718.75,1995.5,8.11,106726116.5,0.5,6.0,586.25,3.95,62.25,4.5,68229.0,2.25,2.5,3.0,2.0,2.5,2019.0,146.5,,,
68239,13,26031.0,148.0,15856247.0,9.0,3.56,991.3050000000001,1965.0,7.7,116357855.0,1.0,2.0,865.0,3.56,78.13,6.0,68239.0,3.0,2.0,2.0,3.0,3.0,2017.0,127.15,83.0,1.0,
68259,19,27359.0,215.0,16934158.0,8.0,3.64,1058.5,1960.0,7.18,116944210.0,1.0,2.0,800.0,3.64,78.0,5.0,68259.0,2.5,1.5,3.0,2.0,3.0,2019.0,136.7,75.0,1.0,
68305,18,34418.0,215.0,3120516.5,12.0,3.88,1465.0,2016.0,7.91,114422885.0,1.0,9.0,902.5,3.88,89.765,6.0,68305.0,3.0,2.0,4.0,3.0,4.0,2018.0,68.8,80.0,1.0,
68307,16,46491.0,160.0,15453099.0,9.0,3.87,925.0,1977.0,8.52,115922661.5,1.0,3.5,685.0,3.87,78.5,5.0,68307.0,3.0,1.5,3.0,3.0,3.5,2018.0,166.5,,1.0,
68309,47,41295.0,240.0,15901393.0,13.0,3.74,1170.0,2019.0,7.47,116573101.0,1.0,9.0,906.29,3.74,83.19,6.0,68309.0,3.0,2.0,4.0,3.0,4.0,2019.0,64.65,128.0,1301.0,
6842,139,61051.0,66.0,16547382.0,7.0,1.91,420.0,1969.5,1.19,115652504.0,1.0,2.0,320.0,1.91,58.4,2.0,6842.0,3.0,2.0,4.0,3.0,2.0,2017.0,105.85,65.0,2381.0,
6844,202,61411.5,85.0,10092377.0,8.0,1.65,470.0,1963.0,6.41,115642215.0,1.0,2.0,345.0,1.65,57.955,2.0,6844.0,2.0,3.0,3.0,2.0,2.0,2015.0,100.75,70.0,2800.0,
6846,25,60017.0,90.0,470317.0,8.0,1.68,477.0,1960.0,7.03,115450028.0,1.0,2.0,380.0,1.68,67.0,2.0,6846.0,2.0,1.0,3.0,2.0,3.0,2017.0,122.15,62.5,27.0,
6847,33,48651.0,70.0,378829.0,7.0,1.36,449.5,1982.0,5.05,116381610.0,1.0,4.0,345.0,1.36,64.82,2.0,6847.0,2.0,2.0,3.0,2.0,3.0,2001.0,71.0,80.0,10.0,
6849,48,61071.0,75.0,4178540.0,9.0,2.53,435.0,1974.5,5.72,115652462.5,1.0,3.0,316.0,2.53,57.31,2.0,6849.0,3.0,4.0,4.0,3.0,2.0,1995.0,93.0,67.0,50.0,
68519,24,26005.5,200.0,677207.5,9.0,5.42,1183.5,2019.0,11.3,116536980.0,1.0,9.0,1011.0,5.49,97.81,6.5,68519.0,3.0,2.0,3.0,3.0,4.0,2019.5,24.3,84.0,101.0,
68526,17,32084.0,170.0,17680921.0,6.0,4.66,1025.0,2019.0,9.72,116925109.0,1.0,9.0,780.0,4.66,63.3,5.0,68526.0,2.5,2.0,4.0,2.0,3.0,2003.5,57.5,105.0,,
68535,7,9244.0,130.0,18628362.0,9.0,4.72,670.0,1964.0,8.9,117269315.0,1.5,2.0,500.0,4.72,58.0,3.0,68535.0,2.0,1.0,2.0,2.0,2.0,2017.5,138.0,130.0,1.0,
68542,5,28200.0,120.0,5345414.0,10.0,4.05,845.0,1982.0,7.62,102879673.0,1.0,4.0,690.0,4.24,62.0,5.0,68542.0,2.0,2.0,3.0,2.0,3.0,2016.0,111.30000000000001,70.0,,
68549,6,27300.0,137.5,16696835.0,8.0,4.54,810.0,1964.5,8.64,116770929.5,,2.0,825.0,4.54,79.0,5.5,68549.0,2.25,2.0,2.5,2.0,3.5,2017.0,94.4,50.0,,
6861,2,44770.5,101.0,12277026.0,6.5,0.77,550.5,1939.5,,88317374.0,1.0,1.0,407.5,1.54,97.7,2.5,6861.0,4.0,,2.5,4.0,4.5,2007.5,167.7,84.0,,
6862,47,65914.0,100.0,14479976.0,9.0,1.3,400.0,1974.0,3.94,114779213.0,1.0,3.0,260.0,1.3,60.04,1.0,6862.0,2.0,2.0,3.0,2.0,2.0,2018.0,85.0,88.0,55.0,
68623,10,19096.0,212.5,15575825.0,8.5,4.81,1025.0,1996.0,11.13,116667129.0,1.0,5.0,850.0,4.81,91.5,6.0,68623.0,3.0,1.0,2.0,3.0,4.0,2017.0,61.650000000000006,0.0,3.0,
68642,6,49064.0,210.0,17997389.5,8.0,5.22,975.0,2004.0,11.59,116330086.5,1.0,6.0,760.0,5.22,90.555,5.0,68642.0,2.75,1.0,3.0,2.5,3.5,2013.0,,,,
68647,5,34728.0,75.0,16457208.0,15.0,4.93,850.0,1973.0,10.14,116881723.0,,3.0,700.0,4.93,83.0,5.0,68647.0,3.0,2.0,2.0,3.0,4.0,2020.0,75.95,75.0,,
68649,2,61017.5,100.0,10483739.5,17.0,5.56,456.0,1995.0,9.44,115543940.5,,5.0,342.5,5.56,202.5,3.0,68649.0,6.25,,2.0,3.5,6.0,2019.0,,130.0,617278.5,
6868,1,79073.0,75.0,17391065.0,3.0,0.0,395.0,1930.0,,103000883.0,,1.0,250.0,,35.0,1.0,6868.0,2.0,2.0,3.0,2.0,1.0,,,70.0,,
6869,20,76345.0,70.0,481954.0,12.0,-0.17,413.0,1968.5,5.84,113690498.0,1.0,2.5,264.5,-0.17,57.57,1.0,6869.0,2.25,1.0,3.0,2.0,2.0,2018.0,123.45,79.0,20.0,
68723,24,33798.0,175.0,16169466.5,9.0,4.26,1080.0,1980.0,9.42,115502249.0,1.0,3.0,897.5,4.26,90.0,6.0,68723.0,3.0,2.0,3.0,3.0,4.0,2017.5,137.5,39.0,,
68753,7,29715.0,160.0,18614317.0,10.0,4.32,1100.0,2008.0,9.58,116962061.0,1.0,7.0,950.0,4.32,94.0,6.0,68753.0,3.5,1.0,2.0,3.0,4.0,2019.0,130.5,,,
68766,10,9452.0,95.0,16925695.5,7.5,4.22,665.0,1994.0,8.99,117131775.0,1.0,5.0,540.0,4.22,55.875,4.0,68766.0,2.0,1.0,2.5,2.0,2.0,2018.0,118.1,75.0,1.0,
68775,3,48419.0,250.0,425293.0,13.0,4.76,1970.0,2018.0,8.95,116386890.0,2.0,9.0,1650.0,4.76,195.0,8.0,68775.0,4.5,2.0,3.0,4.0,7.0,2017.0,17.9,,5.0,
68782,7,59124.0,150.0,11110575.0,11.0,4.43,1000.0,1965.0,8.65,114487812.0,1.0,2.0,800.0,4.43,85.0,5.0,68782.0,3.0,1.5,3.0,3.0,4.0,2019.0,132.9,,3.0,
68789,7,23035.0,200.0,17542233.0,11.0,3.71,875.0,2007.0,8.66,116936804.0,1.0,7.0,670.0,3.71,75.0,5.0,68789.0,2.0,1.0,2.0,2.0,3.0,2018.0,126.65,120.0,,
68794,3,22851.0,100.0,18620345.0,3.0,4.2,800.0,2013.0,9.13,117027730.0,1.0,8.0,700.0,4.2,65.0,5.0,68794.0,2.0,1.0,2.0,2.0,3.0,2020.0,10.74,,,
68799,4,32524.5,212.5,16274686.0,8.0,4.63,1000.0,1984.0,9.25,116064749.0,1.0,4.0,835.0,4.63,81.0,5.5,68799.0,3.0,1.0,2.0,3.0,3.5,2019.0,177.05,,21.0,
68804,2,13888.0,140.0,17512544.5,13.5,4.49,940.0,2017.0,8.07,115777996.0,1.0,9.0,800.0,4.49,81.0,5.5,68804.0,3.0,2.5,3.0,3.0,3.5,2020.0,,,,
68809,1,31229.0,210.0,15944723.0,13.0,4.42,1410.0,2018.0,7.88,114272121.0,1.0,9.0,1200.0,4.42,96.0,7.0,68809.0,2.0,3.0,3.0,2.0,4.0,2018.0,,,,
6886,115,35982.0,72.0,700121.0,7.0,0.31,405.4,1975.0,8.98,116852341.0,1.0,3.0,280.0,0.31,56.65,1.0,6886.0,3.0,3.0,4.0,3.0,2.0,2014.0,98.19999999999999,59.0,1.0,
6888,6,74086.0,75.0,700121.0,2.5,0.31,394.75,1968.5,8.98,114666179.0,,2.5,257.25,0.31,58.475,1.0,6888.0,3.0,2.0,2.0,3.0,2.0,2015.0,80.9,75.0,1.0,
6895,4,62037.5,75.0,8016086.0,4.0,-0.16,414.61,1978.5,,114845943.0,1.0,3.0,289.61,-0.16,67.85,1.0,6895.0,3.0,3.0,1.0,3.0,2.5,2016.0,79.55000000000001,75.0,1.0,
6901,7,62248.0,55.0,15332051.0,8.0,-0.86,375.99,1964.0,-8.21,113679578.0,1.0,2.0,282.43,-0.86,58.31,1.0,6901.0,2.0,1.0,2.0,2.0,2.0,,102.3,52.5,3.0,
6905,11,48326.0,55.0,15332051.0,2.0,2.14,413.51,1970.0,5.42,116387904.0,1.0,2.0,293.51,2.14,59.9,1.0,6905.0,3.0,1.0,3.0,3.0,2.0,2000.0,128.95,62.5,3.0,
69115,51,45017.0,180.0,12603857.0,6.0,4.76,1160.0,2016.0,9.4,115507698.0,1.0,9.0,1180.0,4.76,80.0,7.0,69115.0,3.0,3.0,5.0,3.0,3.0,2019.0,33.0,81.33,1.0,
69117,20,24952.5,215.0,4057232.0,10.0,4.07,1980.0,1902.0,8.27,116924504.5,1.0,1.0,1325.0,4.07,107.5,7.0,69117.0,3.0,2.0,3.0,3.0,5.0,2013.5,101.0,142.5,78.0,
69118,19,21067.0,150.0,17370120.0,11.0,4.77,917.5,1974.0,7.42,116834384.0,1.0,3.0,690.0,4.77,72.0,5.0,69118.0,2.0,1.0,3.0,2.0,3.0,2019.0,161.65,90.0,3.5,
69120,23,28696.0,250.0,17124564.0,11.0,3.92,1535.0,1960.0,8.58,116778605.0,1.0,2.0,1300.0,3.92,93.0,7.0,69120.0,3.0,2.0,3.0,3.0,4.0,2019.0,124.0,0.0,30.5,
69121,11,24397.0,200.0,17124564.0,13.0,4.3,1225.0,1974.0,9.61,115761408.0,1.0,3.0,1200.0,4.3,85.0,7.0,69121.0,3.0,2.0,2.5,3.0,4.0,2013.0,107.0,17.5,3.0,
69123,17,30738.0,172.0,1246157.0,8.0,5.1,928.0,2020.0,8.71,116950865.0,1.0,9.0,607.0,5.195,78.24,5.0,69123.0,3.0,1.0,3.0,3.0,3.0,2016.0,,86.0,1.0,
69124,13,48754.0,250.0,5327877.0,11.0,5.0,1385.0,2005.0,7.58,106567447.0,1.0,6.0,1160.0,5.0,95.0,7.0,69124.0,4.0,1.0,3.0,4.0,4.0,2014.0,60.0,,1.0,
69126,38,29597.5,130.0,15682817.0,8.0,4.88,810.0,1989.0,8.49,115458215.0,1.0,4.0,703.5,4.88,58.0,5.0,69126.0,2.0,1.0,3.0,2.0,2.0,2020.0,128.25,70.0,2.0,
69151,11,59272.0,190.0,11435775.0,10.0,3.94,1402.5,2019.0,9.09,115735544.0,1.0,9.0,890.0,3.94,100.0,6.0,69151.0,3.0,1.0,4.0,3.0,4.0,2019.5,57.95,100.0,11.0,
69155,2,37695.0,245.0,18343409.0,14.5,,1477.5,2013.0,,115979952.5,1.0,8.0,1157.5,,91.5,7.0,69155.0,3.0,3.0,8.0,3.0,4.0,,26.2,,,
69168,17,25647.0,180.0,16669513.0,7.0,4.06,885.0,2008.0,8.81,117004440.0,1.0,7.0,670.0,4.06,76.0,5.0,69168.0,2.5,1.0,3.0,2.0,3.0,2020.0,110.9,720.0,2.0,
6917,5,29877.0,119.0,637123.0,11.0,1.1,621.04,1994.0,3.21,116959620.0,,5.0,419.04,1.1,87.3,3.0,6917.0,3.0,2.0,3.0,3.0,4.0,,94.0,93.0,1.0,
69181,11,21561.0,175.0,5338772.0,9.0,4.19,800.0,1992.5,9.04,117046476.0,1.0,5.0,650.0,4.19,71.0,5.0,69181.0,3.0,1.0,3.0,3.0,3.0,2020.0,114.0,55.0,2.0,
69190,12,26198.0,170.0,17366900.0,9.0,4.28,1095.0,2006.0,9.84,116451532.0,1.0,6.5,930.0,4.28,82.5,6.0,69190.0,2.0,1.0,3.0,2.0,3.5,2016.0,64.25,,11.0,
69198,7,52062.0,175.0,18011648.0,12.0,4.11,920.0,1978.0,8.13,115514599.0,1.0,3.0,790.0,4.11,88.0,5.0,69198.0,3.0,2.5,3.0,3.0,4.0,2017.0,142.0,,,
69207,10,20700.0,175.0,17421154.5,8.0,3.91,1260.0,1991.5,8.8,116995969.0,1.0,4.5,980.28,3.91,101.0,6.0,69207.0,2.25,1.0,2.0,2.0,5.0,2015.0,135.5,,,
69214,7,22854.0,125.0,16548094.0,8.0,3.89,867.5,1984.0,9.55,116851008.0,1.0,4.0,650.0,3.89,71.0,5.0,69214.0,3.0,2.5,3.0,3.0,3.0,2014.0,99.3,117.5,6.0,
69221,7,35767.0,130.0,16717604.0,4.0,4.02,990.0,1993.5,9.0,116609712.0,2.0,5.0,790.0,4.02,48.37,5.0,69221.0,2.0,3.0,3.0,2.0,2.0,2019.0,112.8,54.5,4711.0,
69226,12,20978.5,100.0,17659341.5,10.0,4.3,650.0,1994.0,8.35,116837112.0,1.5,5.0,575.0,4.3,50.0,4.0,69226.0,2.0,1.0,2.5,2.0,2.0,2019.0,152.4,50.0,,
69231,2,50082.5,265.0,17162574.5,15.5,4.3,1245.0,1991.5,8.82,115876918.0,1.5,5.0,960.0,4.3,110.355,6.0,69231.0,4.0,1.5,2.5,4.0,4.5,2020.0,162.05,,,
69239,3,38512.0,180.0,14961416.0,14.0,4.49,735.0,1992.0,10.37,116784450.0,1.0,5.0,500.0,4.49,75.0,3.0,69239.0,3.0,,3.0,3.0,3.0,2010.0,159.65,,960.0,
69242,7,32061.0,125.0,15359762.0,9.0,5.01,845.0,1994.0,7.3,116922473.0,1.0,5.0,750.0,5.01,80.0,5.0,69242.0,2.0,2.0,2.5,2.0,3.0,2018.0,76.75,112.5,1.0,
69245,1,77423.0,200.0,18490620.0,2.0,4.23,1590.0,2020.0,8.85,114164700.0,2.0,9.0,1390.0,4.23,123.8,7.0,69245.0,6.0,2.0,3.0,5.0,6.0,,,,,
6925,4,62261.5,75.0,16372153.0,4.5,0.22499999999999998,373.0,1969.0,0.5650000000000001,106441097.0,1.0,2.0,235.5,0.22499999999999998,54.0,1.0,6925.0,2.5,1.5,3.0,2.5,2.0,1998.0,142.4,72.5,16.0,
69250,2,50550.5,160.0,875352.5,5.0,3.605,530.0,1976.0,6.76,100474074.5,1.0,3.5,435.0,3.88,58.0,3.0,69250.0,2.5,2.0,,2.5,2.5,,198.7,,,
69257,2,18032.0,140.0,15332228.0,17.5,4.145,785.0,1908.0,6.6,88015004.0,1.0,5.0,645.0,4.12,73.5,4.5,69257.0,2.0,2.0,4.0,2.0,3.0,2017.0,21.3,,,
69259,1,31012.0,120.0,18074524.0,6.0,2.89,700.0,,7.92,112843856.0,1.0,,580.0,2.89,50.0,4.0,69259.0,2.0,,,2.0,2.0,2020.0,,,,
69412,7,31569.0,99.0,146060.0,4.0,4.79,679.93,1955.0,6.78,116933548.0,1.0,2.0,492.93,4.79,57.0,3.0,69412.0,3.0,2.0,1.5,3.0,2.0,2012.0,154.9,76.5,,
69429,2,15092.5,95.0,17725681.0,4.0,3.9749999999999996,845.0,1997.0,7.88,117138505.0,1.0,6.0,712.5,3.9749999999999996,112.5,4.5,69429.0,3.0,2.0,2.5,3.0,5.0,2019.5,57.7,387.5,,
69434,1,27356.0,100.0,9483578.0,16.0,5.21,890.0,,10.36,116987263.0,,,640.0,5.21,108.0,5.0,69434.0,2.5,0.0,,2.0,5.0,,,150.0,,
69436,1,73164.0,200.0,250042.0,6.0,3.86,830.0,1974.0,5.93,114760954.0,1.0,3.0,600.0,3.86,120.0,4.0,69436.0,3.0,1.0,1.0,3.0,5.0,,174.0,,,
69469,25,33559.0,190.0,16472712.0,10.0,4.64,1030.0,1977.0,8.9,116673301.0,1.0,3.0,850.0,4.64,86.0,6.0,69469.0,3.0,1.0,3.0,3.0,4.0,2017.0,91.05,50.0,5.0,
69483,8,53357.5,160.0,954015.0,11.5,4.17,850.0,2019.0,8.14,115024801.5,1.0,9.0,650.0,4.17,69.39,5.0,69483.0,2.0,1.0,3.0,2.0,3.0,2019.0,111.7,,400.0,
69488,3,63188.0,200.0,784700.0,11.0,5.54,950.0,2001.0,9.82,115558356.0,2.0,6.5,750.0,5.54,105.0,5.0,69488.0,3.5,2.0,2.0,3.0,5.0,2018.5,46.95,,55.5,
69493,2,14719.5,135.0,17723421.5,15.0,3.9050000000000002,1042.5,1968.5,8.42,109669046.5,1.0,5.0,907.5,3.86,90.0,6.0,69493.0,2.5,0.0,4.0,2.5,4.0,2017.0,,,,
69502,5,39856.0,210.0,12617480.0,16.0,4.53,850.0,1968.0,8.18,116742593.0,1.0,2.5,800.0,4.53,95.33,5.0,69502.0,3.0,1.0,2.5,3.0,4.0,2020.0,106.1,,,
69509,4,58802.0,125.0,16732334.0,9.0,4.73,1597.5,1987.0,9.06,90242202.5,1.0,4.0,907.5,4.73,82.5,5.5,69509.0,2.5,1.0,2.0,2.5,3.5,2020.0,101.7,,,
69514,2,20568.0,210.0,10407673.0,18.5,3.85,1120.0,2019.5,8.77,113883565.0,1.0,9.0,1210.0,3.85,107.5,6.5,69514.0,3.5,1.0,4.0,3.5,4.5,2020.0,26.4,,33.0,
69518,1,81271.0,162.0,4427575.0,2.0,4.73,778.4,2018.0,10.92,113323493.0,1.0,9.0,501.4,4.73,59.69,4.0,69518.0,2.0,4.0,4.0,2.0,2.0,,74.8,,,
70171,1,83489.0,272.0,516789.0,7.0,5.12,1767.0,2019.0,8.72,112519263.0,,9.0,1495.0,5.12,68.0,7.0,70171.0,3.0,1.0,6.0,3.0,3.0,,62.0,,3.0,
70173,27,76206.0,265.0,516789.0,8.0,5.08,1905.64,2015.0,8.575,113594377.0,1.0,8.0,1559.64,5.035,80.39,8.0,70173.0,2.5,3.0,6.0,2.0,3.0,2016.5,62.0,94.0,3.0,
70174,18,19943.5,177.5,17067470.0,8.0,4.99,1195.0,2018.0,8.43,117025670.0,1.0,9.0,1125.0,4.99,56.5,6.5,70174.0,2.0,2.5,5.0,2.0,2.0,2019.0,81.55,,2.0,83569.0
70176,36,10316.0,50.0,14936157.5,12.0,5.39,1530.0,1954.0,9.29,116974672.0,1.0,2.0,1452.5,5.39,65.5,7.0,70176.0,2.25,2.0,5.0,2.0,3.0,2018.0,133.4,22.5,6.0,
70178,29,31950.0,160.0,16934164.0,12.0,5.12,1590.0,1953.0,9.38,116518800.0,1.0,2.0,1550.0,5.12,79.0,8.0,70178.0,2.5,2.0,4.0,2.0,3.0,2014.0,140.0,112.5,6.0,
70180,43,20396.0,180.0,14156315.0,13.0,5.12,1670.0,1953.0,9.38,117056243.0,1.0,2.0,1490.0,5.12,80.0,7.0,70180.0,2.5,3.0,5.0,2.0,3.0,2019.0,147.5,105.0,2.0,
70181,1,6414.0,0.0,14156315.0,8.0,5.08,2350.0,,8.72,117311194.0,,,2350.0,5.08,83.0,9.0,70181.0,3.0,7.0,,3.0,4.0,,,,3.0,
70182,16,24601.0,110.0,14337594.5,9.0,5.08,1305.0,1953.0,8.72,116890046.0,1.0,2.0,1200.0,5.08,44.0,7.0,70182.0,2.0,2.5,4.0,2.0,2.0,2019.0,173.0,,3.0,
70184,28,28939.5,219.0,14991305.0,12.0,5.4350000000000005,1620.0,1972.0,8.54,116922296.0,1.0,3.0,1620.0,5.33,84.0,8.0,70184.0,2.75,2.0,3.0,2.5,4.0,2017.0,70.0,153.0,6.0,
70186,19,32101.0,120.0,17440154.0,12.0,5.48,1040.0,1960.0,8.36,116674943.0,1.0,2.0,950.0,5.48,57.56,6.0,70186.0,3.0,1.0,3.0,3.0,2.0,2019.0,91.0,57.5,1.0,
70188,23,41150.0,75.0,17440154.0,10.0,5.48,1260.0,1964.0,8.36,116679395.0,1.0,2.0,990.0,5.48,61.62,6.0,70188.0,2.0,1.5,2.0,2.0,3.0,2019.0,120.9,,2.0,
70190,36,16155.5,80.0,14156315.0,8.0,5.48,1250.0,1963.0,8.36,117117261.5,1.0,2.5,1105.0,5.48,54.5,7.0,70190.0,2.0,3.0,4.0,2.0,2.0,2020.0,136.35,70.0,3.0,
70191,31,33683.0,161.0,14156315.0,12.0,4.99,1545.0,2015.0,8.43,116778903.0,1.0,8.0,1390.0,4.99,65.0,7.0,70191.0,2.0,2.0,5.5,2.0,3.0,2018.0,62.0,82.5,3.0,
70192,26,34565.5,234.5,3158409.5,11.0,4.99,2370.0,2012.0,8.43,116762581.5,1.0,8.0,1520.0,4.99,83.5,7.5,70192.0,2.0,2.0,4.0,2.0,3.5,2020.0,90.05,,3.0,
70193,36,25340.5,100.0,16596780.0,11.5,5.39,1395.0,1945.0,9.29,116878727.0,1.0,1.5,1390.0,5.39,70.0,7.0,70193.0,2.25,2.0,4.0,2.0,3.0,2016.0,192.0,140.0,3.0,
70195,10,16359.5,150.0,17450439.0,8.5,4.61,900.5,1972.0,7.07,116767068.5,1.0,3.0,760.0,4.61,54.5,5.5,70195.0,2.0,2.5,2.0,2.0,2.0,2015.0,142.0,0.0,3.0,
70197,32,36472.5,95.0,16933461.5,11.5,5.39,1410.0,1910.0,9.29,116642428.5,1.0,1.0,1160.0,5.39,54.0,7.0,70197.0,2.0,3.0,4.0,2.0,2.0,2020.0,106.1,100.0,1.0,
70199,29,20968.0,100.0,15868720.0,10.0,5.12,1150.0,1930.0,9.38,116972170.0,1.0,1.0,1030.0,5.12,55.0,7.0,70199.0,2.0,1.0,4.0,2.0,2.0,2017.5,87.0,0.0,2.0,
70237,1,28448.0,300.0,7503276.0,29.0,5.0,1950.0,1952.0,7.84,116974945.0,,2.0,1650.0,5.0,125.0,8.0,70237.0,3.5,3.0,4.0,3.0,6.0,2015.0,,,,
70327,34,33003.0,100.0,16588977.0,9.0,4.98,825.0,1971.5,8.1,116312464.0,1.0,2.5,725.0,4.9,37.0,5.0,70327.0,1.5,2.0,3.0,1.5,1.0,2018.5,136.1,25.0,1.0,
70329,23,17046.0,90.0,16899862.0,9.0,4.29,1117.5,1965.0,7.49,116957100.0,1.0,2.0,980.0,4.27,69.0,6.0,70329.0,3.0,2.0,3.0,3.0,3.0,2016.5,99.45,72.5,11.0,
70372,35,11548.0,90.0,16574068.0,8.0,5.0,980.0,1920.0,7.84,117200740.0,1.0,1.0,955.0,5.0,65.0,6.0,70372.0,2.5,2.0,4.0,2.0,3.0,2015.0,115.0,95.0,3.0,
70374,15,21000.0,100.0,15377967.0,7.0,5.0,862.86,2016.0,7.84,117054225.0,1.0,9.0,1150.0,5.0,65.0,7.0,70374.0,3.0,2.0,4.0,3.0,3.0,2018.0,74.7,85.0,931190672.5,
70376,18,15687.0,103.9,1647518.5,5.5,4.07,900.0,1954.0,7.55,117064793.5,1.0,2.0,716.35,4.07,60.305,5.0,70376.0,3.0,1.0,3.0,3.0,2.0,2015.5,92.8,76.91,1.0,
70378,6,17973.5,107.5,15487410.0,10.0,4.29,750.0,1961.0,8.635000000000002,117094435.5,1.0,2.0,705.0,4.29,62.150000000000006,5.0,70378.0,2.5,1.0,9.5,2.5,2.5,2020.0,97.0,0.0,152.0,
70379,1,83527.0,120.0,18117659.0,9.0,4.63,570.0,,8.63,112453390.0,,,450.0,4.63,11.0,3.0,70379.0,1.0,4.0,1.0,1.0,1.0,2019.0,,,,
70435,25,17156.0,110.0,16592810.0,8.0,5.29,900.0,1963.5,7.64,116933491.0,1.0,2.0,950.0,5.29,65.0,6.0,70435.0,2.0,2.0,3.0,2.0,3.0,2018.5,136.5,0.0,8.0,
70437,11,14445.0,149.0,16431318.0,9.0,4.5,1059.0,1968.0,7.95,117146832.0,1.0,2.0,885.7,4.5,71.5,6.0,70437.0,2.0,2.5,4.0,2.0,3.0,2020.0,86.2,80.0,3.0,
70439,7,13116.0,190.0,17780108.0,7.0,5.1,1316.0,2014.0,6.55,117008800.0,1.0,8.0,1100.0,5.1,72.0,7.0,70439.0,3.0,1.0,3.0,3.0,3.0,2018.0,98.9,,,
70463,3,76523.0,153.0,22222.0,9.0,4.46,2006.0,2017.0,7.26,114324631.0,1.0,9.0,1631.0,4.46,102.0,8.0,70463.0,3.0,4.0,6.0,3.0,5.0,,47.9,102.0,41004.0,
70469,48,19830.0,120.0,15541684.0,10.0,4.46,1240.0,1971.0,7.26,116995630.5,1.0,3.0,1110.0,4.46,59.0,7.0,70469.0,2.0,2.0,3.0,2.0,2.0,2014.0,100.6,86.5,3.0,
70472,1,68887.0,190.0,18000699.0,3.0,6.52,840.0,1950.0,11.32,115202314.0,1.0,1.0,650.0,6.52,45.0,5.0,70472.0,2.0,5.0,5.0,2.0,2.0,2020.0,,50.0,,
70499,11,11759.0,100.0,14156315.0,9.0,4.48,1390.0,2006.0,6.6,117189370.0,1.0,7.0,1450.0,4.48,65.0,7.0,70499.0,2.0,2.0,3.0,2.0,3.0,2019.0,40.6,0.0,3.0,
70563,22,24580.0,57.5,16007449.5,12.0,4.14,1550.0,1993.0,6.82,116988085.0,1.0,5.0,1440.0,4.14,71.5,7.0,70563.0,2.0,2.0,2.0,2.0,3.0,2010.0,134.0,85.0,3.0,
70565,11,19963.0,70.0,14156315.0,11.0,4.21,1680.0,1976.0,6.82,117065052.0,2.0,3.0,1490.0,4.21,67.0,7.0,70565.0,3.0,2.0,3.0,3.0,3.0,2019.0,231.0,75.0,3.0,
70567,23,14020.0,0.0,14156315.0,9.0,4.1,1600.0,2006.0,7.68,117047508.0,1.5,7.0,1500.0,4.1,74.0,7.0,70567.0,3.0,1.0,3.0,3.0,3.0,2020.0,129.0,0.0,3.0,
70569,13,12211.0,100.0,15852365.0,12.0,4.51,1535.0,1965.0,7.91,116851744.0,1.0,2.0,1250.0,4.51,72.0,7.0,70569.0,3.0,1.0,3.0,3.0,3.0,2020.0,158.25,205.0,3.0,
70597,34,12490.5,112.5,14156315.0,12.0,5.12,1726.5,1962.0,7.37,117027655.5,1.0,2.0,1622.0,5.12,72.0,8.0,70597.0,3.0,2.0,3.0,3.0,3.0,2019.0,132.0,80.0,3.0,
70599,25,14940.0,145.0,16431318.0,12.0,4.53,1181.5,1986.5,7.03,116943415.0,1.0,4.0,980.0,4.53,54.98,6.0,70599.0,2.0,2.0,3.0,2.0,2.0,2019.0,132.0,0.0,2.5,
70619,21,21376.0,190.0,14156315.0,13.0,4.27,1230.0,1975.0,7.08,117029840.0,1.0,3.0,1000.0,4.27,69.0,6.0,70619.0,2.0,1.0,3.0,2.0,3.0,2017.0,164.0,85.0,3.0,
70733,1,12717.0,390.0,1031952.0,15.0,5.83,2370.0,2012.0,9.45,117168296.0,2.0,8.0,1980.0,5.83,125.0,8.0,70733.0,3.0,,,3.0,6.0,,,,,
70734,12,13143.0,150.0,17666632.0,8.0,5.83,1215.0,1973.5,9.45,117022139.0,1.0,3.0,975.0,5.83,64.0,6.5,70734.0,2.0,1.0,2.0,2.0,3.0,2020.0,107.35,0.0,3.0,
70736,13,35209.0,130.0,15272018.0,12.0,5.83,1050.0,1980.0,9.45,116691989.0,1.0,3.0,1150.0,5.83,57.0,7.0,70736.0,2.0,1.0,2.0,2.0,2.0,2017.0,115.0,0.0,3.0,
70771,27,24735.0,135.0,16105520.0,12.0,5.31,1220.0,2003.5,9.38,116991101.0,1.0,6.0,1050.0,5.31,68.0,7.0,70771.0,2.5,2.0,3.0,2.0,3.0,2018.0,108.9,0.0,4.0,
70794,39,14883.0,140.0,16431318.0,11.0,4.94,1022.0,1990.0,9.35,116986504.0,1.0,4.0,900.0,4.94,70.0,6.0,70794.0,2.5,1.0,3.0,2.0,3.0,2019.0,124.64,0.0,2.5,
70806,14,24683.5,195.0,5514239.0,13.0,6.76,987.5,1992.0,12.32,116921962.5,1.0,4.5,825.0,6.76,75.0,5.5,70806.0,3.0,2.0,3.0,3.0,3.0,2017.0,107.0,,2.0,
70825,7,26934.0,150.0,16564786.0,15.0,5.84,1000.0,1992.0,10.49,116850873.0,1.0,5.0,850.0,5.84,71.0,6.0,70825.0,3.0,1.5,3.0,3.0,3.0,2017.0,133.95,,1.0,
70839,16,28451.5,185.0,16429237.5,11.0,6.35,1260.0,2001.0,11.9,115977083.0,1.0,6.0,1190.0,6.35,80.405,7.0,70839.0,3.0,1.0,3.0,3.0,3.5,2018.0,93.0,40.0,2.0,
71032,21,37819.0,165.0,16463190.0,11.0,6.46,1090.0,2015.0,10.97,116796725.0,1.0,8.0,900.0,6.46,60.0,6.0,71032.0,2.0,1.0,3.0,2.0,2.0,2019.5,103.2,72.0,106.0,
71034,26,39016.5,177.0,6027170.0,6.0,6.46,1315.0,2014.0,10.97,116467407.0,1.0,8.0,1090.0,6.46,74.93,7.0,71034.0,2.75,2.0,4.0,2.5,3.0,2020.0,77.0,87.0,6.5,
71063,11,20119.0,150.0,17230076.0,9.0,6.42,1070.0,2006.0,11.07,117006931.0,1.0,6.5,890.0,6.42,34.2,6.0,71063.0,1.5,2.5,4.0,1.0,1.0,2018.0,112.25,250.0,3.0,
71065,10,8272.5,193.0,14898432.5,11.0,6.42,1150.0,1984.5,11.07,116251625.5,1.0,3.5,940.0,6.42,67.5,6.0,71065.0,2.5,2.5,3.0,2.5,2.5,2020.0,105.0,,163.5,
71067,5,12136.0,120.0,18592505.0,8.0,6.42,1400.0,2016.0,11.07,117181208.0,1.0,9.0,1200.0,6.42,58.0,7.0,71067.0,2.0,2.0,9.0,2.0,2.0,2019.0,66.0,,2.0,
71069,7,41505.0,250.0,17124610.0,10.0,6.42,1412.5,1987.5,11.07,116551597.0,1.0,4.0,1275.0,6.42,110.88,7.0,71069.0,3.5,1.0,2.0,3.0,5.0,2015.0,157.0,50.0,7501.0,
71083,19,37802.0,230.0,16758364.0,16.0,5.89,1570.0,1993.0,9.84,116296941.0,1.0,5.0,1300.0,5.89,98.0,7.0,71083.0,3.5,1.0,3.0,3.0,4.0,2019.5,57.15,85.0,5.0,
71088,7,40660.0,250.0,17988217.0,12.0,5.74,1450.0,2017.0,9.69,116642401.0,1.0,9.0,1200.0,5.74,96.0,7.0,71088.0,3.0,2.0,3.0,3.0,4.0,2018.5,61.0,,130.0,
71093,2,39192.0,200.0,308652.5,23.0,5.93,1185.0,2010.0,10.61,116335996.5,2.0,7.0,955.0,5.93,73.005,5.5,71093.0,2.75,1.0,,2.5,3.5,2019.0,114.4,,,
71101,4,6801.0,195.0,18475370.0,12.5,6.35,1170.0,1985.0,9.82,117282243.0,1.0,4.0,995.0,6.35,79.5,6.5,71101.0,3.5,1.5,3.0,3.0,3.5,2016.0,86.8,,,
71106,6,31888.5,250.0,17397047.0,12.0,6.03,1345.0,1990.0,11.1,116872056.0,2.0,4.0,1095.0,6.03,101.5,6.5,71106.0,4.25,2.0,2.0,4.0,4.5,2006.5,111.85,0.0,,
71111,2,10421.5,230.0,2019013.5,18.0,6.605,1162.5,1971.5,10.11,111429657.0,1.0,5.0,902.5,6.15,78.0,6.0,71111.0,2.75,2.5,4.0,2.5,3.0,2018.0,,,,
71116,6,6720.5,240.0,17440924.5,12.0,6.365,1395.0,2004.0,10.27,116597486.0,1.0,6.5,1150.0,6.34,89.0,7.0,71116.0,3.5,2.0,3.0,3.5,4.0,2015.0,24.0,,,
71120,8,31432.5,165.0,16531676.5,10.5,6.21,1200.0,2012.5,9.43,116920650.5,1.0,8.0,1062.5,6.21,76.5,7.0,71120.0,3.0,1.0,2.0,3.0,3.0,2019.0,58.45,,1.0,
71126,2,36340.0,100.0,13281498.0,12.0,5.71,1300.0,2020.0,9.82,116771705.5,1.0,9.0,1175.0,5.71,92.8,7.0,71126.0,3.0,1.0,2.0,3.0,4.0,2020.0,16.4,,,
71129,1,20716.0,150.0,18459590.0,9.0,5.64,1300.0,1985.0,9.82,117058560.0,1.0,4.0,1150.0,5.64,115.0,7.0,71129.0,4.0,1.0,1.0,4.0,5.0,2020.0,,,,
71134,1,9016.0,200.0,18620028.0,13.0,5.86,1000.0,,9.66,116997964.0,1.0,,1000.0,5.86,106.0,6.0,71134.0,4.0,1.0,2.0,4.0,5.0,,,,,
71139,1,60318.0,300.0,4349685.0,40.0,6.0,1790.0,2010.0,9.72,115676428.0,1.0,7.0,1450.0,6.0,123.0,7.0,71139.0,4.0,2.0,4.0,4.0,6.0,2010.0,,,,
71144,4,32372.0,165.0,16565140.5,3.5,5.83,1035.0,2005.0,10.13,116823536.0,2.0,6.0,975.0,5.83,80.5,6.5,71144.0,3.5,1.5,2.5,3.5,3.5,2020.0,82.0,,,
71149,5,69092.0,190.0,15844622.0,9.0,5.71,1435.0,2004.0,9.41,113643673.0,1.5,6.0,1100.0,5.71,115.0,7.0,71149.0,4.0,2.0,3.0,4.0,5.0,2019.0,39.0,,6.0,
71154,1,10444.0,180.0,14219755.0,3.0,5.69,1330.0,2020.0,9.63,117224409.0,2.0,9.0,1150.0,5.69,87.0,7.0,71154.0,3.5,1.0,2.0,3.0,4.0,,,,,
71159,1,65724.0,390.0,15733940.0,24.0,5.94,1690.0,1972.0,10.5,115424787.0,2.0,3.0,1300.0,5.94,98.0,7.0,71159.0,4.5,1.0,2.0,4.0,4.0,,117.0,,,
71229,51,26105.0,180.0,16934164.0,13.0,6.3,1220.0,1995.0,11.05,116703324.0,1.0,5.0,1080.0,6.3,77.0,7.0,71229.0,3.0,1.0,3.0,3.0,3.0,2016.0,87.75,120.0,2.0,
71254,8,16391.5,25.0,14156315.0,8.5,6.08,1350.0,1984.0,11.0,116981167.0,1.0,4.0,1177.5,6.08,61.0,7.0,71254.0,2.25,2.0,3.0,2.0,2.5,2014.0,128.0,,3.0,
71263,3,58449.0,200.0,151888.0,21.0,6.65,1390.0,2014.0,10.1,114618971.0,1.0,8.0,1350.0,6.65,83.0,7.0,71263.0,2.5,1.0,,2.0,4.0,2019.0,95.0,101.0,1.0,
71272,9,20937.0,150.0,17053710.0,10.0,6.45,1410.0,1992.0,10.81,116162877.0,1.0,5.0,1160.0,6.45,70.0,7.0,71272.0,2.5,1.0,2.0,2.0,3.0,2020.0,52.0,28.0,6.0,
71277,8,33139.0,175.0,18187760.0,9.5,6.904999999999999,1450.0,2020.0,10.22,116905693.0,1.0,9.0,1100.0,6.904999999999999,77.5,6.5,71277.0,3.0,1.0,3.0,3.0,3.0,2019.0,,0.0,,
71282,5,12627.0,162.5,18214823.0,9.0,6.21,1190.0,1977.0,12.44,116547876.0,1.0,3.0,950.0,6.21,58.0,6.0,71282.0,2.5,1.0,3.0,2.0,2.0,2019.0,139.0,,,
71287,6,24231.5,140.0,17518194.0,6.5,6.24,755.0,1997.0,11.28,116765445.5,1.5,5.0,690.0,6.24,46.5,5.0,71287.0,1.75,1.5,3.0,1.5,1.5,2018.0,150.8,0.0,2.0,
71296,2,19723.5,190.0,18104156.5,10.5,6.52,1465.0,2017.0,13.3,106807106.0,1.0,9.0,1275.0,6.52,119.0,7.0,71296.0,4.0,0.0,2.5,4.0,5.0,,,,,
71297,5,64700.0,180.0,423108.0,10.0,6.52,1405.0,2019.0,12.33,115471405.0,1.0,9.0,1200.0,6.52,105.33,7.0,71297.0,4.0,1.5,2.0,4.0,5.0,2020.0,21.0,,,
71332,7,18076.0,70.0,17521431.0,9.0,5.75,1080.0,1975.0,9.16,115593571.0,1.0,3.0,920.0,5.75,43.0,6.0,71332.0,2.0,2.5,3.0,2.0,2.0,2019.0,67.0,150.0,,
71334,2,44905.0,147.5,8275121.0,14.0,5.175,825.0,1974.0,9.16,106531615.0,1.0,3.0,1140.0,5.75,118.0,6.0,71334.0,4.0,1.0,2.0,3.5,5.0,,149.0,,,
71336,3,43722.0,200.0,9594.0,6.0,5.75,1765.0,1999.0,9.16,116585079.0,1.0,5.0,1450.0,5.75,130.0,7.0,71336.0,4.0,1.0,2.0,4.0,6.0,,49.6,,,
71364,9,40769.0,170.0,5394580.0,12.0,5.52,1150.0,2000.0,7.86,116103072.0,1.0,6.0,980.0,5.52,82.0,6.0,71364.0,3.0,1.5,3.0,3.0,4.0,2019.0,86.0,100.0,3.0,
71384,5,15052.0,210.0,16993491.0,10.0,5.66,1120.0,1997.0,7.7299999999999995,116958093.0,1.0,5.0,1050.0,5.445,95.0,7.0,71384.0,4.0,2.0,3.0,4.0,4.0,2018.0,,,,
71394,5,25594.0,200.0,17383191.0,8.0,5.62,1500.0,2007.0,8.54,117004728.0,1.0,7.0,1300.0,5.62,125.0,7.0,71394.0,3.5,3.0,3.0,3.0,6.0,2019.0,103.0,84.5,1.0,86971.0
71397,2,16341.5,150.0,8207675.0,12.5,5.71,915.0,1968.0,8.62,117106742.5,1.0,2.0,765.0,5.71,57.0,5.0,71397.0,2.5,2.0,2.0,2.5,2.0,2020.0,144.9,,,
71404,2,29024.0,235.0,9630173.5,11.5,5.63,1550.0,2016.0,8.6,116716471.0,1.5,8.5,1290.0,5.63,86.0,7.0,71404.0,3.75,1.0,2.0,3.5,4.0,,56.7,,2.0,
71406,1,39993.0,190.0,5394580.0,9.0,5.91,,1990.0,8.07,116750132.0,1.0,4.0,900.0,5.91,90.0,6.0,71406.0,3.5,1.0,,3.0,4.0,,97.0,100.0,,
71409,1,69926.0,150.0,5394580.0,6.0,5.91,,1990.0,8.07,115101931.0,1.0,4.0,925.0,5.91,80.0,6.0,71409.0,3.5,1.0,,3.0,3.0,,97.0,130.0,,
71522,14,29872.0,165.0,17045906.0,11.0,5.37,920.0,1981.5,8.59,116434127.0,1.0,4.0,740.0,5.37,77.5,5.0,71522.0,3.0,1.0,2.0,3.0,3.0,2018.0,165.4,0.0,10.0,
71540,4,21538.5,125.0,18601931.5,3.5,5.06,935.0,1961.5,8.46,117084229.5,3.0,2.0,795.0,5.06,90.0,5.0,71540.0,3.75,2.0,2.0,3.5,3.5,2019.5,,,,
71543,4,21145.0,120.0,17222701.5,8.5,5.23,900.0,1994.0,9.43,112577567.5,1.0,5.0,707.5,5.23,80.0,5.0,71543.0,2.5,1.0,2.0,2.5,3.0,2016.5,136.0,,1.0,
71546,1,3343.0,70.0,15783812.0,7.0,5.19,820.0,,8.49,107122222.0,1.0,,750.0,5.19,50.0,5.0,71546.0,2.0,2.0,2.0,2.0,2.0,2019.0,,,,
71549,1,41107.0,300.0,438590.0,24.0,5.13,1650.0,2000.0,7.96,116680227.0,2.0,5.0,1250.0,5.13,147.0,7.0,71549.0,3.0,,,3.0,6.0,,86.0,,,
71560,2,21062.0,150.0,10702373.5,6.5,5.5649999999999995,850.0,2016.0,7.195,114065534.0,1.0,8.5,700.0,5.5649999999999995,63.5,4.0,71560.0,2.5,1.0,2.0,2.5,3.0,,150.0,,,
71566,1,30806.0,250.0,18617608.0,8.0,5.01,1250.0,1983.0,8.53,116948241.0,1.0,4.0,1000.0,5.01,120.0,6.0,71566.0,3.0,1.0,1.0,3.0,5.0,2020.0,69.9,,,
71570,2,5615.5,200.0,17585779.0,9.0,6.38,905.0,1991.0,5.92,114834191.0,2.0,5.0,830.0,6.38,82.0,6.0,71570.0,3.25,2.0,,3.0,3.5,,,150.0,,
71573,1,19350.0,120.0,17358554.0,22.0,5.54,1020.0,1992.0,8.45,117070891.0,2.0,5.0,900.0,5.54,77.0,6.0,71573.0,3.0,1.0,1.0,3.0,3.0,,,,,
71577,3,17658.0,132.0,17376355.0,6.0,6.44,758.0,1975.0,7.79,117094763.0,1.0,3.0,626.0,6.44,74.0,5.0,71577.0,3.0,1.0,4.0,3.0,3.0,2020.0,,0.0,,
71634,17,22218.0,150.0,17739025.0,8.0,6.56,1010.0,1985.5,11.89,116996128.0,1.0,4.0,910.0,6.56,69.0,6.0,71634.0,3.0,2.0,3.5,3.0,3.0,2019.0,153.0,0.0,1.5,
71636,21,30152.0,200.0,16787318.0,7.0,6.56,1400.0,2019.0,11.89,116756218.0,1.0,9.0,1190.0,6.56,79.58,7.0,71636.0,3.0,2.0,3.0,3.0,3.0,2015.0,137.0,50.0,0.0,
71638,15,35648.0,200.0,16510669.0,10.0,6.56,1252.5,1991.0,11.89,116324622.0,2.0,4.5,1100.0,6.56,75.0,7.0,71638.0,3.0,2.0,3.0,3.0,3.0,2020.0,84.0,100.0,5500.0,
71640,9,20656.0,130.0,17496912.0,13.0,6.56,930.0,1961.0,11.89,117060637.0,1.0,2.0,980.0,6.56,80.0,6.0,71640.0,3.0,1.0,3.0,3.0,3.0,2020.0,139.5,110.0,,
71642,10,9852.5,225.0,16423631.0,12.0,6.56,1445.0,1983.0,11.89,116169210.5,1.0,3.5,1220.0,6.56,80.5,7.0,71642.0,3.0,1.5,3.0,3.0,3.5,2017.0,144.5,45.0,1.0,
71665,9,12641.0,155.0,17806432.0,6.0,5.88,870.0,1990.0,9.82,116552064.0,1.0,4.0,650.0,5.88,70.0,5.0,71665.0,3.0,2.5,2.0,3.0,3.0,2014.0,184.5,,,
71672,6,36456.0,115.0,17736927.5,11.0,5.68,850.0,1991.0,10.5,115934766.0,1.0,5.0,800.0,5.68,57.5,5.5,71672.0,1.75,1.0,2.0,1.5,2.5,2017.0,94.3,0.0,1.0,
71679,4,33625.5,172.5,15172274.0,14.0,6.38,1505.0,2018.0,12.17,116728578.0,1.0,9.0,1345.0,6.38,81.7,7.0,71679.0,3.75,2.5,5.0,3.5,3.5,,,,3.0,
71686,8,15624.5,160.0,10488417.0,15.0,6.32,1030.0,1990.0,11.41,116562549.0,1.0,4.0,875.0,6.32,87.9,6.0,71686.0,3.0,1.5,3.0,3.0,3.5,2017.0,114.8,0.0,,
71691,4,12083.0,160.0,18027797.5,10.0,6.04,1050.0,1989.5,10.73,116952805.0,1.0,4.5,890.0,6.04,82.0,6.0,71691.0,3.5,3.0,3.0,3.0,3.5,2012.5,129.0,,2404.0,
71696,2,31115.0,200.0,18113763.0,7.0,6.16,1275.0,1978.0,11.42,112995547.5,1.0,3.0,1075.0,6.16,75.11,6.5,71696.0,3.25,1.5,2.0,3.0,3.0,2017.0,96.4,,,
71701,9,16889.0,180.0,14004676.0,8.0,5.78,1055.0,1980.5,10.0,116460888.0,1.0,3.5,900.0,5.78,75.0,6.0,71701.0,2.5,3.0,3.0,2.0,3.0,2017.0,166.0,,500.5,
71706,5,35865.0,250.0,16345606.0,17.0,5.72,1432.5,1986.0,10.85,115614918.0,1.0,4.0,1150.0,5.72,101.0,7.0,71706.0,4.5,1.0,2.0,4.0,5.0,2016.0,,,1000.0,
71711,6,25827.0,210.0,9394707.0,6.5,6.0,1264.0,1996.0,11.09,116938447.5,1.0,5.0,955.0,6.0,102.08500000000001,6.0,71711.0,3.5,1.5,2.0,3.0,5.0,2020.0,133.3,100.0,1.0,
71717,3,22392.0,150.0,18588046.0,12.0,5.58,990.0,1991.0,11.29,117034513.0,1.5,5.5,850.0,5.58,84.0,6.0,71717.0,3.0,1.5,2.5,3.0,4.0,2020.0,101.0,,,
71720,1,79995.0,340.0,406797.0,10.0,5.91,2010.0,2015.0,9.52,113652157.0,1.0,8.0,1670.0,5.91,171.46,8.0,71720.0,4.5,,,4.0,7.0,,16.0,,2.0,
71723,4,30992.0,187.5,12029467.5,11.0,5.81,1350.0,2015.5,9.58,116943032.5,1.0,8.5,970.0,5.81,71.5,6.5,71723.0,2.5,1.0,3.0,2.5,3.0,2010.0,38.0,,,
71726,1,6798.0,50.0,17898004.0,25.0,5.81,1030.0,1962.0,,103664479.0,0.0,2.0,920.0,,78.0,6.0,71726.0,2.5,0.0,3.0,2.0,3.0,2015.0,,60.0,,
71729,1,36803.0,175.0,5355927.0,28.0,6.65,1665.0,2003.0,9.6,116824955.0,1.0,6.0,1490.0,6.65,138.0,7.0,71729.0,6.0,2.0,2.0,5.0,6.0,2020.0,,,,
71732,6,37685.5,225.0,16009593.0,7.5,6.41,1530.0,2008.0,11.19,116565970.5,1.0,7.0,1250.0,6.41,70.5,7.0,71732.0,2.25,1.5,3.0,2.0,3.0,,143.0,,1.0,
71735,3,6369.0,0.0,14156315.0,17.0,6.47,1800.0,2016.0,11.32,117312037.0,1.0,9.0,1800.0,6.47,82.0,8.0,71735.0,3.0,1.0,,3.0,4.0,,16.0,,3.0,
71737,2,35471.0,175.0,17638262.0,12.0,5.195,1107.5,2019.0,8.68,116426918.5,1.0,9.0,920.0,5.195,102.5,6.0,71737.0,3.25,2.0,2.0,3.0,4.5,,,,,
72070,20,27457.0,150.0,7839674.0,6.5,3.94,1040.0,1986.0,8.89,116695745.5,1.0,4.0,830.0,3.94,70.08500000000001,5.5,72070.0,2.0,1.0,3.0,2.0,3.0,2018.0,147.8,0.0,2.0,
72072,20,43390.0,230.0,16198601.5,9.5,3.94,1466.0,2012.5,8.89,116279330.0,1.0,8.0,1209.5,3.94,78.83500000000001,7.0,72072.0,3.0,3.5,4.0,3.0,3.0,2019.0,58.3,160.0,,81901.0
72074,12,27801.5,120.0,14898196.5,8.5,3.94,688.0,1990.0,8.89,110298737.0,1.0,4.5,575.0,3.94,33.25,4.0,72074.0,1.5,2.0,3.0,1.0,1.0,2017.0,111.565,28.0,2.5,
72076,1,6588.0,110.0,16161195.0,11.0,3.94,530.0,1988.0,8.89,117305515.0,1.0,4.0,420.0,3.94,34.0,3.0,72076.0,1.0,,,1.0,1.0,,,,,
72108,17,27809.0,120.0,14519854.0,9.0,3.86,800.0,1993.5,7.14,116982085.0,1.0,5.0,750.0,3.86,68.0,5.0,72108.0,2.0,1.0,2.0,2.0,3.0,2015.0,118.05,140.0,3.0,
72116,5,12939.0,180.0,18372300.0,8.0,4.82,995.0,1990.0,7.55,117162775.0,1.0,4.5,795.0,4.82,78.0,5.0,72116.0,3.0,2.0,2.5,3.0,3.0,2019.5,111.45,,12.0,
72119,4,11506.5,150.0,18575001.0,9.5,3.76,1060.0,1992.5,6.35,117200696.0,1.0,5.0,875.0,3.76,88.5,5.5,72119.0,2.75,1.0,2.0,2.5,4.0,2016.0,102.0,100.0,,
72124,5,32184.0,300.0,18607560.0,19.0,3.78,1765.5,1995.0,7.73,116880300.0,1.5,5.0,1460.0,3.78,139.0,7.0,72124.0,4.0,1.0,2.5,4.0,6.0,2020.0,53.2,,1.0,
72127,1,45787.0,200.0,7309872.0,23.0,4.06,1100.0,1993.0,9.06,116489293.0,2.0,5.0,900.0,4.06,82.5,6.0,72127.0,3.0,0.0,4.0,3.0,4.0,,120.0,,,
72131,5,26535.0,150.0,18002337.0,15.0,4.18,1130.0,2016.5,7.27,116993899.0,1.0,8.5,980.0,4.18,113.0,6.0,72131.0,3.5,2.0,2.0,3.0,5.0,2020.0,45.6,90.0,,
72135,2,39318.0,175.0,9165522.0,10.5,3.575,1100.0,1979.5,6.5,113601330.5,2.0,3.5,925.0,3.575,92.0,4.5,72135.0,3.75,,,3.5,3.5,,137.1,,,
72138,1,4748.0,110.0,900193.0,7.0,4.21,650.0,,7.37,104186934.0,1.0,,540.0,4.21,39.0,4.0,72138.0,1.5,0.0,2.0,1.0,1.0,,108.07,,,
72141,1,13742.0,0.0,16431318.0,14.0,3.83,1930.0,,7.51,117157086.0,,,1930.0,3.83,100.0,8.0,72141.0,4.0,,,4.0,4.0,,,0.0,3.0,
72144,3,29609.0,225.0,18381872.0,11.0,4.1,1450.0,,5.33,116963013.0,2.0,,1200.0,4.1,110.0,7.0,72144.0,5.0,1.0,2.0,5.0,5.0,2020.0,,,,
72147,1,31936.0,130.0,16977263.0,3.0,3.58,1125.0,,5.98,102195603.0,,,995.0,3.58,134.0,6.0,72147.0,3.0,,,3.0,6.0,2019.0,115.0,,,
72157,1,21427.0,200.0,15461148.0,4.0,5.43,750.0,2019.0,,61642525.0,1.0,9.0,525.0,5.43,87.0,4.0,72157.0,2.0,1.0,3.0,2.0,4.0,2020.0,,,,
72160,11,36967.0,135.0,16784064.0,8.0,4.99,750.0,1985.5,14.48,115256626.0,1.0,4.0,610.0,4.99,71.0,5.0,72160.0,2.5,2.0,3.0,2.0,3.0,2018.0,124.05,80.0,7.0,
72172,4,45310.5,150.0,17240467.5,9.0,4.31,860.0,2015.5,8.19,116457360.0,1.5,8.5,710.0,4.31,84.0,5.0,72172.0,3.25,1.0,2.0,3.0,4.0,2019.0,67.9,,,
72175,1,46484.0,180.0,17651261.0,2.0,4.28,,2019.0,7.75,116453948.0,1.0,9.0,605.0,4.28,71.22,5.0,72175.0,2.0,,,2.0,3.0,,,,,
72178,2,4836.5,190.0,18629606.5,6.5,5.375,860.0,1975.0,13.129999999999999,117321351.0,1.5,5.0,670.0,5.375,80.0,4.5,72178.0,2.75,0.5,2.0,2.5,3.0,2020.0,,,,
72181,1,23810.0,100.0,15680258.0,14.0,4.26,800.0,,5.92,105323992.0,1.0,,700.0,4.26,103.0,5.0,72181.0,4.0,,,4.0,5.0,2015.0,,,,
72189,2,16700.0,160.0,17768684.0,9.5,5.62,947.5,1988.5,10.08,117149690.0,1.0,5.5,787.5,5.62,104.86,5.5,72189.0,3.5,1.5,2.5,3.0,5.0,2018.5,64.5,,,
72202,14,14115.5,185.0,16548074.0,9.0,6.87,870.0,1997.5,15.97,117127909.0,1.0,5.0,850.0,6.87,83.0,6.0,72202.0,3.25,2.0,2.0,3.0,4.0,2020.0,128.75,110.0,2.0,86677.0
72213,6,17061.0,150.0,18457597.0,12.0,6.13,765.0,1999.0,14.7,117121061.5,1.0,5.0,625.0,6.13,80.0,5.0,72213.0,3.0,1.0,4.0,3.0,3.5,2017.5,103.0,,,
72218,1,20626.0,100.0,18623150.0,5.0,6.71,730.0,,15.62,117060790.0,1.0,,630.0,6.71,90.0,5.0,72218.0,2.5,1.0,3.0,2.0,4.0,,,,,
72221,2,24015.0,210.0,16688783.5,14.0,7.35,660.0,1972.0,15.76,117022082.5,,3.0,662.5,7.35,107.5,4.5,72221.0,3.75,1.5,2.5,3.5,4.5,2020.0,,,,
72224,5,21048.0,200.0,10353084.0,10.0,6.52,790.0,1990.0,16.89,117053360.0,1.5,4.0,630.0,6.52,80.0,5.0,72224.0,3.0,2.0,3.0,3.0,3.0,2020.0,76.0,,106.0,
72250,17,21013.0,180.0,15600146.0,10.0,5.29,844.0,1998.5,13.52,117054043.0,1.0,5.0,645.0,5.29,70.0,5.0,72250.0,2.5,2.0,3.0,2.0,3.0,2016.0,72.0,55.0,5.0,
72270,7,31177.0,200.0,16499426.0,12.0,5.01,860.0,1976.0,11.24,116905173.0,1.0,3.0,590.0,5.01,95.0,4.0,72270.0,2.5,1.5,3.0,2.0,4.0,2019.5,162.0,,1.0,
72275,4,71560.5,125.0,7473037.0,39.5,5.37,550.5,1958.0,13.64,114881218.0,1.0,2.0,420.5,5.37,58.73,3.0,72275.0,3.0,1.0,3.0,3.0,2.0,2017.5,99.1,,,
72280,6,42352.0,145.0,172835.0,11.5,5.36,865.0,1990.5,15.36,116611848.0,1.0,4.5,565.0,5.36,78.5,4.0,72280.0,3.0,1.0,4.0,3.0,3.5,2015.0,71.2,,5.0,
72285,6,20031.0,160.0,12002183.0,12.0,4.78,890.0,2012.0,14.44,113262152.5,1.0,8.0,690.0,4.78,91.0,5.0,72285.0,3.5,2.0,3.0,3.5,4.0,2020.0,111.0,,1002.0,
72290,3,16512.0,180.0,17359372.0,14.0,4.96,844.0,1992.0,16.27,112759282.0,2.0,5.0,600.0,5.105,84.15,4.0,72290.0,3.0,4.0,4.0,3.0,4.0,2019.0,121.0,,,
72336,22,24115.0,250.0,17174274.0,8.5,4.76,1230.0,2013.5,8.91,116867470.5,1.0,8.0,945.0,4.76,98.5,6.0,72336.0,3.0,2.0,2.0,3.0,4.0,2018.0,37.0,,,
72355,3,38644.0,180.0,832893.0,20.0,4.65,880.0,1962.0,3.98,114416144.0,1.0,2.0,700.0,4.65,102.0,5.0,72355.0,4.0,1.5,1.5,4.0,5.0,2013.0,121.0,,,
72369,1,48025.0,240.0,16567728.0,4.0,4.28,,1994.0,,116390727.0,2.0,5.0,650.0,4.28,94.0,5.0,72369.0,3.0,0.0,3.0,3.0,4.0,,113.91,,1.0,
72379,3,35445.0,220.0,5453147.0,1.0,5.38,1060.0,1951.0,9.22,116851821.0,1.0,3.5,840.0,5.38,86.0,6.0,72379.0,3.5,2.0,3.0,3.0,4.0,2018.5,,,,
72393,1,53645.0,250.0,18591683.0,14.0,5.74,950.0,2000.0,5.5,116101643.0,2.0,5.0,700.0,5.74,90.0,5.0,72393.0,3.0,,,3.0,4.0,2020.0,,,,
72401,4,30484.5,120.0,11272833.0,14.5,4.81,1030.0,1907.5,7.06,116946199.5,1.0,4.5,800.0,4.81,111.0,5.5,72401.0,3.75,0.5,2.0,3.5,5.0,2014.0,147.25,,,
72406,1,24873.0,150.0,18578552.0,14.0,4.66,990.0,2020.0,8.36,117010787.0,1.0,9.0,840.0,4.66,74.0,6.0,72406.0,3.0,0.0,2.0,3.0,3.0,,,,,
72411,4,51850.0,200.0,11964972.0,16.0,5.43,1140.0,1995.0,7.55,116155693.5,2.0,5.0,795.0,5.43,83.75,5.5,72411.0,3.5,0.5,2.0,3.5,4.0,2018.0,20.1,,72411.0,
72458,26,37838.0,150.0,16813357.0,9.0,4.95,795.0,1995.0,8.45,116655003.0,1.0,5.0,635.0,4.95,74.5,5.0,72458.0,3.0,2.0,4.0,3.0,3.0,2015.5,98.7,0.0,768.5,
72459,2,9651.5,115.0,18121550.0,7.5,5.300000000000001,480.0,1992.0,8.96,117229833.5,1.0,5.0,365.0,5.300000000000001,47.0,2.5,72459.0,1.75,0.5,2.5,1.5,2.0,2017.0,,,,
72461,4,38093.0,135.0,16345418.0,17.0,4.95,685.0,1967.0,8.45,102045768.0,1.0,2.0,555.0,4.95,56.5,4.0,72461.0,2.5,2.5,4.5,2.5,2.0,2020.0,152.0,,,
72469,2,17822.5,200.0,14761528.0,6.0,6.55,647.5,1982.0,8.85,117139068.5,1.0,3.5,447.5,6.55,78.5,2.5,72469.0,3.0,1.0,1.5,3.0,3.5,2020.0,,,,
72474,2,8706.5,250.0,18627517.0,6.0,4.15,650.0,1988.0,9.84,117269994.5,1.0,4.0,400.0,4.15,60.0,2.0,72474.0,2.0,2.0,2.0,2.0,2.0,,,,,
72488,5,11732.0,180.0,17966388.0,8.0,4.38,810.0,1985.0,11.85,117151093.0,1.0,4.0,585.0,4.38,72.0,4.0,72488.0,2.5,1.0,3.0,2.0,3.0,2008.0,130.0,,,
72505,2,30580.5,105.0,12008366.0,8.0,5.33,540.0,1993.0,10.32,116901464.0,1.0,5.0,397.5,5.33,53.72,2.5,72505.0,1.75,0.5,4.5,1.5,2.0,,55.0,,,
72510,1,21464.0,250.0,15461148.0,1.0,5.56,825.0,,,117048300.0,,,575.0,5.56,95.0,4.0,72510.0,3.0,2.0,4.0,3.0,4.0,2012.0,,,,
72514,1,5397.0,65.0,15970351.0,19.0,1.89,565.0,1848.0,,72261671.0,1.0,1.0,500.0,,90.0,3.0,72514.0,4.0,2.0,2.0,4.0,4.0,2013.0,95.8,,,
72517,3,43318.0,90.0,849484.0,5.0,5.25,700.0,1965.0,14.52,116567619.0,1.0,2.0,580.0,5.25,60.0,4.0,72517.0,3.0,1.0,3.0,3.0,2.0,2020.0,,,9.0,
72519,2,26813.5,190.0,17524156.5,17.5,4.904999999999999,780.0,1967.0,8.87,108226770.0,1.0,2.0,590.0,5.81,110.5,4.0,72519.0,4.25,1.0,2.5,4.0,5.0,2017.0,73.2,,,
72525,6,39509.5,205.0,17064179.0,11.5,3.63,915.0,1994.5,6.45,116645653.5,1.0,5.0,685.0,3.63,84.065,5.0,72525.0,3.5,2.0,2.0,3.0,4.0,2017.0,143.6,100.0,1.0,
72534,1,84742.0,150.0,14221480.0,29.0,6.22,,2004.0,0.43,111845073.0,1.0,6.0,780.0,6.22,98.0,5.0,72534.0,2.0,,2.0,2.0,4.0,,,,,
72555,9,20902.0,170.0,15725425.0,13.0,4.44,1100.0,2000.0,9.5,116490874.0,1.0,5.0,895.0,4.44,81.0,6.0,72555.0,3.5,1.0,4.0,3.0,4.0,2016.5,97.75,,,
72581,4,15263.0,165.0,8236243.0,17.0,4.08,800.0,1982.0,8.24,81299077.0,0.5,3.5,750.0,4.08,71.5,5.5,72581.0,3.25,1.0,3.0,3.0,3.0,2015.5,116.55,,4.0,
72585,1,34940.0,190.0,18614258.0,21.0,4.13,1270.0,,8.35,116879779.0,2.0,,1080.0,4.13,120.0,7.0,72585.0,5.0,2.0,3.0,5.0,5.0,,,,,
72587,2,27877.5,157.0,17837956.0,17.0,4.07,1100.0,1990.5,10.16,116977190.0,1.0,4.5,1030.0,4.07,135.0,6.5,72587.0,4.25,2.0,3.0,4.0,5.5,2019.0,108.6,45.0,,
72622,39,32332.0,103.99000000000001,12321175.0,9.0,4.65,700.0,1912.0,8.25,116758701.0,1.0,1.0,550.0,4.65,45.0,4.0,72622.0,2.0,1.0,3.0,2.0,2.0,2018.0,126.55,,55.0,85872.5
72631,8,34247.0,140.0,17305737.0,12.5,4.64,825.0,1992.0,8.62,116564254.0,1.0,5.0,625.0,4.64,39.295,4.5,72631.0,1.5,1.0,3.0,1.5,1.5,2019.0,88.0,90.0,36316.5,
72636,4,8129.0,150.0,10380044.0,7.5,4.44,675.0,1986.0,9.55,97049199.0,1.0,4.0,675.0,4.44,67.0,5.0,72636.0,2.75,0.0,1.0,2.5,2.5,2017.0,114.5,50.0,,
72649,1,6320.0,0.0,14156315.0,18.0,5.17,1340.0,2018.0,7.61,117312431.0,,9.0,1340.0,5.17,41.0,7.0,72649.0,1.5,1.0,,1.0,2.0,,,,3.0,
72654,2,35133.0,245.0,12994559.0,18.0,4.140000000000001,1205.0,1976.5,9.26,107392813.0,1.0,3.0,960.0,4.140000000000001,92.5,6.0,72654.0,3.25,2.0,2.5,3.0,4.0,,119.5,,2.0,
72655,2,9356.5,25.0,12597246.0,11.5,4.17,782.5,1966.0,8.95,117232949.0,1.5,2.0,770.0,4.17,64.0,5.5,72655.0,2.75,1.0,2.0,2.5,2.5,2020.0,164.3,0.0,36328.5,
72657,2,18256.0,275.0,16100660.0,10.5,4.265000000000001,1625.0,2006.0,5.95,97559507.0,1.0,7.0,1350.0,4.265000000000001,150.0,7.0,72657.0,5.0,2.0,2.0,4.0,6.0,,71.0,,,
72660,1,62721.0,130.0,8763174.0,4.0,4.88,480.0,1985.0,10.97,109514903.0,1.0,4.0,350.0,4.88,35.0,2.0,72660.0,1.0,1.0,2.0,1.0,1.0,2019.0,156.9,,72662.0,
72663,1,31307.0,200.0,18616764.0,22.0,5.08,990.0,1973.0,6.75,116938254.0,,3.0,790.0,5.08,80.0,5.0,72663.0,3.5,2.0,2.0,3.0,3.0,2018.0,,,,
72664,1,17036.0,100.0,16558232.0,10.0,5.14,1150.0,1947.0,4.31,117100178.0,1.0,1.0,1050.0,5.14,150.0,7.0,72664.0,5.0,2.0,3.0,5.0,6.0,2010.0,,,,
72669,1,20175.0,0.0,16431318.0,12.0,4.73,790.0,,8.8,117064124.0,,,790.0,4.73,35.0,5.0,72669.0,1.0,,,1.0,1.0,,,0.0,2.0,
72725,1,8072.0,70.0,15462512.0,16.0,0.93,949.0,,6.93,96274171.0,1.0,,779.0,0.93,82.0,5.0,72725.0,2.0,3.0,3.0,2.0,4.0,2017.0,,90.0,,
72760,6,2776.0,167.5,18267134.0,8.0,3.64,1400.0,2020.0,8.49,117301330.5,1.5,9.0,1185.0,3.64,98.11,6.5,72760.0,2.5,2.0,2.0,2.5,4.5,2020.0,,,,89896.0
72762,15,36397.0,252.5,5394580.0,9.0,3.69,1250.0,2007.0,8.49,116789669.0,1.0,7.0,1150.0,3.69,90.0,7.0,72762.0,3.0,2.0,3.0,3.0,4.0,2019.0,107.75,150.0,2.0,
72764,28,26843.0,197.5,4941122.5,8.5,3.69,1170.0,1998.0,8.49,116853769.0,1.0,5.0,875.0,3.69,80.75999999999999,5.5,72764.0,3.0,1.5,3.0,3.0,3.5,2020.0,102.25,150.0,1.0,
72766,8,35292.5,135.0,16658402.5,10.0,3.69,875.0,1973.0,8.49,111687309.5,1.0,3.0,767.5,3.69,60.0,5.5,72766.0,1.75,1.0,2.5,1.5,2.5,2016.0,138.0,100.0,2.0,
72768,2,22555.0,199.0,18041547.0,15.0,3.69,1020.0,1999.5,8.49,117044198.5,2.0,6.0,935.0,3.69,86.5,6.0,72768.0,3.0,0.5,2.0,3.0,3.5,2011.0,147.0,,,
72770,6,32953.5,230.0,5394580.0,11.0,3.665,1435.0,1979.5,8.49,115326681.5,1.0,3.5,1135.0,3.69,86.975,7.0,72770.0,3.25,1.0,2.0,3.0,3.5,2020.0,124.0,200.0,,
72793,5,25305.0,111.4,8638374.0,10.0,4.41,618.4,1964.0,9.02,115673269.0,,2.0,650.0,4.41,62.0,5.0,72793.0,2.0,2.0,2.0,2.0,3.0,2016.5,175.0,,,
72800,2,19647.5,190.0,7550008.5,3.5,3.95,731.5,2000.5,8.03,116993352.5,1.0,6.0,541.5,3.95,52.5,3.5,72800.0,2.0,2.0,2.5,2.0,2.0,2013.0,,,,
72805,2,11495.0,195.0,18424523.5,0.5,3.755,755.0,1935.0,7.52,117211971.5,,1.0,635.0,3.755,74.0,5.0,72805.0,2.5,1.0,2.0,2.5,3.0,,116.0,,,
72810,1,11826.0,225.0,17732535.0,17.0,2.63,1160.0,2015.0,,100517926.0,1.0,8.0,935.0,,85.0,6.0,72810.0,3.0,1.0,2.0,3.0,4.0,,,,,
72818,1,18929.0,190.0,16866396.0,16.0,3.81,850.0,1923.0,5.08,117073453.0,1.0,1.0,660.0,3.81,88.0,5.0,72818.0,3.5,0.0,2.0,3.0,4.0,2018.0,,,,
72820,1,20367.0,220.0,17610775.0,20.0,3.5,1120.0,,6.93,117061374.0,,,900.0,3.5,120.0,6.0,72820.0,5.5,,,5.0,5.0,,,,,
73027,1,21918.0,200.0,8027576.0,9.0,4.88,1150.0,2006.0,8.56,117034781.0,1.0,7.0,950.0,4.88,102.0,6.0,73027.0,4.0,3.0,3.0,4.0,5.0,,,,,
73033,6,39213.5,197.5,15069879.5,9.5,4.8,1100.0,1964.0,7.96,116658035.0,1.5,2.0,852.5,4.8,95.0,6.0,73033.0,3.0,2.0,3.0,3.0,4.0,2019.5,163.8,,,
73035,7,39384.0,200.0,17882664.0,10.0,4.7,1110.0,2018.0,7.96,115763716.0,1.0,9.0,950.0,4.75,97.96,6.0,73035.0,4.0,1.0,3.0,4.0,4.0,2016.0,79.0,,,
73037,3,43535.0,125.0,2638939.0,8.0,4.7,1240.0,2018.0,7.96,116082558.0,1.0,9.0,912.0,4.7,85.13,6.0,73037.0,3.0,1.0,3.0,3.0,4.0,,96.65,94.0,850.0,
73054,21,38608.0,180.0,16529054.0,9.0,5.56,1080.0,2019.0,7.94,116778319.0,1.0,9.0,880.0,5.574999999999999,83.25,6.0,73054.0,3.0,1.0,2.0,3.0,4.0,2018.0,24.1,57.5,2.0,
73061,5,19478.0,190.0,18050058.0,9.0,5.24,1045.0,1994.0,8.13,117071659.0,1.0,5.0,900.0,5.24,73.0,6.0,73061.0,3.0,2.0,2.0,3.0,3.0,2016.5,148.5,,,
73066,1,41905.0,90.0,2638939.0,12.0,5.12,,1994.0,7.89,116649411.0,1.0,5.0,528.0,5.12,45.0,4.0,73066.0,1.0,,,1.0,2.0,,117.5,,,
73072,1,8351.0,225.0,16824181.0,14.0,4.52,815.0,,7.64,117286240.0,,,590.0,4.52,65.0,4.0,73072.0,3.0,,,3.0,3.0,,,,,
73079,2,29502.0,140.0,17949699.5,6.0,4.875,1060.0,2016.0,7.8,103249949.0,1.0,9.0,920.0,4.875,91.15,6.0,73079.0,3.25,0.5,1.5,3.0,4.0,,,,,
73084,3,20747.0,150.0,16107271.0,6.0,4.72,970.0,2014.0,7.49,116322046.0,1.0,8.0,890.0,4.72,85.76,6.0,73084.0,3.0,1.0,,3.0,4.0,,94.0,,,
73087,2,7234.5,130.0,18532883.5,7.5,4.49,830.0,2010.5,6.54,117299233.5,1.0,7.5,700.0,4.49,67.5,5.0,73087.0,2.25,3.0,3.0,2.0,3.0,,,,,
73092,1,69803.0,100.0,18130463.0,10.0,5.39,900.0,1977.0,8.89,108042505.0,1.0,3.0,750.0,5.39,75.0,5.0,73092.0,2.5,1.0,4.0,2.0,3.0,2018.0,,50.0,,
73095,1,21098.0,150.0,18620356.0,3.0,4.3,950.0,,7.16,117053146.0,,,800.0,4.3,75.0,5.0,73095.0,4.0,,,4.0,3.0,,,,,
73098,1,41672.0,185.0,659276.0,9.0,5.12,985.0,1991.0,8.33,116667957.0,1.0,5.0,740.0,5.12,87.4,5.0,73098.0,3.0,0.0,,3.0,4.0,,124.0,,,
73107,3,8897.0,150.0,18621848.0,15.0,4.88,972.0,1996.0,8.335,117042349.0,1.0,5.0,790.0,5.095,79.6,5.0,73107.0,3.0,1.0,3.0,3.0,3.0,,103.0,,,
73111,1,24668.0,150.0,14544077.0,13.0,5.02,,1979.0,6.27,117012269.0,1.0,3.0,640.0,5.02,83.0,5.0,73111.0,3.0,-1.0,,3.0,4.0,,176.6,50.0,,
73114,1,17003.0,,17587157.0,10.0,5.26,900.0,,9.58,117065380.0,,,750.0,5.26,85.0,5.0,73114.0,3.0,,,3.0,4.0,2020.0,,,,
7318,39,53041.0,61.0,18161839.0,10.0,2.15,442.0,1970.0,6.91,116138111.0,1.0,2.0,320.0,2.15,61.0,2.0,7318.0,3.0,2.0,5.0,3.0,3.0,2019.0,118.0,61.0,,
73207,2,13884.5,75.0,17531079.0,12.5,4.795,1230.0,1930.0,8.350000000000001,117184553.0,2.0,1.0,1155.0,4.795,81.5,6.5,73207.0,3.5,,,3.5,3.5,,,0.0,3.0,
73230,13,27859.0,150.0,17092974.0,9.0,4.91,980.0,1992.0,8.46,115529413.0,1.0,5.0,850.0,4.91,87.0,6.0,73230.0,3.0,2.0,3.0,3.0,4.0,2011.5,106.0,60.0,2.0,
73240,4,9226.0,180.0,18627404.5,10.5,4.71,1237.5,1972.0,8.69,117228394.5,1.0,3.0,1072.5,4.71,99.0,6.5,73240.0,3.0,2.5,3.0,3.0,4.0,2016.5,,,,
73249,4,38603.0,150.0,17921711.0,15.0,4.92,1255.0,2014.0,8.62,113388185.5,1.0,8.0,1155.0,4.92,85.0,7.0,73249.0,3.25,0.5,2.5,3.0,3.5,2018.5,16.6,,20201.0,
73252,1,53683.0,0.0,2451344.0,3.0,5.64,650.0,1930.0,7.67,43202730.0,1.0,1.0,650.0,5.64,45.0,5.0,73252.0,2.0,,,2.0,2.0,,,,,
73257,2,16860.5,125.0,11783172.0,10.5,4.77,1100.0,2014.5,8.21,93574089.5,1.0,8.5,975.0,4.77,95.0,6.0,73257.0,3.25,1.0,2.0,3.0,4.0,,,,,
73262,5,27002.0,200.0,17187938.0,13.0,4.59,1500.0,1999.5,8.19,116990519.0,1.0,6.5,1300.0,4.59,95.0,7.0,73262.0,4.0,2.0,4.0,4.0,4.0,2019.0,27.0,0.0,2.0,
73269,1,26354.0,0.0,16431318.0,13.0,4.7,620.0,,8.83,116996156.0,,,620.0,4.7,20.0,5.0,73269.0,1.0,,,1.0,1.0,,,0.0,2.0,
73278,1,11166.0,148.0,17926890.0,16.0,5.33,818.0,1994.0,,104248576.0,1.0,5.0,670.0,,55.0,5.0,73278.0,3.0,2.0,2.0,3.0,2.0,2018.0,,,,
73312,11,37783.0,160.0,17613527.0,0.0,5.4,1015.0,1994.0,7.03,116327303.0,1.0,5.0,650.0,5.4,73.0,5.0,73312.0,3.0,1.5,4.0,3.0,3.0,2013.0,114.0,75.0,,
73326,2,34743.0,230.0,17942258.0,7.0,5.05,1120.0,1965.0,5.76,116582288.0,1.0,2.0,890.0,5.05,126.0,6.0,73326.0,4.0,0.5,2.0,4.0,6.0,2017.5,,,,
73329,3,12060.0,130.0,17613527.0,14.0,7.3,625.0,1984.0,6.81,110713606.0,1.0,4.0,300.0,7.3,30.0,1.0,73329.0,1.0,2.5,3.0,1.0,1.0,2011.5,151.0,,,
7333,4,42720.5,115.775,12952909.5,9.5,0.78,496.0,1955.0,3.015,115542194.5,1.5,2.0,354.5,0.78,67.0,2.0,7333.0,3.0,1.0,2.0,3.0,3.0,2018.5,108.0,80.0,50.0,
73333,2,16857.5,200.0,16848772.5,9.5,5.095000000000001,1180.0,2018.0,6.505000000000001,106919288.5,1.0,9.0,940.0,5.095000000000001,99.0,6.0,73333.0,3.0,1.5,2.0,3.0,4.5,2019.0,9.0,,1862381342.0,
7334,1,53636.0,40.0,17523546.0,18.0,1.53,845.0,1840.0,,116103119.0,,1.0,705.0,1.53,120.0,5.0,7334.0,4.0,2.0,2.0,4.0,5.0,2019.0,,100.0,,
73342,1,22241.0,230.0,18073101.0,25.0,4.67,1380.0,1998.0,4.92,107068774.0,1.0,5.0,1150.0,4.67,145.0,7.0,73342.0,5.0,3.0,3.0,5.0,6.0,2020.0,90.0,,,
73344,1,23532.0,250.0,523709.0,14.0,4.36,1350.0,2019.0,8.0,117025513.0,1.0,9.0,1050.0,4.36,132.0,7.0,73344.0,5.5,1.0,3.0,5.0,6.0,,,,,
73349,2,20412.5,100.0,11077333.0,7.5,4.245,675.0,1940.0,4.395,109216096.5,1.0,2.0,575.0,4.245,65.5,3.5,73349.0,2.5,1.0,2.5,2.5,3.0,2020.0,,,,
73363,1,26855.0,155.0,18619697.0,0.0,5.02,870.0,,8.35,116991597.0,1.0,,715.0,5.02,53.0,5.0,73363.0,2.0,1.0,3.0,2.0,2.0,,,,,
7338,2,57378.5,140.0,16796042.0,14.5,1.505,541.0,1533.0,4.71,114995574.5,2.0,3.0,471.0,1.505,65.0,3.0,7338.0,3.0,3.0,3.0,3.0,2.5,2019.0,,,,
7343,1,77410.0,110.0,476243.0,7.0,-0.84,,1938.0,-0.86,114171687.0,,1.0,230.0,-0.84,56.3,1.0,7343.0,2.0,,,2.0,2.0,,246.1,,,
73430,19,40884.0,100.0,17242651.0,7.0,4.25,769.5,2000.0,11.31,116361938.0,1.0,5.0,680.0,4.25,60.7,5.0,73430.0,2.0,1.0,3.0,2.0,2.0,2016.0,104.68,50.0,71.0,
73431,5,12495.0,195.0,14929157.0,6.0,4.13,1210.0,2020.0,11.31,117173728.0,1.0,9.0,990.0,4.13,94.0,6.0,73431.0,3.5,2.5,3.5,3.0,4.0,2017.0,64.35,,,88181.0
73432,1,7294.0,190.0,17636642.0,16.0,5.41,1037.0,1962.0,,98158760.0,1.0,2.0,847.0,,90.0,6.0,73432.0,4.0,1.0,2.0,4.0,4.0,2020.0,,,,
73433,4,12648.0,150.0,16107470.0,4.0,4.25,950.0,1980.0,11.31,117154153.5,1.0,3.0,710.0,4.25,105.5,5.0,73433.0,3.75,2.0,4.0,3.5,4.5,2019.0,113.775,,,
73434,3,37471.0,150.0,44077.0,4.0,4.25,821.5,2018.0,11.31,116804908.0,,9.0,900.0,4.25,71.0,6.0,73434.0,2.0,,,2.0,3.0,,42.3,,10.0,
73441,1,68531.0,175.0,18547772.0,5.0,3.72,1200.0,2020.0,11.99,115221705.0,1.0,9.0,1050.0,3.72,115.69,7.0,73441.0,3.5,,3.0,3.0,5.0,,,,,
73457,2,40569.0,180.0,16184475.0,5.5,3.98,,2019.0,10.88,116732952.0,1.0,9.0,885.0,3.98,86.85499999999999,5.5,73457.0,3.0,1.0,,2.5,3.5,,,,,
73463,1,21300.0,190.0,18307987.0,18.0,4.31,820.0,1997.0,9.77,111064865.0,1.0,5.0,630.0,4.31,105.0,5.0,73463.0,4.0,2.0,2.0,4.0,5.0,,,,,
73466,2,36259.0,200.0,8819835.0,5.5,4.145,927.5,1974.0,10.985,113703477.0,1.0,3.5,727.5,4.145,100.275,4.5,73466.0,3.0,2.0,3.0,3.0,4.0,1999.0,108.79,,,
73479,7,9252.0,160.0,17285752.0,6.0,3.73,750.0,2007.5,9.02,116574234.0,1.5,7.0,560.0,3.73,63.0,4.0,73479.0,2.0,1.0,2.5,2.0,3.0,2020.0,11.8,,,
73485,1,9168.0,70.0,18619270.0,8.0,3.57,750.0,2020.0,10.66,116982415.0,1.0,9.0,680.0,3.57,82.5,5.0,73485.0,3.0,0.0,0.0,3.0,4.0,,47.0,,,
73525,23,15637.0,145.0,18197976.0,10.0,3.73,885.0,2014.0,10.4,117124952.0,1.0,8.0,700.0,3.73,80.32,5.0,73525.0,3.0,2.0,3.0,3.0,3.0,2020.0,25.8,65.0,,
73527,9,45680.0,150.0,18103879.0,10.0,3.73,760.0,2017.0,10.4,116141812.0,1.0,9.0,827.0,3.73,80.0,6.0,73527.0,2.0,2.0,3.0,2.0,3.0,2019.0,91.45,,,
73529,5,20739.0,150.0,17792063.0,10.0,3.73,1020.0,2007.0,10.4,117055918.0,1.0,7.0,840.0,3.73,93.36,6.0,73529.0,3.0,1.0,3.0,3.0,4.0,2015.0,54.15,,,
73540,2,41102.0,175.5,17257350.5,10.0,3.91,716.0,2008.0,9.765,115930874.5,1.0,7.0,747.5,3.91,77.39,5.0,73540.0,2.75,2.5,3.0,2.5,3.0,2020.0,59.6,,,
73547,2,27840.5,150.0,8540516.5,13.5,3.88,,1990.0,9.35,115112683.5,1.0,4.0,548.5,3.88,59.695,4.0,73547.0,2.25,2.5,3.0,2.0,2.5,2017.0,127.3,,,
73550,1,8166.0,150.0,18374832.0,1.0,3.96,750.0,1954.0,8.49,117065695.0,,2.0,600.0,3.96,77.88,4.0,73550.0,3.0,0.0,3.0,3.0,3.0,,,,,
73557,3,20945.0,225.0,18622405.0,20.0,3.81,1100.0,1999.0,9.12,117054891.0,1.0,5.0,800.0,3.81,80.0,5.0,73557.0,3.5,1.0,2.0,3.0,3.0,2019.0,,180.0,,
7356,5,45467.0,100.0,476243.0,7.0,-0.15,,1900.0,3.6,116539979.0,,1.0,315.0,-0.15,52.0,2.0,7356.0,1.5,,,1.0,2.0,,135.14999999999998,,,
73560,1,19821.0,100.0,17258191.0,1.0,3.9,660.0,,6.63,117066235.0,1.0,,560.0,3.9,70.0,4.0,73560.0,3.0,2.0,2.0,3.0,3.0,,,,,
73563,1,13532.0,70.0,15885744.0,5.0,3.76,460.0,1984.0,9.81,117158993.0,1.0,4.0,390.0,3.76,40.0,2.0,73563.0,2.0,0.0,,2.0,1.0,,125.0,,,
73568,1,48931.0,150.0,18099893.0,15.0,3.57,945.0,1951.0,7.96,116365497.0,2.0,2.0,795.0,3.57,97.64,5.0,73568.0,4.5,2.0,2.0,4.0,4.0,2014.0,212.4,,,
73571,1,7366.0,120.0,18628959.0,0.0,2.86,450.0,,11.34,117296217.0,1.0,,330.0,2.86,34.0,2.0,73571.0,2.0,3.0,3.0,2.0,1.0,,,,,
73574,1,62014.0,130.0,16714810.0,1.0,3.07,1030.0,1970.0,11.44,115619274.0,2.0,2.0,900.0,3.07,110.0,6.0,73574.0,4.0,1.0,3.0,4.0,5.0,2013.0,106.0,130.0,106.0,
73577,1,10292.0,160.0,18627663.0,8.0,3.25,660.0,2018.0,,117245462.0,,9.0,500.0,3.25,55.0,3.0,73577.0,1.5,,,1.0,2.0,,,,,
73614,17,14979.0,200.0,18045658.0,11.0,5.38,1380.0,2019.0,8.34,116957494.0,1.0,9.0,1200.0,5.38,102.78,7.0,73614.0,3.0,1.0,4.0,3.0,5.0,2020.0,52.2,176.0,46.5,
73630,1,37161.0,80.0,11495478.0,7.0,5.63,930.0,2000.0,7.67,116809093.0,1.0,5.0,770.0,5.63,73.0,5.0,73630.0,2.0,1.0,4.0,2.0,3.0,2018.0,,80.0,,
73635,2,44688.0,320.0,324598.0,2.5,5.02,,2020.0,8.35,116258958.0,1.0,9.0,807.5,5.02,71.385,5.5,73635.0,3.0,1.0,,3.0,3.0,,51.9,,,
73642,1,68580.0,120.0,5780295.0,14.0,5.26,770.0,1976.0,7.11,115220595.0,1.0,3.0,650.0,5.26,70.0,5.0,73642.0,2.5,2.0,2.0,2.0,3.0,,109.33,,,
73650,2,19333.5,90.0,18615922.0,2.0,5.725,740.0,1975.0,8.19,116914048.5,1.0,5.0,650.0,5.725,41.5,4.0,73650.0,1.75,2.0,2.0,1.5,2.0,2019.0,,,,
7366,2,65872.5,65.0,8314665.5,8.0,0.98,445.0,1991.0,,93647543.5,1.0,4.5,340.0,0.98,62.5,2.0,7366.0,2.5,3.0,4.0,2.5,2.5,2011.0,142.4,80.0,2138.0,
73663,1,348.0,195.0,16178214.0,13.0,4.29,,,,96090871.0,,,620.0,,82.0,5.0,73663.0,3.0,1.0,2.0,3.0,4.0,1995.0,110.0,,2.0,
73666,2,35505.5,204.5,16491802.0,16.5,5.1,1255.0,2007.0,7.955,116061031.5,1.0,7.0,1055.5,5.1,84.0,6.0,73666.0,2.75,2.0,2.0,2.5,3.5,,,150.0,,
73669,1,15130.0,200.0,16873036.0,18.0,4.92,1146.0,2007.0,7.07,117128581.0,1.0,7.0,946.0,4.92,86.82,6.0,73669.0,3.0,1.0,3.0,3.0,4.0,,31.38,,,
73728,19,46577.0,172.5,659276.0,6.0,5.17,1170.0,2019.0,9.18,116452317.0,1.0,9.0,980.0,5.17,70.0,6.0,73728.0,2.0,2.0,5.0,2.0,3.0,2019.0,61.0,,204059.5,
73730,3,63986.0,125.0,16711217.0,3.0,5.17,750.0,1928.0,9.18,115367962.0,1.0,1.0,350.0,5.17,15.0,2.0,73730.0,1.0,1.0,3.0,1.0,1.0,2018.0,313.1,,,
73732,4,16223.0,150.0,17317044.0,16.0,5.17,1175.0,1976.0,9.18,117061560.0,1.5,3.0,1100.0,5.17,81.5,6.5,73732.0,3.25,2.0,3.0,3.0,3.5,2020.0,108.0,,,
73733,18,12865.5,165.0,16163120.0,12.0,5.17,990.0,1994.0,9.18,116979098.5,1.0,5.0,865.0,5.17,71.58500000000001,6.0,73733.0,2.5,1.5,3.0,2.0,3.0,2019.5,86.30000000000001,55.0,2.5,
73734,2,36654.5,200.0,9454333.0,4.0,5.225,1140.0,2006.0,9.18,116623711.5,1.0,7.0,915.0,5.225,71.3,6.0,73734.0,2.5,2.5,3.0,2.0,3.0,,,,,
73760,27,11872.0,200.0,16431318.0,11.0,5.21,1300.0,1985.5,9.48,117087317.0,1.0,4.0,1110.0,5.21,85.0,7.0,73760.0,3.0,1.0,3.0,3.0,4.0,2017.0,111.0,0.0,3.0,
73765,3,27421.0,0.0,16431318.0,8.0,4.91,900.0,,8.32,116987632.0,,,900.0,4.91,47.0,6.0,73765.0,2.0,,,2.0,2.0,,,0.0,2.5,
73770,4,20923.5,160.0,12024758.0,1.0,4.625,1320.0,2020.0,8.78,117054949.5,1.0,9.0,1170.0,4.625,90.8,6.5,73770.0,3.0,2.0,3.0,3.0,4.0,,,,,
73773,1,70215.0,170.0,18395557.0,9.0,4.44,1160.0,2019.0,8.36,115041986.0,,9.0,990.0,4.44,83.0,6.0,73773.0,3.0,,,3.0,4.0,2019.0,,,,
73779,4,21700.5,120.0,16580323.0,10.5,5.02,1010.0,2000.0,7.93,117045200.0,1.0,6.5,890.0,5.02,74.84,6.0,73779.0,2.75,1.0,3.0,2.5,3.0,2018.0,66.9,,,
7381,9,68045.0,100.0,9389276.0,3.0,0.73,677.6,1900.0,7.77,115269091.0,1.0,1.0,571.9,0.73,78.0,4.0,7381.0,2.0,1.0,5.0,2.0,3.0,2020.0,54.51,,1.0,
7387,2,47338.5,100.0,9389276.0,1.0,2.42,416.0,1930.0,,116087630.0,1.0,1.0,316.0,2.42,63.224999999999994,1.5,7387.0,2.5,4.0,4.0,2.5,2.5,,,,,
7407,13,51414.0,140.0,17294637.0,9.0,2.95,475.0,1997.0,5.28,116140481.0,1.0,5.0,350.0,2.95,68.5,2.0,7407.0,2.0,1.0,3.0,2.0,3.0,2017.5,104.5,70.5,931190671.5,
74072,21,34503.0,170.0,16724029.0,10.0,6.52,970.0,2015.5,11.32,115191170.0,1.0,8.5,850.0,6.539999999999999,66.0,6.0,74072.0,2.0,2.0,4.0,2.0,3.0,2019.0,19.65,0.0,2.0,80561.0
74074,44,38786.5,235.0,17242749.5,9.0,6.52,1220.0,2015.0,11.32,115569011.0,1.0,8.0,992.5,6.52,83.7,6.0,74074.0,3.0,2.0,3.0,3.0,4.0,2019.0,61.5,40.0,971.0,80992.0
74076,16,38924.0,200.0,16447326.0,9.5,6.52,1225.0,2001.0,11.32,116750512.5,1.0,6.0,962.5,6.52,86.5,6.0,74076.0,3.0,2.0,3.0,3.0,4.0,2019.0,71.07000000000001,120.0,51.0,
74078,6,17914.0,200.0,18212406.0,11.5,5.78,1075.0,1980.0,7.92,117033120.5,1.0,3.0,987.5,5.78,95.16499999999999,6.5,74078.0,3.75,1.0,2.0,3.5,4.0,2019.0,138.0,,,
74080,17,25003.0,200.0,18554432.0,11.0,5.65,1075.0,1980.0,11.5,116920325.0,1.0,3.0,850.0,5.65,68.0,6.0,74080.0,3.0,1.0,3.0,3.0,3.0,2017.0,115.0,,103.0,
74081,7,45330.0,240.0,16985711.0,9.0,5.64,1230.0,1990.0,10.77,112302413.0,1.0,4.0,940.0,5.64,90.0,6.0,74081.0,3.5,2.0,3.0,3.0,4.0,2016.5,124.05,27.0,998.0,
74172,16,31058.0,160.0,16957117.0,9.5,6.75,1050.0,1996.5,11.39,116006204.5,1.0,5.0,850.0,6.75,62.5,6.0,74172.0,2.75,2.5,3.0,2.5,2.5,2019.0,82.16499999999999,,2222.0,
74177,13,28958.0,140.0,16635567.0,10.0,6.56,800.0,1996.0,11.52,116608793.0,1.0,5.0,665.0,6.56,45.0,5.0,74177.0,2.0,2.0,3.0,2.0,2.0,2018.0,107.0,,102.0,
74182,5,15509.0,140.0,16919751.0,14.0,6.0,690.0,1997.0,11.14,117127234.0,1.0,5.5,550.0,6.0,54.0,4.0,74182.0,2.0,1.0,2.0,2.0,2.0,2020.0,118.2,,61.5,
74189,9,37200.0,200.0,17472601.0,13.0,6.62,800.0,1991.0,11.03,116794813.0,1.5,5.0,900.0,6.62,80.0,6.0,74189.0,3.5,2.0,3.0,3.0,3.0,2018.0,91.9,,,
74193,1,69017.0,267.0,18211358.0,34.0,7.89,1227.0,,10.19,109474815.0,1.0,,960.0,7.89,128.0,6.0,74193.0,5.0,2.0,3.0,5.0,6.0,,,,,
74196,5,16955.0,100.0,18611194.0,9.0,6.21,1060.0,1982.0,9.68,116797554.0,1.0,4.0,810.0,6.21,70.0,6.0,74196.0,3.0,2.0,3.0,3.0,3.0,2018.0,76.4,50.0,,
74199,2,26681.0,125.0,17204780.0,22.0,7.265000000000001,1105.0,2010.5,11.265,112464599.0,1.0,7.5,950.0,7.265000000000001,61.5,6.0,74199.0,2.5,2.5,2.5,2.0,3.0,2018.0,,,,
74206,4,23580.5,177.5,18607222.5,14.0,6.255,1075.0,1972.0,10.8,117026145.0,1.0,3.0,867.5,6.255,84.0,6.0,74206.0,2.75,2.5,2.0,2.5,3.5,2019.5,94.0,,,
74211,1,47925.0,150.0,16884264.0,10.0,5.89,950.0,2018.0,11.31,116390095.0,,9.0,800.0,5.89,80.0,5.0,74211.0,2.5,2.0,2.0,2.0,3.0,,,,,
74219,5,36786.0,110.0,18102306.0,9.0,5.63,570.0,1974.5,9.3,116825844.0,1.0,3.0,450.0,5.63,72.0,3.0,74219.0,3.0,1.5,3.0,3.0,3.0,2019.5,169.7,,111.0,
7422,2,31006.5,97.5,18617260.0,9.5,1.91,475.0,,5.8,116944116.5,,,377.5,1.91,57.81,2.5,7422.0,2.25,,,2.0,2.5,2011.0,,,,
74223,7,20893.0,250.0,15924990.0,9.0,6.12,1385.0,2001.5,10.62,116570003.0,2.0,6.0,1190.0,6.12,104.5,7.0,74223.0,3.5,3.0,3.0,3.0,5.0,2019.0,95.5,90.0,278.5,
74226,3,15054.0,150.0,15573320.0,9.0,5.72,955.0,1962.0,9.73,117133083.0,,4.5,950.0,5.72,105.5,6.0,74226.0,3.0,3.5,4.0,3.0,5.0,2012.0,76.3,,210.0,
74229,4,40336.5,200.0,17446451.5,19.0,5.83,1225.0,1991.5,9.38,115430858.0,2.0,5.0,1025.0,5.83,110.0,6.5,74229.0,3.75,1.5,2.0,3.5,4.5,2018.0,87.8,,,
74232,5,21378.0,160.0,17879542.0,6.0,5.94,920.0,2012.0,10.46,117050699.0,1.0,8.0,680.0,5.94,60.0,5.0,74232.0,2.0,1.0,2.0,2.0,2.0,2020.0,91.5,,3.0,
74235,3,22365.0,150.0,17406606.0,18.0,6.16,830.0,1968.0,9.78,116802537.0,1.0,2.0,650.0,6.16,61.8,5.0,74235.0,3.0,1.5,2.0,3.0,3.0,2019.0,87.85,80.0,,
74238,1,62763.0,85.0,599243.0,16.0,3.45,443.0,1990.0,,103432256.0,,4.0,345.0,,68.0,2.0,74238.0,4.0,1.0,3.0,4.0,3.0,,116.7,,,
74239,1,36602.0,120.0,18479870.0,0.0,5.18,400.0,,12.06,116268078.0,1.0,,280.0,5.18,30.0,1.0,74239.0,1.0,,,1.0,1.0,,,,,
74246,1,70648.0,347.0,16909647.0,4.0,5.79,,2007.0,9.23,114985116.0,,7.0,800.0,5.79,78.0,5.0,74246.0,1.0,1.0,,1.0,3.0,,,0.0,2.0,
74248,2,28010.0,125.0,16228988.0,8.0,6.62,880.0,1982.0,9.79,116526927.5,0.0,4.0,755.0,6.62,67.5,5.0,74248.0,2.25,0.0,2.0,2.0,3.0,2020.0,146.0,,,
74251,2,16241.5,160.0,18540351.5,12.0,5.56,1350.0,1995.0,10.21,116902393.5,1.5,5.0,1190.0,5.56,135.5,7.0,74251.0,4.0,1.0,2.0,3.5,6.0,,,,,
74254,1,10209.0,120.0,17096669.0,10.0,6.26,820.0,1991.0,10.88,85901872.0,1.0,5.0,700.0,6.26,54.0,5.0,74254.0,2.5,1.0,2.0,2.0,2.0,2010.0,,,,
74257,5,20909.0,180.0,18245006.0,9.0,6.66,850.0,2004.5,11.24,116809140.0,1.5,6.5,720.0,6.66,72.0,5.0,74257.0,2.5,2.5,4.0,2.0,3.0,2019.5,,,,
7426,1,78810.0,160.0,16695682.0,13.0,2.96,630.0,1906.0,4.24,103434779.0,1.0,1.0,470.0,2.96,79.44,3.0,7426.0,3.0,3.0,3.0,3.0,3.0,2017.0,89.0,,,
74316,1,3084.0,100.0,17227243.0,1.0,3.49,670.0,1951.0,12.92,117224901.0,1.0,2.0,500.0,3.49,40.0,3.0,74316.0,2.5,2.0,2.0,2.0,1.0,2016.0,,70.0,,
74321,13,22838.0,200.0,17787149.0,13.0,6.11,1400.0,1994.0,11.7,116976550.0,1.0,5.0,1200.0,6.11,87.0,7.0,74321.0,3.0,1.5,3.0,3.0,4.0,2017.0,107.0,60.0,,
74336,7,9379.0,150.0,17615697.0,10.0,5.31,960.0,1993.0,9.81,117106361.0,1.0,5.0,800.0,5.31,86.97,5.0,74336.0,3.0,1.0,3.0,3.0,4.0,2019.5,118.75,,,
74343,9,10298.0,210.0,16638780.0,11.0,5.85,1070.0,2009.0,9.5,117052574.0,1.0,7.0,985.0,5.85,80.0,6.0,74343.0,3.0,1.5,3.0,3.0,3.0,2011.0,69.05,,500.5,
74348,8,16484.5,175.0,16518271.0,13.5,5.8,1150.0,1991.0,10.74,117008667.5,1.0,5.0,935.0,5.8,95.5,6.0,74348.0,3.5,1.5,2.0,3.5,4.0,2015.0,149.5,,,
74354,6,38252.0,107.5,10667825.0,11.0,5.86,940.0,2003.0,9.98,105733592.0,1.0,6.0,805.0,5.86,70.43,5.5,74354.0,2.25,1.0,3.0,2.0,3.0,2017.5,93.05,65.0,2020.0,
74357,4,37525.0,210.0,11231839.5,15.0,6.0,585.0,1996.0,10.35,105907934.0,1.0,5.0,800.0,6.0,79.5,5.0,74357.0,3.0,2.0,3.5,2.5,3.5,2017.5,80.4,,1.0,
74360,11,32415.0,155.0,5280116.0,12.0,5.98,1300.0,2020.0,10.21,116461235.0,2.0,9.0,1150.0,5.98,105.0,7.0,74360.0,3.5,2.0,3.0,3.0,5.0,2019.0,15.45,0.0,3.0,
74363,3,36371.0,130.0,16592810.0,10.0,5.85,640.0,1980.5,9.02,115775917.0,1.5,3.5,460.0,5.85,42.0,3.0,74363.0,2.0,1.0,2.0,2.0,2.0,2018.0,184.0,,,
74372,1,10247.0,150.0,17769302.0,0.0,5.97,1050.0,1950.0,11.08,117247015.0,,1.0,900.0,5.97,80.0,6.0,74372.0,4.0,3.0,3.0,4.0,3.0,2020.0,,,,
74379,2,24029.0,165.0,16859553.5,11.5,5.93,1705.0,,10.29,88756055.0,3.0,,1540.0,5.93,106.5,7.0,74379.0,3.75,1.0,2.5,3.0,4.5,2017.0,,,,
74382,3,72047.0,180.0,741957.0,9.0,5.77,,2019.0,11.84,114869309.0,,9.0,891.57,5.77,69.0,6.0,74382.0,2.0,1.0,,2.0,3.0,,70.0,,2.0,
74385,4,37030.0,190.0,18381184.0,17.5,6.02,1605.0,2011.5,12.12,116144114.0,1.5,7.5,1400.0,6.02,112.0,7.5,74385.0,3.25,1.0,1.5,3.0,5.0,2018.0,,,,
74388,3,29724.0,250.0,7072172.0,13.0,6.49,1100.0,2018.0,11.58,116916987.0,1.0,9.0,900.0,6.49,75.0,6.0,74388.0,2.5,2.0,2.0,2.0,3.0,2019.0,68.0,,388.0,
74389,1,41947.0,250.0,5514239.0,10.0,6.6,,1986.0,9.62,116648801.0,1.0,4.0,1250.0,6.6,145.0,7.0,74389.0,4.5,,,4.0,6.0,,63.0,,,
74391,1,3194.0,230.0,17107491.0,4.0,5.45,1030.0,,10.77,115457878.0,1.0,,800.0,5.45,76.0,5.0,74391.0,2.0,1.0,2.0,2.0,3.0,2020.0,,150.0,,
74405,1,8646.0,150.0,18628683.0,6.0,3.81,840.0,,11.9,117283325.0,1.0,,690.0,3.81,118.0,5.0,74405.0,3.5,3.0,3.0,3.0,5.0,,,,,
74423,3,18174.0,120.0,18594279.0,8.0,4.32,970.0,2017.0,13.08,117088263.0,1.0,9.0,820.0,4.32,90.0,6.0,74423.0,3.0,1.0,2.0,3.0,4.0,2018.5,16.45,,,
74424,1,11882.0,200.0,15345691.0,15.0,4.59,830.0,2000.0,12.33,101884313.0,,5.0,630.0,4.59,82.0,5.0,74424.0,3.0,2.0,2.0,3.0,4.0,,,,,
74427,1,72605.0,200.0,18516706.0,0.0,4.53,600.0,1992.0,10.42,114624579.0,1.0,5.0,400.0,4.53,54.16,2.0,74427.0,2.0,1.0,2.0,2.0,2.0,,89.23,,,
74429,1,48129.0,150.0,14734729.0,12.0,3.51,550.0,,14.66,116389251.0,,,400.0,3.51,49.0,2.0,74429.0,2.0,1.0,3.0,2.0,2.0,,89.0,,,
74523,27,33119.0,155.0,16394149.0,9.0,4.36,890.0,2013.0,13.53,116569881.0,1.0,8.0,790.0,4.36,75.0,5.0,74523.0,3.0,1.0,3.0,3.0,3.0,2018.0,59.0,,1.0,
74532,2,27526.5,190.0,18002650.0,5.5,4.6,915.0,2006.0,11.55,116903065.0,1.0,7.0,710.0,4.6,89.0,5.0,74532.0,3.25,1.0,3.0,3.0,4.0,,81.0,,,
74533,1,8546.0,200.0,16785347.0,8.0,4.6,1270.0,2015.0,11.29,111988770.0,2.0,8.0,1070.0,4.6,120.0,7.0,74533.0,4.5,,,4.0,5.0,,,,,
74541,8,9879.5,185.0,473876.0,3.0,4.69,920.0,2020.0,12.36,117097051.5,2.0,9.0,685.0,4.69,74.8,5.0,74541.0,3.0,2.0,2.0,3.0,3.0,,19.8,0.0,,
74542,1,28211.0,120.0,15641600.0,9.0,1.89,,,,63964427.0,1.0,,500.0,,65.0,3.0,74542.0,2.5,2.0,2.0,2.0,3.0,2020.0,77.0,,,
74544,2,8275.0,200.0,17585295.5,15.0,3.74,1155.0,1987.5,13.78,115656344.5,1.5,4.5,915.0,3.74,95.0,5.5,74544.0,3.25,1.5,2.5,3.0,4.5,2015.5,126.0,90.0,,
74545,1,8353.0,200.0,14734729.0,10.0,3.23,770.0,2010.0,,90167406.0,1.0,7.0,570.0,,76.0,4.0,74545.0,3.5,3.0,3.0,3.0,3.0,2017.0,84.0,,,
74547,3,8219.0,150.0,14734729.0,11.0,4.81,750.0,2009.0,13.85,111407155.0,1.5,7.0,600.0,4.81,76.0,4.0,74547.0,3.0,2.0,3.0,3.0,3.0,2017.0,101.85,,,
74549,1,11921.0,220.0,18626369.0,7.0,2.41,1020.0,,12.04,117187322.0,2.0,,800.0,2.41,93.0,5.0,74549.0,3.0,0.0,0.0,3.0,4.0,,,,,
74564,8,34252.5,160.0,679843.0,12.5,4.78,995.0,1997.0,13.37,116873022.5,1.0,5.0,815.0,4.78,97.49000000000001,5.5,74564.0,3.5,2.0,2.0,3.0,4.5,2019.0,117.2,,,
74572,1,25392.0,,18531341.0,1.0,3.57,800.0,2019.0,11.06,117005947.0,1.0,9.0,800.0,3.57,106.0,5.0,74572.0,3.0,1.0,1.0,3.0,5.0,,19.0,,,
74579,1,12040.0,140.0,18626277.0,12.0,3.96,500.0,,7.44,117183867.0,,,360.0,3.96,72.0,2.0,74579.0,3.0,,,3.0,3.0,,,,,
74582,1,5492.0,220.0,126624.0,6.0,3.88,,1950.0,13.12,117323539.0,,1.0,590.0,3.88,73.0,4.0,74582.0,3.0,1.0,,3.0,3.0,,75.7,,,
74585,1,20991.0,170.0,18622818.0,3.0,4.17,770.0,1995.0,11.05,117054374.0,1.0,5.0,600.0,4.17,83.0,4.0,74585.0,4.0,2.0,2.0,4.0,4.0,,,,,
74586,3,56607.0,190.0,18587145.0,9.0,3.79,1010.0,2019.0,10.06,115920104.0,1.0,9.0,820.0,3.79,98.0,6.0,74586.0,2.0,0.0,3.0,2.0,4.0,,40.4,,,
74589,1,13236.0,90.0,16897121.0,3.0,4.25,734.0,1993.0,13.71,117152194.0,1.0,5.0,644.0,4.25,92.0,5.0,74589.0,4.0,2.0,3.0,4.0,4.0,,,,,
74592,1,73003.0,100.0,17958260.0,16.0,2.86,375.0,1750.0,11.21,114776522.0,1.0,1.0,275.0,2.86,13.0,1.0,74592.0,1.0,2.0,3.0,1.0,1.0,2019.0,,,,
74599,1,57010.0,150.0,15872882.0,17.0,3.84,1250.0,2019.0,12.75,99185180.0,1.0,9.0,1250.0,3.84,130.0,7.0,74599.0,5.0,1.0,2.0,5.0,6.0,2019.0,,,,
74613,18,32952.5,182.5,16077745.5,9.0,3.49,1250.0,2018.0,12.92,115873273.5,1.0,9.0,835.0,3.49,84.475,5.5,74613.0,3.5,2.0,3.0,3.0,3.5,2018.0,73.0,,,
74626,7,30261.0,200.0,17417357.0,14.0,3.36,1100.0,2000.0,13.15,109441544.0,1.0,5.0,900.0,3.36,91.0,6.0,74626.0,3.0,2.0,3.0,3.0,4.0,2019.0,78.0,,3.0,
74629,2,8108.0,137.5,18619921.0,13.5,3.39,665.0,1995.0,11.67,117092451.0,1.0,5.0,517.5,3.39,52.0,3.5,74629.0,2.0,1.0,3.0,2.0,2.0,2019.5,,,,
74632,2,44562.5,200.0,5377600.0,5.5,3.85,1495.0,2020.0,12.97,116535582.5,1.0,9.0,1295.0,3.85,127.5,7.0,74632.0,4.5,1.0,3.0,4.0,6.0,,,,,
74635,2,30322.0,190.0,9772677.0,16.5,4.125,1040.0,2010.5,11.41,109707122.0,1.0,7.5,825.0,3.63,94.485,6.0,74635.0,3.75,2.0,2.0,3.5,4.0,2020.0,36.0,,5.0,
74638,1,9443.0,110.0,15596477.0,3.0,2.88,395.0,1992.0,13.56,117264532.0,1.0,5.0,285.0,2.88,24.5,1.0,74638.0,1.0,,,1.0,1.0,2020.0,210.0,,,
74653,4,43729.0,210.0,17303827.0,4.0,4.19,940.0,2020.0,13.365,116550253.0,1.0,9.0,795.0,4.19,87.0,5.5,74653.0,3.25,2.5,4.0,3.0,3.5,2020.0,179.2,,3.0,
74670,5,32874.0,150.0,15669260.0,9.0,3.48,940.0,1986.0,12.03,115655441.0,1.0,4.5,810.0,3.48,116.0,6.0,74670.0,3.5,2.0,2.0,3.0,5.0,2015.0,52.0,0.0,,
74676,2,47014.5,130.0,17494070.5,16.5,4.765000000000001,840.0,2003.5,11.920000000000002,109334766.0,1.0,6.5,710.0,4.765000000000001,79.5,5.0,74676.0,2.75,2.0,2.5,2.5,3.5,2019.0,20.8,,,
74706,1,43717.0,180.0,18514618.0,8.0,3.83,800.0,1993.0,11.8,116581891.0,1.0,5.0,620.0,3.83,95.0,5.0,74706.0,4.0,2.0,3.0,4.0,4.0,,,,,
74722,7,22755.0,120.0,12591154.0,7.0,4.42,685.0,1987.5,9.41,117030794.0,1.0,4.0,420.0,4.42,66.0,3.0,74722.0,2.5,2.5,3.5,2.0,3.0,2012.5,116.0,75.0,,
74731,2,14901.0,285.0,18388152.0,5.5,5.22,695.5,1996.0,9.649999999999999,115431044.0,1.0,5.0,553.0,5.22,87.0,4.0,74731.0,2.75,3.0,3.0,2.5,4.0,,102.9,,,
74736,5,31959.0,150.0,17927839.0,7.0,3.53,456.0,1972.0,7.41,116927118.0,1.0,3.0,460.0,3.53,70.0,3.0,74736.0,3.0,4.5,4.5,3.0,3.0,2020.0,121.0,50.0,,
74746,1,80195.0,60.0,599243.0,11.0,3.36,359.0,,5.84,113592032.0,,,286.0,3.36,57.0,1.0,74746.0,3.0,2.0,2.0,3.0,2.0,,189.4,,,
74821,9,11608.0,120.0,17957655.0,11.0,5.46,570.0,2000.0,11.48,117145454.0,1.0,5.0,424.0,5.46,44.26,3.0,74821.0,2.0,2.0,2.5,2.0,2.0,2018.0,128.7,,,
74831,4,33349.0,200.0,11106657.5,11.0,5.78,1190.0,2020.0,9.74,116786005.0,1.5,9.0,1015.0,5.78,107.0,6.5,74831.0,3.75,1.0,2.0,3.5,4.5,,,,,
74834,2,70636.5,100.0,17716187.5,3.5,5.87,512.5,1972.0,7.63,114747751.0,1.0,3.0,437.5,5.87,56.5,2.5,74834.0,2.0,1.5,2.0,2.0,2.5,2018.5,129.4,15.0,,
74855,1,19542.0,180.0,5450538.0,13.0,5.91,1090.0,2020.0,11.96,117064494.0,1.0,9.0,910.0,5.91,87.75,6.0,74855.0,4.0,1.0,2.0,4.0,4.0,2020.0,,,,
74858,2,21309.0,175.0,17319503.5,6.0,4.029999999999999,700.0,1967.0,9.315,117077083.0,1.0,2.0,525.0,4.029999999999999,65.0,3.0,74858.0,2.5,1.5,2.0,2.5,3.0,2018.0,,,,
74861,4,34684.5,150.0,18591731.0,11.0,5.47,875.0,1974.0,8.53,116722427.5,1.0,3.0,725.0,5.47,98.0,5.0,74861.0,3.5,2.0,2.5,3.5,4.0,2019.0,,,,
74862,1,20797.0,140.0,18622983.0,1.0,7.05,640.0,1968.0,10.45,117055690.0,1.0,2.0,500.0,7.05,72.0,3.0,74862.0,2.0,1.0,3.0,2.0,3.0,,,,,
74889,17,37176.0,200.0,17556787.0,9.0,4.8,1000.0,2008.0,9.55,116732801.0,1.0,7.0,790.0,4.8,87.0,5.0,74889.0,3.0,1.0,3.0,3.0,4.0,2019.0,190.3,100.0,1.0,
74906,35,25306.0,190.0,17240623.0,12.0,6.29,1175.0,2018.5,10.95,116982506.0,1.0,9.0,950.0,6.29,91.0,6.0,74906.0,3.0,1.0,3.0,3.0,4.0,2016.0,53.0,75.0,14.0,
74912,2,32596.0,185.0,18352676.0,9.5,6.33,785.0,2002.0,9.83,116423049.0,1.0,6.0,600.0,6.33,82.5,4.5,74912.0,3.0,1.0,2.0,3.0,3.5,2019.0,,,,
74924,1,9984.0,100.0,18617137.0,9.0,4.43,500.0,1956.0,9.98,116943052.0,1.0,2.0,400.0,4.43,54.0,2.0,74924.0,2.0,1.0,2.0,2.0,2.0,2018.0,,,,
74925,3,39955.0,250.0,18446155.0,14.0,4.44,900.0,1970.0,3.59,116750350.0,1.0,2.0,650.0,4.44,100.0,5.0,74925.0,4.0,1.5,3.0,4.0,4.0,2016.0,,,,
74927,1,7638.0,200.0,18628932.0,0.0,3.33,1050.0,1936.0,7.81,117295543.0,1.0,1.0,850.0,3.33,75.0,6.0,74927.0,3.0,2.0,3.0,3.0,3.0,2019.0,,,,
74930,1,10257.0,140.0,18627671.0,9.0,4.45,620.0,,14.66,117245868.0,1.0,,480.0,4.45,60.0,3.0,74930.0,2.0,0.0,0.0,2.0,2.0,2018.0,,,,
74933,1,31209.0,180.0,17898597.0,10.0,4.92,840.0,1967.0,,103677824.0,1.0,2.0,660.0,,93.0,5.0,74933.0,4.0,1.0,3.0,4.0,4.0,2018.0,,,,
75015,9,20971.0,160.0,18338750.0,9.0,5.32,1000.0,2006.0,10.11,115714032.0,1.0,7.0,870.0,5.32,83.0,6.0,75015.0,3.0,2.0,3.0,3.0,4.0,2017.0,79.0,,,
75016,1,30685.0,90.0,16675082.0,0.0,2.08,1490.0,1920.0,,116951159.0,,1.0,1490.0,2.08,35.0,7.0,75016.0,1.5,5.0,6.0,1.0,1.0,2019.0,,80.0,,
75031,6,9921.0,175.0,16122168.0,4.5,5.6850000000000005,937.5,2020.0,9.75,117256150.0,1.0,9.0,762.5,5.6850000000000005,81.08,5.5,75031.0,2.75,2.0,2.5,2.5,3.5,2019.0,47.1,,,
75045,2,53043.0,223.75,9749890.0,21.5,4.050000000000001,1590.0,2019.0,9.125,114452419.0,0.5,9.0,1336.25,4.050000000000001,127.5,7.0,75045.0,3.25,5.0,4.5,3.0,5.5,2020.0,,60.0,,
75050,7,19395.0,250.0,18502995.0,12.0,5.77,1253.5,2019.0,11.67,116758401.0,2.0,9.0,940.0,5.77,106.0,6.0,75050.0,3.5,1.5,2.0,3.0,5.0,,27.0,,100.0,
75053,2,17611.5,202.5,17071722.0,9.0,4.68,730.0,1988.0,7.66,117135737.0,1.0,4.0,507.5,4.68,67.88499999999999,3.5,75053.0,1.75,,1.0,1.5,3.0,,,,1.0,
75057,1,36837.0,,18358113.0,13.0,4.33,800.0,,6.5,111918317.0,,,800.0,4.33,110.0,5.0,75057.0,2.0,0.0,2.0,2.0,5.0,2019.0,,,,
75172,24,27804.0,160.0,16094235.5,10.5,4.18,900.0,1998.0,12.8,116786065.5,1.0,6.0,705.0,4.18,75.85,5.0,75172.0,2.25,3.0,5.0,2.0,3.0,2019.0,115.0,100.0,5.0,
75173,25,41090.0,200.0,16899804.0,10.0,4.18,1020.0,2020.0,11.28,116372401.0,1.0,9.0,910.0,4.18,83.6,6.0,75173.0,3.0,2.0,3.0,3.0,4.0,2020.0,85.905,75.0,,
75175,18,21804.0,150.0,16138001.0,11.5,4.76,680.0,1971.0,12.79,116752460.0,1.0,3.0,565.0,4.76,60.765,4.5,75175.0,2.0,2.0,3.0,2.0,2.5,2017.0,132.0,100.0,1.0,
75177,14,39589.5,180.0,15737464.5,11.5,4.33,610.0,1954.0,12.21,115599426.5,1.0,2.0,602.5,4.33,61.0,4.5,75177.0,2.0,1.0,4.0,2.0,2.5,2019.0,160.8,90.0,5.0,
75179,9,35519.0,190.0,15436750.0,11.0,4.31,775.0,1996.0,12.2,116866279.0,1.0,5.0,950.0,4.31,92.0,6.0,75179.0,3.0,3.0,3.0,3.0,4.0,2018.0,35.5,,1914.0,
75180,9,24129.0,195.0,17881643.0,9.0,3.85,1055.0,2000.0,11.68,116032062.0,1.0,5.0,780.0,3.85,101.0,5.0,75180.0,3.5,1.0,2.0,3.0,5.0,,46.5,,,
75181,10,24712.5,162.5,15494120.0,9.0,4.225,1235.0,1989.5,11.55,117014215.0,1.0,4.0,850.0,3.9,101.5,5.5,75181.0,2.5,2.0,3.0,2.5,4.5,2019.5,92.19,120.0,11.0,
75182,1,10909.0,0.0,5381700.0,5.0,2.86,455.0,1986.0,,48055445.0,,4.0,455.0,,47.0,3.0,75182.0,1.0,0.0,2.0,1.0,2.0,2009.0,,0.0,,
75196,6,27214.5,147.5,11056245.0,8.0,5.71,685.0,1993.0,12.45,105139482.0,1.0,5.0,525.0,5.71,71.5,3.5,75196.0,2.25,1.0,3.0,2.0,3.0,2006.0,143.0,100.0,1.0,
75203,4,33628.0,316.0,17951313.0,4.5,5.42,1198.0,2001.5,10.78,116748538.5,1.5,6.5,1040.0,5.42,104.0,6.5,75203.0,3.75,0.5,2.5,3.5,4.5,2016.5,202.0,,,
75210,2,29840.0,158.0,18617745.0,19.0,5.17,896.0,1997.0,9.51,116955797.5,1.0,5.5,710.0,5.17,59.06,5.0,75210.0,2.25,1.5,3.0,2.0,2.5,2013.0,16.3,56.0,,
75217,2,2456.0,195.0,7864879.5,15.5,5.83,850.0,1986.5,10.48,98253717.5,1.5,4.5,920.0,4.99,117.5,5.5,75217.0,4.0,3.0,3.0,4.0,5.0,2019.0,100.0,180.0,5.0,
75223,3,9837.0,210.0,15486026.0,10.0,5.5,1100.0,1992.0,11.52,114686734.0,1.0,5.0,950.0,5.5,105.0,6.0,75223.0,3.5,3.0,3.0,3.0,5.0,2019.0,116.45,,4.0,
75228,4,19930.5,145.0,16606688.5,8.0,5.47,702.0,1981.0,11.02,111243258.0,1.0,3.5,560.0,5.68,55.5,4.0,75228.0,2.0,2.0,3.0,2.0,2.0,2019.0,91.9,,1.0,
75236,1,19021.0,220.0,15489705.0,16.0,5.7,1500.0,2016.0,11.34,117054848.0,1.0,9.0,1200.0,5.7,155.0,7.0,75236.0,4.0,1.0,3.0,4.0,7.0,2016.0,33.9,,,
75239,4,7690.5,220.0,18262685.5,8.5,5.03,1005.0,1973.0,12.24,117115480.5,1.0,3.0,687.0,5.03,71.0,4.5,75239.0,2.75,1.0,2.0,2.5,3.0,2018.0,124.85,,,
75242,2,9896.0,155.0,9348328.0,3.5,6.005,1040.0,2007.0,9.99,114749395.5,1.0,7.0,710.0,6.005,73.5,5.0,75242.0,2.0,0.5,2.5,2.0,3.0,,,,,
75245,1,715.0,50.0,18621325.0,6.0,,620.0,,,117375951.0,,,460.0,,60.0,3.0,75245.0,3.0,,,3.0,2.0,2013.0,,110.0,,
75305,6,52180.0,222.5,775045.0,8.0,5.15,969.0,2019.0,9.9,116110462.5,1.0,9.0,746.0,5.15,82.87,5.0,75305.0,3.0,1.0,3.0,3.0,4.0,,76.0,,30184.0,
75323,21,21088.0,120.0,18028082.0,10.0,6.31,750.0,1978.0,15.49,116855015.0,1.0,3.0,570.0,6.31,68.0,4.0,75323.0,2.0,2.0,3.0,2.0,3.0,2019.0,103.0,80.0,1.0,
75328,5,10513.0,180.0,16382592.0,8.0,6.32,725.0,1993.0,15.21,116954784.0,1.0,5.0,630.0,6.32,85.0,5.0,75328.0,3.0,1.0,3.0,3.0,4.0,2014.0,149.5,,5.0,
75334,1,8678.0,180.0,17101267.0,27.0,5.03,675.0,1993.0,11.75,117269661.0,1.0,5.0,495.0,5.03,66.73,3.0,75334.0,3.0,2.0,2.0,3.0,3.0,2013.0,176.8,,,
75335,4,37911.5,140.0,14751434.0,11.0,6.43,590.0,1975.0,15.14,115761673.5,1.0,3.0,450.0,6.43,56.0,3.0,75335.0,1.75,1.5,3.0,1.5,2.5,2020.0,105.15,,5.0,
75365,12,29602.5,137.5,12683336.0,12.0,6.62,650.0,1964.0,14.9,116506563.5,1.0,2.0,550.0,6.62,55.0,4.0,75365.0,2.0,2.0,3.0,2.0,2.0,2019.0,103.0,0.0,1.0,
75378,6,13717.0,145.0,17304595.0,9.5,6.6,745.0,1982.5,16.38,110516457.0,1.0,3.5,600.0,6.6,65.0,4.5,75378.0,2.25,1.0,3.0,2.0,2.5,2019.0,112.0,,,
75385,3,49103.0,200.0,15754241.0,19.0,6.73,1050.0,2018.0,16.2,116362817.0,1.0,9.0,850.0,6.73,88.0,6.0,75385.0,3.0,0.0,,3.0,4.0,,29.2,,,
75392,1,34639.0,224.0,18446484.0,11.0,5.2,1875.0,1985.0,10.4,116872300.0,2.0,4.0,1651.0,5.2,165.1,8.0,75392.0,5.0,2.0,2.0,5.0,7.0,2019.0,,,,
75397,1,28082.0,275.0,18315023.0,14.0,6.47,1650.0,2000.0,15.45,116979522.0,2.0,5.0,1375.0,6.47,130.0,7.0,75397.0,4.5,1.0,2.0,4.0,6.0,2016.0,,,,
75399,2,19953.0,195.0,18079584.5,12.5,6.41,720.0,1981.0,14.17,113513356.0,1.0,3.5,500.0,6.41,65.0,3.0,75399.0,2.0,2.5,3.5,2.0,2.5,2019.5,114.0,,,
75417,5,26259.0,110.0,16899896.0,8.0,5.76,950.0,1976.0,11.67,116997226.0,1.0,3.5,650.0,5.76,85.0,5.0,75417.0,3.0,2.0,2.0,3.0,4.0,2014.0,92.5,75.0,,
75428,5,47562.0,235.0,16476643.0,10.0,5.73,1428.0,1982.0,12.68,114941829.0,0.0,4.0,1100.0,5.73,117.0,7.0,75428.0,4.0,2.5,3.0,4.0,5.0,2020.0,197.0,50.0,,
75433,1,44191.0,250.0,17789991.0,17.0,5.33,1550.0,1963.0,,101829935.0,,2.0,1300.0,,160.0,7.0,75433.0,5.0,0.0,1.0,5.0,7.0,,,,,
75443,2,10016.5,160.0,17114922.0,7.5,5.08,917.5,1976.0,10.1,98508965.0,,3.5,757.5,5.08,78.5,5.0,75443.0,2.75,0.5,1.5,2.5,3.5,2020.0,332.0,70.0,1.0,
75446,2,6283.5,95.0,16658694.0,10.5,6.36,785.0,1996.5,11.455,76873864.0,1.0,5.5,690.0,6.36,99.0,5.0,75446.0,3.0,1.0,4.0,3.0,4.5,2014.0,,45.0,,
7545,207,61364.0,120.0,14479786.0,10.0,2.14,450.0,1959.5,1.74,114996376.0,1.0,2.0,314.0,2.14,62.53,2.0,7545.0,2.0,2.0,4.0,2.0,3.0,2007.0,108.4,60.93,2.0,
7546,121,56220.0,100.0,5446353.0,10.0,2.18,440.0,1959.0,2.14,115651748.0,1.0,2.0,311.22,2.18,60.04,2.0,7546.0,2.5,2.0,4.0,2.0,2.0,2015.0,99.4,58.8,2.0,
7547,1,83777.0,65.0,17994036.0,14.0,2.18,435.0,,2.14,112330382.0,,,290.0,2.18,64.0,1.0,7547.0,2.0,0.0,4.0,2.0,3.0,2011.0,,75.0,,
7548,122,54530.0,110.0,14492211.0,10.0,2.0,450.0,1937.0,3.56,115795077.0,1.0,1.0,320.0,2.0,59.845,2.0,7548.0,2.5,2.0,4.0,2.0,2.0,2011.5,100.4,55.0,1.5,66051.0
7549,154,65396.5,90.0,473785.0,9.5,2.28,432.25,1977.0,3.96,115184326.5,1.0,3.0,298.5,2.28,61.5,1.0,7549.0,3.0,4.0,5.0,3.0,3.0,2003.5,85.5,61.47,2.0,
7551,33,62650.0,110.0,5446353.0,10.0,1.69,395.0,1911.0,1.06,114895793.0,2.0,1.0,275.0,1.69,57.2,1.0,7551.0,2.0,2.0,4.0,2.0,2.0,2003.5,99.65,63.0,2.0,
7552,44,56066.0,77.5,2717945.0,10.0,2.13,372.41499999999996,1988.0,1.42,115441373.0,1.0,4.0,262.525,2.37,54.93,1.0,7552.0,2.0,3.0,5.0,2.0,2.0,2011.0,79.0,49.980000000000004,2.0,
7554,8,48996.5,105.0,17494292.5,11.0,1.97,440.0,1995.0,0.74,116327632.0,1.0,5.0,310.5,1.97,58.68,1.5,7554.0,2.0,1.0,3.0,2.0,2.0,2000.5,98.0,60.0,1.0,
75630,1,21110.0,140.0,17054314.0,4.0,3.37,1010.0,1905.0,7.22,85104352.0,,1.0,750.0,3.37,70.0,5.0,75630.0,2.5,3.0,3.0,2.0,3.0,2016.0,,120.0,,
7570,22,66636.0,85.0,14479786.0,10.0,1.52,411.5,1955.0,-2.23,115002063.5,1.0,2.0,296.5,1.52,58.565,1.0,7570.0,2.75,2.0,4.0,2.5,2.0,2019.0,101.0,60.0,800.0,
7580,17,60734.0,110.0,5394580.0,9.0,0.97,360.0,1907.0,-1.12,114654769.0,1.0,1.0,255.0,0.97,53.09,1.0,7580.0,2.0,1.0,4.0,2.0,2.0,1998.0,102.03,,0.0,
7584,1,57943.0,70.0,17294637.0,5.0,0.96,220.0,1986.0,2.46,115803252.0,,4.0,150.0,0.96,32.0,1.0,7584.0,1.0,1.0,4.0,1.0,1.0,1995.0,111.0,,,
7586,2,44403.5,127.5,17957044.0,19.5,0.96,540.0,1995.0,2.46,116306514.5,1.0,5.0,412.5,0.96,69.565,2.5,7586.0,2.0,0.5,1.5,2.0,3.0,2017.0,104.5,,,
7589,2,39707.5,140.0,7849571.0,13.0,1.31,497.5,1993.0,-0.83,116715064.5,1.0,5.0,357.5,1.31,66.86500000000001,2.0,7589.0,3.0,0.0,3.0,3.0,2.5,,98.95,,800.0,
7607,4,75282.0,90.0,18177440.0,4.5,0.0,383.5,1900.0,-1.9249999999999998,111906569.5,1.0,1.0,283.5,0.0,60.489999999999995,1.5,7607.0,3.0,0.5,2.0,3.0,2.0,2020.0,99.0,55.0,15.0,
7608,1,82258.0,100.0,15644969.0,6.0,0.0,308.0,,-3.09,113021394.0,,,208.0,0.0,42.0,1.0,7608.0,1.0,,,1.0,2.0,,,,,
7613,1,81240.0,40.0,16477973.0,1.0,0.2,363.0,1912.0,1.73,113289885.0,1.0,1.0,250.0,0.2,43.0,1.0,7613.0,1.0,2.0,3.0,1.0,2.0,,57.3,50.0,,
76131,14,62127.5,225.0,18500088.0,8.5,4.24,1200.0,1920.0,9.79,115389611.0,1.0,1.0,1000.0,4.24,50.0,6.0,76131.0,2.0,2.0,4.0,2.0,2.0,2017.0,211.2,,1.0,
76133,24,34325.0,150.0,17689300.0,9.0,3.99,1055.0,1969.0,9.73,116765136.5,1.0,2.0,902.5,3.99,79.45,6.0,76133.0,2.5,2.0,5.0,2.5,3.0,2019.0,120.0,35.0,33.0,
76135,14,30506.5,192.5,17271631.0,12.0,3.99,1430.0,1920.0,9.93,116852883.0,0.0,1.0,1170.0,3.99,90.65,7.0,76135.0,3.0,2.0,4.0,3.0,4.0,2019.0,133.95,40.0,100.5,
76137,29,25893.0,130.0,16437519.0,9.0,4.3149999999999995,975.0,1983.0,9.45,116928048.0,1.0,4.0,900.0,4.34,50.0,6.0,76137.0,1.0,2.0,4.0,1.0,2.0,2018.5,104.5,65.0,110.0,
76139,7,20399.0,220.0,16559740.0,10.0,4.23,1080.0,1974.0,8.71,117043635.0,1.0,3.0,715.0,4.23,74.0,5.0,76139.0,3.0,2.5,3.5,3.0,3.0,2020.0,146.3,,33.0,
76149,6,19313.0,105.0,9640074.0,11.0,4.53,520.0,1992.0,9.04,117010045.0,,4.5,387.5,4.53,27.0,2.0,76149.0,1.0,1.0,3.0,1.0,1.0,2015.5,117.30000000000001,,1.0,
7616,2,29816.0,150.0,18491802.0,5.0,-1.02,468.5,1996.0,7.86,114811944.5,2.0,5.0,393.5,-1.02,59.0,2.5,7616.0,2.5,,,2.5,2.5,2020.0,92.0,,,
76185,22,30650.0,160.0,14191691.0,11.0,4.43,760.0,2010.0,9.93,116817243.5,1.0,7.0,670.0,4.43,56.58,5.0,76185.0,2.0,2.0,3.5,2.0,2.0,2020.0,82.9,150.0,1.0,
76187,8,40643.0,140.0,17028201.0,8.0,4.345000000000001,925.0,2014.5,9.485,116400926.0,1.0,8.5,765.0,4.345000000000001,59.5,5.5,76187.0,2.5,1.0,5.0,2.5,2.5,2016.0,71.1,,5.0,
76189,6,22245.5,195.0,17230887.5,12.0,4.31,1400.0,2009.0,8.56,114940123.5,1.0,7.0,1184.0,4.31,107.15,7.0,76189.0,2.5,1.0,2.0,2.5,4.5,2018.5,20.5,,,
76199,8,17951.5,160.0,17573382.5,14.5,3.93,1200.0,1936.5,8.4,116669244.0,1.0,1.0,765.0,3.93,61.0,5.0,76199.0,2.5,2.0,3.0,2.5,2.5,2015.0,111.0,65.0,,
76227,24,23104.5,135.0,16685838.5,8.5,4.23,779.0,1966.0,9.08,116930587.5,1.0,2.0,649.0,4.23,53.0,5.0,76227.0,2.0,2.5,4.0,2.0,2.0,2019.0,125.0,0.0,1.5,
76228,6,22957.0,167.5,18144880.5,7.0,3.8899999999999997,690.0,1968.0,7.08,116691394.0,1.0,2.5,650.0,3.8899999999999997,55.0,4.5,76228.0,2.0,1.0,3.5,2.0,2.5,2016.0,32.3,,,
76229,4,37724.5,142.5,652838.0,7.0,3.91,715.0,2011.0,8.56,111667608.5,1.0,7.5,625.0,3.91,54.0,4.5,76229.0,2.0,1.0,3.5,2.0,2.0,,74.4,,1.0,
76257,1,16792.0,120.0,18624654.0,10.0,4.64,800.0,2016.0,10.56,117108542.0,1.0,9.0,680.0,4.64,44.0,5.0,76257.0,1.0,2.0,3.0,1.0,2.0,2016.0,87.8,,,
76275,14,31017.5,200.0,15289228.5,8.0,4.64,1235.0,1985.0,10.56,116918117.5,1.0,4.0,1035.0,4.64,98.5,7.0,76275.0,3.0,1.0,2.5,3.0,4.0,2019.5,95.05,160.19,11.5,
76276,1,34807.0,360.0,17944847.0,5.0,4.47,1060.0,,10.42,116881131.0,,,700.0,4.47,75.0,5.0,76276.0,2.0,,,2.0,3.0,,,,,
76287,7,15476.0,200.0,15607685.0,14.0,4.74,1150.0,1996.5,10.39,117098103.0,1.0,5.0,1100.0,4.74,103.13,7.0,76287.0,3.5,2.0,2.5,3.0,5.0,2020.0,61.495000000000005,340.0,,
7629,26,42692.5,150.0,473785.0,5.0,-0.19,450.0,1967.5,6.03,115965943.0,,2.0,300.0,-0.19,60.0,1.0,7629.0,3.0,4.0,5.0,3.0,2.0,1996.0,81.0,103.5,2.0,
76297,8,21735.0,150.0,17534230.0,8.5,4.855,820.0,2004.5,10.15,116896293.5,1.0,6.5,790.0,4.855,72.0,5.0,76297.0,2.5,2.0,3.0,2.5,3.0,2019.0,132.0,,1.0,
76307,3,26042.0,150.0,17028201.0,7.0,4.25,812.5,1980.0,8.84,85080069.0,1.0,3.0,695.0,4.245,70.0,5.0,76307.0,3.0,2.0,3.0,3.0,3.0,2017.0,99.75,,,
76316,6,15644.5,150.0,17823339.0,8.0,5.15,785.0,1989.5,9.9,117126977.0,1.0,4.0,745.0,5.15,70.10499999999999,5.0,76316.0,2.5,2.0,3.0,2.5,3.0,2018.0,87.0,,,
76327,13,42487.0,185.0,5411412.0,10.0,4.33,1050.0,2015.0,9.02,116359527.0,1.0,8.0,820.0,4.33,90.0,6.0,76327.0,3.0,2.0,3.0,3.0,4.0,2019.5,113.0,90.0,,
76332,13,39729.0,150.0,16908717.0,9.0,6.0,667.5,1975.0,14.68,115801348.0,1.0,3.0,470.0,6.0,63.0,3.0,76332.0,2.0,2.0,3.0,2.0,3.0,,156.35,110.0,6.0,
76337,7,14403.0,130.0,16769254.0,10.0,4.22,900.0,1980.0,10.07,116992946.0,1.0,3.0,750.0,4.22,80.0,5.0,76337.0,3.0,1.5,3.0,3.0,3.0,2015.0,178.0,40.0,216.0,
76344,15,20823.0,240.0,693795.0,17.0,4.49,1240.0,2010.0,10.34,116973844.0,1.0,7.0,1000.0,4.49,104.0,6.0,76344.0,3.5,1.0,3.0,3.0,5.0,2015.0,115.5,,3.0,
76351,2,20582.0,200.0,17580197.5,5.0,4.72,1050.0,1973.5,10.14,117097631.5,,3.0,850.0,4.72,92.0,5.5,76351.0,4.0,2.5,4.5,4.0,4.0,,,,,
76356,2,7635.0,150.0,17609466.5,15.5,4.73,985.0,1968.5,9.99,117249986.0,1.0,2.5,835.0,4.73,82.33500000000001,5.5,76356.0,3.0,0.0,2.0,3.0,3.5,2019.0,104.0,,,
76359,1,49370.0,190.0,15587635.0,18.0,3.5,1395.0,1969.0,7.06,116359008.0,2.0,2.0,1165.0,3.5,161.46,7.0,76359.0,4.5,,,4.0,7.0,,73.0,,,
7639,2,34517.0,140.0,9286879.5,8.5,-0.47,560.0,1994.0,0.9099999999999999,116725499.5,,5.0,420.0,-0.47,59.5,2.5,7639.0,2.5,2.0,3.0,2.5,2.5,,,79.0,,
76437,47,24389.0,200.0,16542432.0,7.0,4.22,1030.0,1990.5,8.74,116771387.0,1.0,4.5,875.0,4.22,92.0,6.0,76437.0,3.0,2.0,3.0,3.0,4.0,2019.0,66.7,82.5,11111.0,82807.0
76448,2,35405.0,160.0,15952292.0,16.5,4.02,1050.0,1992.5,8.575,112214515.0,1.0,5.0,840.0,4.02,87.5,5.5,76448.0,3.5,3.0,3.0,3.5,4.0,2009.0,138.0,,,
76456,2,10686.0,140.0,11979206.0,11.5,3.6100000000000003,870.0,2018.5,8.51,117218249.5,1.0,9.0,730.0,3.6100000000000003,59.0,5.0,76456.0,2.0,,,2.0,2.0,,,,,
7646,9,35530.0,80.0,16608865.0,12.0,0.63,437.4,1986.0,5.53,116562166.0,1.0,4.0,450.0,0.63,75.0,3.0,7646.0,2.5,2.0,2.0,2.0,3.0,2018.0,93.8,66.35,,
76461,2,69060.5,287.5,400660.0,9.5,4.35,1762.5,2012.0,8.28,115148707.5,2.0,8.0,1475.0,4.35,140.36,7.5,76461.0,4.0,,2.0,4.0,6.0,,82.4,,,
76467,1,12172.0,190.0,16522153.0,9.0,4.1,1140.0,,7.53,117180006.0,1.0,,950.0,4.1,120.0,6.0,76467.0,4.0,1.0,2.0,4.0,5.0,,,,,
76470,1,8367.0,120.0,18611087.0,6.0,4.46,996.0,2020.0,7.87,117286086.0,1.0,9.0,876.0,4.46,73.0,6.0,76470.0,2.0,1.0,3.0,2.0,3.0,2020.0,,,,
76473,1,18927.0,170.0,18623615.0,15.0,4.06,840.0,1995.0,7.77,117073418.0,,5.0,670.0,4.06,67.0,5.0,76473.0,3.0,3.0,3.0,3.0,3.0,2014.0,,,,
76476,2,19688.5,215.0,12891018.0,17.0,3.915,980.0,1971.5,7.630000000000001,112230880.5,1.0,2.5,765.0,3.915,92.5,5.5,76476.0,3.0,1.5,2.0,3.0,4.0,2018.5,137.0,,76477.0,
76479,1,48395.0,175.0,17293238.0,28.0,4.9,1325.0,2019.0,9.1,113030600.0,2.0,9.0,1150.0,4.9,94.0,7.0,76479.0,4.0,1.0,2.0,4.0,4.0,,,,,
76530,59,34616.0,200.0,15979856.0,10.0,3.37,1250.0,1974.0,7.22,116676798.0,1.0,3.0,1040.0,3.37,101.0,7.0,76530.0,3.0,2.0,3.0,3.0,5.0,2019.0,132.05,110.0,6.0,
76532,12,25781.0,170.0,16484973.5,8.5,3.89,1089.75,1990.0,8.41,112062647.5,1.0,4.0,850.0,3.89,103.5,6.0,76532.0,3.0,2.0,3.0,3.0,4.5,2018.0,125.2,80.0,52.0,
76534,10,38886.0,200.0,15514362.0,10.5,4.26,1070.0,1993.0,7.87,116686470.5,1.0,5.0,850.0,4.26,91.0,6.0,76534.0,2.25,1.0,3.0,2.0,4.0,2018.0,103.7,70.0,1.5,
76547,2,11021.5,112.5,16278595.0,10.0,4.0600000000000005,975.0,1969.0,8.95,102623125.5,1.0,2.0,862.5,4.12,76.5,6.0,76547.0,2.25,0.0,1.0,2.0,3.0,2018.5,,,,
76549,6,82636.0,99.0,785429.0,7.0,6.24,1038.5,1987.0,8.16,112729424.5,1.0,4.0,874.0,6.24,86.595,6.0,76549.0,3.0,1.5,2.0,3.0,4.0,2019.0,70.9,65.5,,
76571,7,24739.0,180.0,16620827.0,10.0,4.21,1200.0,1954.0,8.78,114318623.0,1.0,2.0,990.0,4.21,103.0,6.0,76571.0,3.0,1.0,2.0,3.0,5.0,2019.0,98.7,40.0,,
76593,5,76977.0,170.0,16419457.0,11.0,4.44,890.0,1966.0,8.15,110595201.0,1.0,2.0,680.0,4.44,93.0,5.0,76593.0,3.0,2.0,3.0,3.0,4.0,2018.0,172.0,,,
76596,1,8194.0,175.0,18206346.0,15.0,3.78,735.0,1934.0,5.92,116940966.0,,1.0,560.0,3.78,80.0,4.0,76596.0,3.0,2.0,2.0,3.0,3.0,,202.0,,,
76646,19,25562.0,200.0,17156065.0,11.0,5.02,1190.0,2005.0,10.11,116989550.0,1.0,6.5,985.0,5.02,88.0,6.0,76646.0,3.0,2.0,3.0,3.0,4.0,2016.0,105.0,,1212.0,89763.0
76661,6,25096.0,150.0,12005011.5,9.0,4.27,920.0,2006.0,9.08,117009371.0,1.0,7.0,625.0,4.27,64.0,4.0,76661.0,2.75,1.0,2.5,2.5,2.5,2019.0,254.5,80.0,5.0,
76669,1,4444.0,170.0,18629825.0,21.0,4.88,826.0,,9.79,117332840.0,1.0,,656.0,4.88,82.0,5.0,76669.0,3.5,3.0,3.0,3.0,4.0,,,,,
76676,4,14747.5,150.0,18222954.0,7.5,4.86,925.0,1999.5,9.46,117137507.5,1.0,6.0,800.0,4.86,82.0,5.5,76676.0,2.5,1.0,2.5,2.5,3.5,2016.0,,0.0,,
76684,5,6850.0,95.0,17874911.0,7.0,4.37,465.0,1990.0,9.13,117169653.0,,4.0,340.0,4.37,42.0,2.0,76684.0,1.5,0.5,2.5,1.0,2.0,2014.0,,,1.0,
76689,3,51012.0,200.0,15778735.0,12.0,4.71,1000.0,1994.0,10.18,109137775.0,1.0,6.0,1010.0,4.71,103.0,7.0,76689.0,3.0,1.0,3.0,3.0,5.0,2016.0,,,4.0,
76694,1,27000.0,150.0,18619546.0,10.0,4.45,1300.0,,9.43,116989092.0,,,1150.0,4.45,100.0,7.0,76694.0,3.0,,,3.0,4.0,,,,,
76698,2,61146.0,100.0,17172601.5,9.0,4.66,960.0,1958.0,9.01,114908187.5,1.0,2.0,880.0,4.66,85.0,5.5,76698.0,3.0,1.0,2.0,3.0,3.5,2020.0,,,4.0,
76703,2,8292.5,210.0,17856019.0,19.5,4.53,825.0,1982.0,7.16,117125248.5,1.0,3.5,615.0,4.53,86.5,4.0,76703.0,3.0,1.5,1.5,3.0,4.0,2017.0,131.5,,,
76706,1,40334.0,80.0,7377386.0,0.0,4.76,520.0,,8.1,116736801.0,1.0,,400.0,4.76,54.0,2.0,76706.0,2.0,,,2.0,2.0,,,,,
76707,2,36481.5,103.5,18520836.0,6.0,4.45,978.5,1962.5,9.34,116770569.5,1.0,2.0,850.0,4.45,87.0,6.0,76707.0,3.5,1.0,2.5,3.5,4.0,2020.0,40.0,50.0,,
76709,2,45640.5,155.0,17987486.0,5.5,4.79,880.0,,8.85,116510260.5,1.0,,725.0,4.79,83.0,5.0,76709.0,2.5,2.0,3.0,2.5,3.5,,,,,
76726,17,41911.0,112.5,16419457.0,8.0,4.47,425.0,1993.0,10.42,115561738.0,1.0,5.0,415.0,4.47,46.0,3.0,76726.0,1.0,2.0,4.0,1.0,2.0,2020.0,135.0,,1100.0,
76744,6,11728.0,175.0,17230217.5,2.5,3.915,1000.0,2015.5,11.06,117193777.0,1.0,8.5,915.0,3.915,89.0,6.0,76744.0,3.0,1.5,3.0,3.0,4.0,2019.0,,,,
76751,1,24226.0,60.0,18620884.0,5.0,4.98,530.0,,11.24,117016335.0,,,470.0,4.98,55.0,3.0,76751.0,2.0,,2.0,2.0,2.0,,,,,
76756,4,44268.0,192.5,84440.0,9.5,4.1,370.0,1990.5,10.68,116032116.5,1.0,4.5,687.5,4.1,81.25,5.0,76756.0,3.25,1.0,1.0,3.0,3.5,2017.0,111.0,,1100.0,
76761,7,49484.0,170.0,701631.0,9.0,4.24,1095.0,2012.0,11.09,115828871.0,1.0,8.0,840.0,4.24,85.0,6.0,76761.0,3.0,1.5,2.0,3.0,4.0,2020.0,110.6,,1100.0,
76764,2,9871.5,180.0,16765105.0,13.0,4.925000000000001,1255.0,2018.5,11.44,117213142.5,1.5,9.0,1045.0,4.925000000000001,104.0,6.5,76764.0,3.75,0.0,1.0,3.5,4.5,2017.0,,60.0,,
76767,2,26755.5,235.0,17688215.5,15.5,4.12,1385.0,1999.0,10.75,116926810.0,2.0,5.0,1150.0,4.12,145.0,6.0,76767.0,5.0,0.0,2.0,4.5,5.5,2019.0,,,,
76768,1,43979.0,100.0,501380.0,8.0,3.74,850.0,,9.42,116574250.0,1.0,,750.0,3.74,100.0,5.0,76768.0,3.0,,,3.0,4.0,,,,,
76774,2,29569.0,177.5,9349360.0,14.5,3.84,880.0,1986.0,13.57,116618266.5,1.0,4.0,612.5,3.84,89.0,4.5,76774.0,3.0,,,3.0,3.5,2018.0,130.9,,1100.0,
76829,41,31403.0,150.0,16441111.0,11.0,4.38,950.0,1971.0,6.54,116167697.0,1.0,3.0,775.83,4.38,85.0,5.0,76829.0,3.0,2.0,3.0,3.0,4.0,2019.0,112.0,80.0,1.0,
76831,1,19742.0,,2764939.0,6.0,4.09,,2019.0,12.21,113237099.0,1.0,9.0,1100.0,4.09,126.02,7.0,76831.0,5.0,,3.0,5.0,6.0,,,,,
76846,1,10528.0,110.0,15709428.0,0.0,3.69,460.0,1920.0,10.47,117236290.0,,1.0,350.0,3.69,48.0,2.0,76846.0,2.0,1.0,3.0,2.0,2.0,,,,,
76848,2,28191.5,160.0,16323280.0,1.0,,795.0,,,116977346.0,,,635.0,,91.0,5.0,76848.0,3.5,1.5,2.0,3.5,4.0,2020.0,,,,
76855,3,36242.0,280.0,5408790.0,11.0,4.33,700.0,2019.0,6.45,116848196.0,1.5,9.0,1416.0,4.33,112.0,7.0,76855.0,3.0,,,3.0,5.0,,19.0,,,
76857,2,49201.5,110.0,18229980.0,4.0,4.365,625.0,2020.0,9.57,114351524.5,1.0,9.0,520.0,4.365,56.5,3.5,76857.0,2.5,1.0,2.5,2.5,2.5,2020.0,,0.0,,
76863,3,28730.0,200.0,421227.0,9.0,3.89,1010.0,1996.5,5.98,116972870.0,1.0,5.0,775.0,3.89,98.0,5.0,76863.0,2.0,1.0,1.0,2.0,4.0,2015.0,109.95,,,
76870,1,57184.0,300.0,1522543.0,29.0,4.33,1590.0,,9.93,115832588.0,2.0,,1290.0,4.33,142.0,7.0,76870.0,5.0,2.0,3.0,5.0,6.0,2017.0,,,,
76872,2,24817.5,175.0,9755288.5,7.5,3.8049999999999997,947.5,2009.5,9.8,116998708.5,2.0,7.0,860.0,3.8049999999999997,95.5,6.0,76872.0,3.5,2.0,2.0,3.5,4.5,,,95.0,,
76879,1,1275.0,150.0,16389345.0,3.0,4.57,700.0,2012.0,10.93,117369333.0,,8.0,550.0,4.57,72.0,4.0,76879.0,2.0,,,2.0,3.0,,,,,
76887,11,29050.0,200.0,1016700.0,10.0,4.7,775.0,2006.5,6.83,116970352.0,1.0,7.0,620.0,4.7,84.0,5.0,76887.0,3.0,1.0,3.0,3.0,4.0,2012.0,98.5,90.0,471100.0,
76889,3,44490.0,150.0,17376275.0,13.0,4.62,700.0,1998.0,8.87,116565843.0,2.0,5.0,550.0,4.62,63.0,4.0,76889.0,2.5,1.0,2.0,2.0,3.0,2014.0,11.9,,,
7743,14,41516.5,122.5,16669203.5,7.0,4.02,606.0,1984.0,5.59,116604204.0,1.0,4.0,458.95,4.02,48.5,3.0,7743.0,2.0,3.0,4.0,2.0,2.0,2018.0,100.965,60.0,,
7745,6,33479.0,145.0,16578986.5,5.5,3.83,727.5,1960.0,5.640000000000001,116902803.0,1.0,2.0,600.0,3.83,56.25,4.0,7745.0,2.5,3.0,4.0,2.5,2.5,2020.0,80.2,130.0,,
7747,13,26187.0,89.5,15160411.0,8.0,3.38,570.485,1970.0,4.03,116998296.0,1.0,2.0,435.0,3.38,58.87,3.0,7747.0,3.0,4.0,4.0,3.0,2.0,2017.0,83.0,56.0,,
7749,7,37637.0,120.0,15160411.0,12.0,3.84,684.5,2004.5,4.46,116802508.0,1.5,6.5,599.0,3.84,68.14,4.0,7749.0,2.0,1.0,3.0,2.0,3.0,2020.0,84.0,,,
7751,3,57726.0,130.0,1697559.0,11.0,2.62,549.0,1994.0,7.5,114911238.0,1.0,5.0,419.0,2.62,49.0,3.0,7751.0,2.0,1.0,2.5,2.0,2.0,2019.0,156.4,45.0,,
7754,3,17669.0,110.0,15160411.0,13.0,2.14,,,1.74,117094882.0,1.0,,255.0,2.14,53.0,1.0,7754.0,2.0,3.0,4.0,2.0,2.0,2020.0,117.0,,,
77652,24,15771.5,180.0,15696055.0,12.5,3.65,1070.0,2020.0,7.49,117067050.5,1.0,9.0,870.0,3.65,86.34,6.0,77652.0,3.0,2.0,3.0,3.0,4.0,2018.0,83.55,105.0,1.0,
77654,10,33651.0,200.0,18266532.0,10.5,3.65,1132.5,2015.0,7.49,115838344.5,1.0,8.5,900.0,3.65,90.525,6.0,77654.0,3.0,1.0,3.5,3.0,4.0,2019.0,23.4,80.0,,
77656,4,27919.0,195.0,18306783.0,3.5,3.65,1010.0,2010.0,7.49,116932400.0,1.0,7.0,875.0,3.65,90.925,6.0,77656.0,3.0,2.0,2.0,3.0,4.0,2014.5,93.8,,,
7768,8,61051.5,90.0,17279911.0,11.0,0.35,360.0,1989.0,3.61,115103343.0,1.0,4.0,275.0,0.35,52.64,1.0,7768.0,2.0,2.0,3.0,2.0,2.0,1999.0,65.1,70.0,2.0,
77694,25,44345.0,167.0,595120.0,9.0,3.13,1014.9100000000001,2019.0,7.62,116568225.0,1.0,9.0,831.0,3.13,83.4,6.0,77694.0,3.0,1.0,4.0,3.0,4.0,2018.0,73.7,99.0,5.5,
77704,3,51501.0,120.0,16505674.0,6.0,3.49,845.0,1978.0,7.45,116017439.0,,3.0,550.0,3.49,80.0,4.0,77704.0,2.0,1.5,3.0,2.0,3.0,2020.0,191.2,,2.0,
77709,2,19685.5,150.0,8881843.5,0.5,2.745,765.0,1900.0,7.51,113339859.5,1.0,1.0,707.5,2.745,100.91499999999999,5.0,77709.0,3.5,1.0,1.0,3.5,4.5,2018.0,,,,
77716,4,10944.5,130.0,17943224.0,18.0,3.6,930.0,1986.0,7.71,109387949.5,1.5,5.0,800.0,3.6,81.0,5.5,77716.0,2.75,1.5,2.5,2.5,3.5,2017.0,40.9,,,
77723,7,53895.0,150.0,16908874.0,14.0,2.64,985.0,2018.0,7.94,116045162.0,1.0,9.0,635.0,2.64,83.79,5.0,77723.0,3.0,1.0,1.0,3.0,4.0,2020.0,97.5,,,
77728,1,77892.0,75.0,15555867.0,4.0,5.0,,1965.0,8.45,107103349.0,1.0,2.0,330.0,5.0,44.0,2.0,77728.0,2.0,,,2.0,2.0,,,,1.0,
77731,2,8209.0,225.0,18594915.0,13.5,3.4,1017.5,1993.0,7.91,116938370.0,1.0,5.5,792.5,3.4,70.0,5.5,77731.0,2.5,2.0,2.0,2.5,3.0,2018.0,,,,
77736,3,54504.0,180.0,529997.0,12.0,3.11,,1981.5,6.78,115558552.0,1.0,3.5,590.0,3.11,90.22,4.0,77736.0,2.5,2.0,2.0,2.0,4.0,2015.0,137.0,60.0,,
7774,1,2102.0,75.0,17294637.0,6.0,0.0,310.0,1950.0,4.97,111534229.0,,1.0,235.0,0.0,34.0,1.0,7774.0,1.0,1.0,4.0,1.0,1.0,,91.7,,,
77743,1,31624.0,150.0,15980883.0,2.0,3.71,860.0,2018.0,7.38,116933057.0,1.0,9.0,710.0,3.71,80.0,5.0,77743.0,2.0,0.0,4.0,2.0,3.0,,,,,
77749,2,7848.5,250.0,16552467.0,22.5,2.56,,1972.0,6.86,117293644.5,,3.0,980.0,2.56,120.0,6.0,77749.0,4.0,,1.0,4.0,5.0,2020.0,87.3,,,
77756,1,10093.0,200.0,15409935.0,10.0,3.13,1150.0,2003.0,,70782931.0,1.0,6.0,950.0,,125.0,6.0,77756.0,4.5,1.0,3.0,4.0,6.0,,106.0,,,
77776,2,8004.5,200.0,11755217.0,15.0,6.37,730.0,2000.0,10.03,107645408.0,1.0,6.5,470.0,6.37,70.5,3.0,77776.0,2.5,2.5,3.0,2.5,3.0,2013.0,,,20000.0,
7778,2,38893.5,110.0,17050467.5,3.0,0.9149999999999999,513.0,,1.09,110648473.5,,,408.0,0.9149999999999999,53.5,2.5,7778.0,2.0,3.0,3.0,2.0,2.0,,98.0,,,
77787,1,52757.0,100.0,16552467.0,20.0,2.81,0.0,2014.0,,116144540.0,1.0,8.0,970.0,2.81,85.0,6.0,77787.0,2.0,,,2.0,4.0,,26.1,,,
77791,1,21168.0,150.0,18622130.0,5.0,4.1,950.0,2020.0,5.08,117045396.0,1.0,9.0,800.0,4.1,73.51,5.0,77791.0,3.0,2.0,3.0,3.0,3.0,,,,,
77793,1,19501.0,150.0,15733769.0,9.0,2.4,850.0,1953.0,12.38,117070601.0,1.0,2.0,700.0,2.4,80.0,5.0,77793.0,3.0,1.0,3.0,3.0,3.0,2019.0,142.9,,,
77799,2,27790.0,250.0,9464317.0,8.5,3.1550000000000002,1507.5,2012.0,7.235,115710838.0,2.0,8.0,1220.0,3.1550000000000002,133.5,7.0,77799.0,3.75,2.0,2.5,3.5,6.0,,69.2,,,
77815,14,27713.0,184.0,15881991.0,10.5,4.46,1084.0,1995.0,8.48,116842647.5,1.0,5.0,850.0,4.46,103.0,6.0,77815.0,3.75,1.5,3.0,3.5,5.0,2020.0,107.4,120.0,2.0,
77830,2,6882.0,170.0,8853408.5,11.5,3.725,,1985.5,8.48,103328981.5,1.0,4.0,710.0,4.46,102.1,5.0,77830.0,3.5,3.0,2.0,3.5,4.5,,60.0,80.0,,
77833,1,8101.0,150.0,16258323.0,18.0,4.26,910.0,1968.0,5.54,117288220.0,1.0,2.0,760.0,4.26,120.0,5.0,77833.0,3.5,1.0,3.0,3.0,5.0,,,,,
77836,1,67919.0,135.0,814613.0,6.0,3.42,,1902.0,7.72,115283828.0,1.0,1.0,550.0,3.42,45.0,4.0,77836.0,1.5,2.0,3.0,1.0,2.0,2015.0,,,,
77855,6,7695.0,245.0,18443554.5,12.5,2.91,1350.0,2000.0,8.44,116642371.5,1.0,6.0,1106.0,2.91,120.0,7.0,77855.0,4.0,2.0,3.0,4.0,5.5,2016.5,96.75,100.0,,
77866,2,49157.5,190.0,9605122.5,21.5,2.85,1340.0,1974.0,5.96,115035672.0,1.0,3.0,1150.0,2.85,108.5,6.0,77866.0,2.75,,,2.5,5.0,,,,,
77876,1,64508.0,130.0,4680419.0,10.0,2.73,800.0,1828.0,8.27,63054144.0,1.0,1.0,670.0,2.73,68.88,5.0,77876.0,2.0,2.0,3.0,2.0,3.0,2009.0,96.0,,,
77880,4,65958.0,120.0,11226942.5,8.0,3.0,772.5,2018.0,8.965,112417934.5,2.0,9.0,772.5,3.0,46.25,5.0,77880.0,2.0,1.0,3.0,2.0,2.0,2016.5,178.0,,1.5,
77887,1,57350.0,150.0,16531682.0,7.0,4.7,380.0,1972.0,5.44,110432095.0,,3.0,230.0,4.7,24.0,1.0,77887.0,1.0,1.0,1.0,1.0,1.0,,,,,
77933,24,26987.0,190.5,15897656.5,11.5,3.95,1155.0,2016.0,8.99,116873076.0,1.0,9.0,922.0,3.95,102.5,6.0,77933.0,3.0,1.5,3.0,3.0,4.5,2019.0,76.465,,2.0,
77948,1,8067.0,100.0,16908874.0,3.0,3.22,,,6.53,117290177.0,,,800.0,3.22,90.0,5.0,77948.0,3.0,1.0,1.0,3.0,4.0,,75.0,,,
77955,6,13928.5,195.0,16740418.0,11.5,2.74,850.0,2003.0,7.89,117155032.0,1.0,6.0,915.0,2.74,103.5,6.0,77955.0,3.0,1.0,3.0,3.0,5.0,2017.0,90.3,,,
77960,1,14650.0,80.0,18421040.0,18.0,2.45,740.0,1970.0,9.07,117144552.0,,2.0,660.0,2.45,66.0,5.0,77960.0,2.0,1.0,3.0,2.0,3.0,2020.0,,,,
77972,2,13074.5,100.0,17886211.0,9.0,3.1550000000000002,480.0,,7.14,117173628.5,1.0,,570.0,3.1550000000000002,53.0,3.5,77972.0,2.0,1.0,,2.0,2.5,2020.0,,,,
77977,3,10359.0,217.5,18617049.0,7.0,4.08,975.0,1989.5,9.19,117243313.0,2.0,5.0,790.0,4.08,86.0,5.0,77977.0,3.0,1.0,3.0,3.0,4.0,2020.0,17.5,,,
78048,10,30762.5,200.0,16816010.5,10.5,6.5,1172.5,1959.0,12.69,116949837.5,2.0,2.0,992.5,6.5,102.22,6.0,78048.0,3.25,2.0,2.0,3.0,4.5,2020.0,84.5,93.0,4711.0,
78050,5,23550.0,200.0,1028053.0,3.0,6.5,1120.0,2012.0,12.69,117025390.0,1.0,8.0,690.0,6.5,80.0,5.0,78050.0,2.5,3.0,3.5,2.0,3.0,2018.5,60.25,,,
78052,7,8742.0,180.0,18587751.0,9.0,6.5,800.0,1995.5,12.69,117244155.0,1.0,5.0,600.0,6.5,76.0,4.0,78052.0,3.0,2.0,3.0,3.0,3.0,2018.0,145.0,,,
78054,5,27088.0,220.0,3684042.0,9.0,6.5,1035.0,1983.0,12.69,114453831.0,1.0,4.0,800.0,6.5,115.5,5.0,78054.0,4.0,3.0,3.0,4.0,5.0,,113.3,,69023.0,
78056,4,22836.0,145.0,17301830.0,8.5,5.49,750.0,1972.0,12.69,110770716.0,1.0,3.0,605.0,6.5,62.2,4.0,78056.0,2.25,2.0,3.0,2.0,3.0,2011.5,169.5,,1.0,
7806,3,72517.0,100.0,9389276.0,1.0,-0.2,353.0,1996.0,6.39,114832605.0,1.0,5.0,253.0,-0.2,45.91,1.0,7806.0,2.0,3.0,5.0,2.0,2.0,,99.9,,,
78073,20,30653.0,210.0,17279902.0,3.5,5.83,1147.0,1999.5,11.29,116591445.0,1.0,5.0,880.0,5.83,89.35,6.0,78073.0,3.0,2.0,4.0,3.0,4.0,2019.0,87.45,67.17,4711.0,
78083,2,35127.5,122.5,18169404.5,5.5,5.945,827.5,1972.0,10.99,115368207.5,2.0,2.5,705.0,5.945,82.5,5.0,78083.0,3.5,2.0,2.5,3.0,3.5,2015.0,,,,
78112,4,10862.0,150.0,14995586.5,6.0,5.62,490.0,1961.5,12.0,116711017.5,2.0,2.0,340.0,5.62,48.5,2.0,78112.0,2.0,1.0,3.0,2.0,2.0,2017.0,154.6,,,
78120,10,32509.0,120.0,11048776.0,6.5,5.95,585.0,1972.5,11.42,116167065.5,1.0,3.0,413.25,5.95,36.5,3.0,78120.0,1.5,2.0,3.5,1.5,1.5,2016.0,104.5,,10.0,85694.0
78126,3,24464.0,110.0,860062.0,2.0,6.03,330.0,1983.0,11.16,117013880.0,,4.0,220.0,6.03,24.8,1.0,78126.0,1.0,1.0,3.0,1.0,1.0,,146.0,,,
78132,1,48207.0,200.0,17973281.0,26.0,3.51,1090.0,1975.0,,105135645.0,1.0,3.0,890.0,,140.0,6.0,78132.0,5.0,,,5.0,6.0,2018.0,,,,
78136,1,28505.0,200.0,18618812.0,12.0,5.33,1050.0,,9.66,116974855.0,1.0,,850.0,5.33,130.0,6.0,78136.0,4.0,,,4.0,6.0,2013.0,,,,
78141,3,49842.0,140.0,15546895.0,7.0,6.39,440.0,1978.0,10.31,115803778.0,1.0,3.5,300.0,6.39,33.34,1.0,78141.0,1.0,1.5,2.5,1.0,1.0,,158.5,,300.0,
78147,2,10171.0,255.0,17770144.0,18.0,7.02,1162.5,1990.0,4.11,115043980.5,1.0,4.0,857.5,7.02,157.5,5.5,78147.0,5.0,2.0,,4.5,6.5,2020.0,,100.0,80048.0,
78148,2,72622.5,200.0,151888.0,44.0,6.13,727.5,1969.0,9.25,114809657.5,1.0,2.0,510.0,6.13,69.805,3.5,78148.0,3.0,1.0,,3.0,3.0,2016.5,70.1,,,
78166,5,28170.0,210.0,15669074.0,11.0,5.81,920.0,1994.0,11.37,116488130.0,1.0,5.0,692.49,5.85,86.0,5.0,78166.0,3.0,1.5,3.0,3.0,4.0,2018.0,125.65,77.5,,
78176,1,77432.0,200.0,18130295.0,27.0,6.47,1095.0,1938.0,13.15,108037659.0,1.0,1.0,895.0,6.47,95.0,6.0,78176.0,4.0,1.0,1.0,4.0,4.0,2020.0,92.7,,,
78183,1,8591.0,195.0,740176.0,1.0,3.33,845.0,1982.0,15.02,85742424.0,1.0,4.0,600.0,3.33,83.0,4.0,78183.0,3.0,3.0,3.0,3.0,4.0,,123.0,,,
7819,1,53302.0,85.0,9389276.0,1.0,0.71,321.0,,1.28,116124155.0,1.0,,236.0,0.71,38.8,1.0,7819.0,1.0,1.0,4.0,1.0,1.0,,105.0,,,
78194,1,12663.0,100.0,17873374.0,10.0,7.19,850.0,2019.0,12.27,117169316.0,1.0,9.0,750.0,7.19,68.0,5.0,78194.0,2.5,,,2.0,3.0,,,,,
78224,15,21585.0,185.0,16567635.0,6.0,3.6,1020.0,1982.0,6.34,116983470.0,1.0,3.5,720.0,3.6,85.0,5.0,78224.0,3.5,1.0,3.0,3.0,4.0,2018.0,78.0,60.0,,
78239,3,51858.0,200.0,4321053.0,9.0,2.81,1220.0,1963.0,6.32,116046082.0,1.0,2.0,970.0,2.81,105.0,6.0,78239.0,3.5,2.0,2.0,3.0,5.0,,247.1,,,
78244,3,12845.0,210.0,18625822.0,5.0,3.52,1060.0,2020.0,6.61,117164010.0,1.0,9.0,850.0,3.52,87.0,6.0,78244.0,3.0,,,3.0,4.0,,,,,
78266,2,49360.5,157.5,6632587.0,17.0,3.54,912.5,1996.0,5.984999999999999,115971392.0,1.0,6.0,755.0,3.54,73.5,5.0,78266.0,2.25,1.0,3.0,2.0,3.0,2015.0,24.9,,1.0,
78269,1,9859.0,209.0,18627465.0,7.0,2.18,1089.0,2020.0,4.28,117235647.0,1.0,9.0,880.0,2.18,82.95,6.0,78269.0,3.0,1.0,3.0,3.0,4.0,,,,,
78315,10,29100.5,185.0,16820905.5,7.0,3.23,1360.0,2008.0,7.15,116672275.0,1.0,7.0,1140.0,3.23,90.53,7.0,78315.0,3.25,1.0,2.5,3.0,4.0,2019.5,43.3,0.0,,
78333,3,14218.0,198.0,17566211.0,11.0,3.28,931.0,1944.0,4.81,117146013.0,1.0,1.5,733.0,3.28,80.0,5.0,78333.0,2.0,1.0,2.0,2.0,3.0,2017.0,114.95,,,
78351,3,49012.0,250.0,15560444.0,10.0,2.74,2310.0,2019.0,6.17,116136247.0,2.0,9.0,1850.0,2.74,134.0,8.0,78351.0,3.5,1.5,3.0,3.0,6.0,2020.0,33.7,,,
78354,3,35641.0,155.0,16494857.0,3.0,2.44,930.0,1993.0,8.18,116861935.0,2.0,5.5,1200.0,2.44,120.0,7.0,78354.0,2.5,2.0,2.5,2.0,5.0,2018.0,74.05,,,
78355,1,62788.0,180.0,5949971.0,10.0,2.54,750.0,1991.0,8.82,78359093.0,1.0,5.0,540.0,2.54,85.0,4.0,78355.0,3.0,1.0,2.0,3.0,4.0,2019.0,115.0,,,
78357,1,12348.0,200.0,18626113.0,19.0,3.98,960.0,,5.21,117178331.0,1.0,,760.0,3.98,104.0,5.0,78357.0,4.0,0.0,2.0,4.0,5.0,,,,,
78359,1,46993.0,160.0,17766075.0,0.0,2.86,955.0,2017.0,5.38,101255162.0,2.0,9.0,795.0,2.86,85.0,5.0,78359.0,3.5,2.0,3.0,3.0,4.0,,,,,
78434,1,7361.0,110.0,18628707.0,0.0,3.23,430.0,1976.0,6.31,117284814.0,,3.0,320.0,3.23,30.0,2.0,78434.0,1.0,,,1.0,1.0,2020.0,,,,
78462,7,23161.0,125.0,16192378.0,7.0,2.9,1450.0,1905.0,7.57,104690745.0,1.0,1.0,1250.0,2.6,77.0,7.0,78462.0,3.0,3.0,3.0,3.0,3.0,2017.0,85.0,,,
78464,7,11554.0,180.0,17677191.0,11.0,2.6,1575.0,1992.0,7.57,117200463.0,1.0,5.0,1250.0,2.6,80.0,7.0,78464.0,3.0,0.0,1.0,3.0,3.0,2019.5,,,,
78465,6,19734.5,165.5,17149083.0,12.0,2.6,850.0,1974.0,7.57,116590965.0,1.0,3.0,640.0,2.6,65.995,4.5,78465.0,2.5,2.5,3.0,2.5,2.5,2005.0,278.71,170.0,2.0,
78467,5,35262.0,215.0,16908869.0,12.0,2.6,1125.0,1995.0,7.57,115637380.0,1.0,5.0,1130.0,2.6,90.05,7.0,78467.0,3.0,4.0,8.0,3.0,4.0,2019.0,55.5,,,
78476,5,24266.0,190.0,18618077.0,11.0,2.68,1035.0,1992.0,6.75,117016008.0,1.0,5.0,850.0,2.68,65.85,6.0,78476.0,2.5,0.5,3.0,2.0,3.0,2019.0,86.8,,,
78479,1,46215.0,400.0,293806.0,15.0,3.19,2190.0,2004.0,4.8,116457970.0,2.0,6.0,1790.0,3.19,122.0,8.0,78479.0,4.5,,,4.0,6.0,,,,,
78532,42,76714.5,158.0,16635567.0,13.0,6.56,1206.0,2020.0,10.91,113804221.5,1.0,9.0,980.0,6.56,81.015,6.0,78532.0,3.0,3.0,5.0,3.0,3.5,2019.0,173.5,77.0,,
78549,1,48411.0,150.0,16451014.0,6.0,5.72,,2018.0,9.85,116386869.0,1.0,9.0,990.0,5.72,75.0,6.0,78549.0,2.0,0.0,3.0,2.0,3.0,,,,,
78554,1,19468.0,200.0,18623553.0,0.0,5.76,1000.0,,10.09,117070417.0,,,800.0,5.76,99.5,5.0,78554.0,4.0,1.0,2.0,4.0,4.0,,,,,
78564,2,51127.0,148.09,17179130.0,3.0,,758.0899999999999,2003.0,,95655475.0,1.0,6.5,575.0,,80.5,3.5,78564.0,3.0,2.5,3.0,3.0,3.5,,81.0,70.0,,
78570,1,10023.0,70.0,18603337.0,16.0,4.35,670.0,1988.0,10.14,117253746.0,1.0,4.0,600.0,4.35,64.0,4.0,78570.0,2.0,,,2.0,3.0,2017.0,,,,
78573,1,8954.0,200.0,18628524.0,2.0,6.37,900.0,,12.18,117275268.0,,,700.0,6.37,93.0,5.0,78573.0,3.5,,,3.0,4.0,,,,,
78586,1,26219.0,225.0,18482230.0,23.0,6.14,975.0,,10.28,114026612.0,1.0,,750.0,6.14,95.0,5.0,78586.0,3.5,,,3.0,4.0,2020.0,,,,
78589,1,39041.0,145.0,771581.0,12.0,4.66,615.0,1981.0,10.95,116771353.0,1.0,4.0,470.0,4.66,62.0,3.0,78589.0,3.0,1.0,2.0,3.0,3.0,2018.0,98.4,,,
78606,2,30307.0,165.0,16861993.0,14.0,7.695,830.0,1958.5,12.625,114150940.0,1.0,1.5,665.0,7.695,86.5,5.0,78606.0,3.5,1.0,1.0,3.5,4.0,2019.5,,,,
78607,1,38071.0,170.0,942978.0,11.0,5.06,670.0,,,116791451.0,,,500.0,5.06,75.0,3.0,78607.0,3.0,2.0,2.0,3.0,3.0,2018.0,197.9,,20201903.0,
78609,1,67354.0,225.0,18531866.0,9.0,5.24,1100.0,2020.0,12.1,114919646.0,1.0,9.0,875.0,5.24,99.0,6.0,78609.0,4.0,,,4.0,4.0,,,,,
78628,8,10767.0,225.0,16791336.0,10.5,4.84,1050.0,1995.0,10.08,117223856.5,1.0,5.0,870.0,4.84,101.5,6.0,78628.0,3.5,2.0,2.5,3.5,4.5,2018.0,98.5,0.0,2.0,
78644,1,31201.0,170.0,16999603.0,10.0,3.21,760.0,1995.0,4.91,115593401.0,1.0,5.0,590.0,3.21,82.0,4.0,78644.0,3.0,3.0,3.0,3.0,4.0,,,,,
78647,2,35230.0,189.5,18025915.5,8.5,6.73,897.0,1990.0,10.74,113643917.0,1.0,4.0,707.5,6.73,97.5,4.5,78647.0,4.5,1.0,3.0,4.5,4.0,2019.0,,65.0,,
78655,1,36884.0,150.0,16999603.0,7.0,4.76,590.0,2020.0,7.94,116822802.0,2.0,9.0,440.0,4.76,52.0,3.0,78655.0,2.5,2.0,3.0,2.0,2.0,,,,,
78669,1,28041.0,250.0,18501867.0,17.0,5.08,1140.0,1977.0,12.47,114364898.0,2.0,3.0,890.0,5.08,120.0,6.0,78669.0,5.0,2.0,2.0,5.0,5.0,2015.0,,,,
78713,13,37121.0,135.0,15514476.0,10.0,4.79,595.0,1981.0,7.7,114994824.0,1.0,3.5,500.0,4.79,74.52,3.0,78713.0,2.5,2.0,3.0,2.0,3.0,2018.0,103.4,,1.0,
78727,8,26919.0,155.0,18107919.5,10.5,5.49,820.0,1994.0,9.73,116984191.0,1.0,5.0,685.0,5.49,86.0,5.0,78727.0,3.25,2.0,2.0,3.0,4.0,2019.0,103.0,,,
78730,5,66999.0,230.0,16916248.0,13.0,4.88,920.0,1990.0,7.08,115334858.0,1.5,4.0,690.0,4.88,114.5,5.0,78730.0,3.5,1.0,3.0,3.0,5.0,2019.0,148.2,,4.0,
78736,3,31193.0,150.0,17594115.0,18.0,5.07,800.0,1973.0,9.69,116940928.0,1.5,3.0,650.0,5.07,75.0,5.0,78736.0,3.0,0.0,1.0,3.0,3.0,2020.0,27.4,,,
7907,8,5283.0,170.0,18624876.0,5.5,2.33,625.0,2020.0,0.92,117133638.0,1.0,9.0,460.0,2.33,76.5,3.0,7907.0,3.0,0.5,2.0,3.0,3.0,2018.5,179.1,,2.0,
79098,12,30875.5,200.0,16959091.0,12.5,5.69,1375.0,1923.5,4.84,116422483.0,,1.5,1175.0,5.69,91.5,7.0,79098.0,3.0,3.0,4.0,3.0,4.0,2017.0,131.0,,1.0,
79100,3,40545.0,185.0,16965592.0,11.0,5.93,1145.0,2007.0,5.81,116733439.0,1.0,7.0,1500.0,5.93,82.0,7.0,79100.0,2.0,4.0,6.0,2.0,4.0,,65.1,,,
79102,4,62136.5,231.0,10639106.5,13.5,5.95,1912.5,2019.0,6.734999999999999,112380594.5,1.0,9.0,1681.5,5.95,105.755,7.5,79102.0,3.0,2.0,4.0,3.0,4.5,2019.0,71.5,,,
79104,9,50304.0,283.0,829370.0,12.0,5.8,2056.5,2016.0,5.53,116046047.0,1.0,9.0,1780.0,5.8,115.0,8.0,79104.0,3.0,3.0,4.0,3.0,5.0,2014.0,69.0,,2.0,
79106,20,50324.5,195.0,5869870.0,10.0,6.29,1575.0,2019.5,7.72,115808013.0,1.0,9.0,1337.5,6.29,90.5,7.0,79106.0,3.0,3.0,5.0,3.0,4.0,2016.5,21.7,100.0,5.0,
79108,7,41466.0,145.0,17298478.0,5.0,6.35,711.5,2015.0,7.72,115752448.0,1.0,8.0,611.0,6.35,28.0,5.0,79108.0,1.0,2.5,4.5,1.0,1.0,2017.0,46.0,,,
79110,4,20103.0,178.5,7457650.5,9.0,6.705,970.0,1977.5,7.19,116498537.0,1.0,3.0,791.5,7.01,56.0,5.5,79110.0,2.0,2.0,12.0,2.0,2.5,2017.0,143.74,,,
79111,7,18431.0,100.0,17264314.0,9.0,6.37,750.0,2010.0,6.06,116978082.0,1.0,7.0,650.0,6.37,33.0,5.0,79111.0,1.0,2.0,5.0,1.0,1.0,2019.0,35.4,,,
79112,3,3045.0,225.0,18393776.0,8.0,5.63,1400.0,1996.5,6.58,117351509.0,1.0,6.0,1150.0,5.63,107.0,7.0,79112.0,3.0,2.0,3.0,3.0,5.0,2020.0,121.1,,,
79114,1,6935.0,180.0,16965592.0,4.0,6.04,860.0,1993.0,7.27,114720953.0,1.0,5.0,680.0,6.04,59.9,5.0,79114.0,2.0,1.0,3.0,2.0,2.0,2013.0,,,,
79115,16,41841.0,170.5,5869870.0,8.0,6.04,1218.5,2020.0,7.27,116652625.5,1.0,9.0,1054.5,6.04,70.245,7.0,79115.0,2.0,1.0,4.0,2.0,3.0,2018.0,53.0,,2.0,
79117,8,11131.5,117.5,15850399.5,5.5,6.16,920.0,1995.0,5.68,116881679.0,1.0,5.0,705.0,6.16,60.5,5.0,79117.0,2.0,2.0,2.5,2.0,2.5,2016.0,127.5,,,
79183,1,34875.0,260.0,18236475.0,16.0,3.85,1080.0,1986.0,6.99,109859376.0,1.0,4.0,820.0,3.85,100.0,6.0,79183.0,2.5,,,2.0,4.0,,,,,
79189,18,21157.5,200.0,17537056.0,8.0,3.12,1530.0,2019.0,6.0,117020061.5,1.0,9.0,1259.0,3.12,105.5,7.0,79189.0,3.0,2.0,3.0,3.0,5.0,2018.5,36.0,,23.0,
7919,2,53980.0,90.0,8900247.5,8.0,4.16,325.0,1697.5,3.0,80325157.5,1.0,3.0,235.0,4.15,45.010000000000005,1.0,7919.0,2.0,3.5,3.5,2.0,1.5,1998.0,49.0,,,
79194,6,28825.0,250.0,17132293.5,6.0,2.98,1523.0,2009.0,8.33,116640798.0,1.0,7.0,1288.0,2.965,100.7,7.0,79194.0,3.75,2.0,2.5,3.5,4.5,2018.0,86.1,,,
79199,5,20282.0,160.0,550568.0,8.0,2.91,1140.0,2009.0,6.67,117063524.0,1.0,7.0,1150.0,2.91,79.32,7.0,79199.0,2.5,0.5,3.5,2.0,3.0,2019.0,76.5,,10.0,
79206,6,28957.5,250.0,15234431.5,14.5,2.47,1050.0,1977.0,6.33,116939805.5,1.0,3.0,870.0,2.47,110.44,6.0,79206.0,3.5,1.0,3.0,3.5,5.0,2015.0,144.0,100.0,1.0,
79215,1,50841.0,262.0,18405796.0,6.0,3.68,1780.0,2019.0,5.64,113005930.0,2.0,9.0,1518.0,3.68,144.55,8.0,79215.0,4.0,2.0,2.0,4.0,6.0,,110.0,,,
79219,3,62030.0,230.0,17383011.0,10.0,2.62,1170.0,2017.0,6.32,115617611.0,1.0,9.0,900.0,2.62,90.0,6.0,79219.0,3.0,2.0,4.0,3.0,4.0,2017.0,,0.0,,
79227,5,27799.0,200.0,18619256.0,4.0,3.0,1050.0,2020.0,5.63,116982071.0,1.0,9.0,850.0,3.0,71.22,6.0,79227.0,3.0,1.0,3.0,3.0,3.0,2017.0,74.05,,1.0,
79232,3,10779.0,180.0,16351138.0,8.0,2.75,800.0,1996.0,5.52,116809400.0,3.0,5.0,1200.0,2.75,110.0,7.0,79232.0,4.0,2.0,3.0,4.0,5.0,2017.5,113.6,,,
79235,1,28857.0,40.0,17747601.0,8.0,3.06,840.0,1995.0,6.16,116971478.0,1.0,5.0,600.0,3.06,96.0,4.0,79235.0,3.5,2.0,3.0,3.0,4.0,1995.0,89.4,200.0,,
79238,10,60984.5,249.5,17867257.0,6.5,2.93,1527.0,2019.0,7.9,115654204.5,1.0,9.0,1212.5,2.93,95.33,7.0,79238.0,3.0,0.5,4.0,3.0,4.0,,97.0,,2213.0,
79241,3,7582.0,280.0,18543723.0,13.0,2.93,1350.0,2005.5,6.99,117296226.0,2.0,7.0,1050.0,2.93,114.0,7.0,79241.0,4.0,,,4.0,5.0,,114.7,,,
79244,1,45256.0,200.0,18475132.0,6.0,3.91,1070.0,1995.0,4.65,116546856.0,2.0,5.0,870.0,3.91,92.0,6.0,79244.0,3.0,0.0,3.0,3.0,4.0,2010.0,,,,
79252,1,11183.0,75.0,18627005.0,9.0,2.37,570.0,2019.0,7.08,117211368.0,1.0,9.0,495.0,2.37,41.0,3.0,79252.0,1.0,2.0,3.0,1.0,2.0,,,,,
79254,2,44404.5,170.0,16709581.5,15.5,3.9800000000000004,730.0,1990.0,3.82,103253707.5,1.0,4.0,931.0,3.85,85.5,5.5,79254.0,2.0,3.0,3.0,2.0,4.0,2020.0,,,,
79256,2,50467.5,205.0,17897693.5,8.5,3.475,1228.0,2019.0,5.44,115878867.0,1.0,9.0,1028.0,3.475,96.5,6.5,79256.0,3.25,1.0,,3.0,4.5,,,,,
79258,3,34337.0,200.0,15925098.0,15.0,3.51,1217.5,1997.5,6.2,114653043.0,1.0,6.0,810.0,3.51,102.0,6.0,79258.0,3.0,1.0,2.5,3.0,5.0,,90.85,,,
79261,2,32866.5,225.0,18442551.0,5.0,3.71,1722.0,1945.0,6.89,116347351.5,,2.5,1497.0,3.71,218.0,7.0,79261.0,4.75,,,3.5,6.0,2020.0,,,,
79263,1,42865.0,20.0,537588.0,7.0,2.7,320.0,1990.0,4.81,113870102.0,1.0,4.0,280.0,2.7,35.0,1.0,79263.0,1.0,,,1.0,1.0,,74.6,,,
7927,1,77150.0,222.0,18492608.0,6.0,2.05,701.0,1980.0,3.48,114193199.0,1.0,3.0,479.0,2.05,73.34,3.0,7927.0,4.0,1.0,4.0,4.0,3.0,,77.0,,,
79271,2,25491.0,190.0,18222934.0,4.0,2.52,1125.0,2020.0,5.34,116918044.5,1.5,9.0,935.0,2.52,80.29,6.0,79271.0,3.0,2.0,2.0,3.0,3.5,,,,,90136.0
79279,1,69817.0,230.0,18542634.0,27.0,3.49,1425.0,1986.0,7.46,115118994.0,1.0,4.0,1195.0,3.49,106.86,7.0,79279.0,3.5,1.0,1.0,3.0,5.0,2013.0,,,,
79282,1,26084.0,100.0,18340322.0,6.0,3.63,1300.0,1972.0,6.07,116999704.0,1.0,3.0,1200.0,3.63,105.0,7.0,79282.0,4.0,,,4.0,5.0,2017.0,,,,
79283,1,70261.0,150.0,17950382.0,19.0,2.43,1405.0,2002.0,6.94,109884480.0,1.0,6.0,1190.0,2.43,106.51,7.0,79283.0,3.5,1.0,1.0,3.0,5.0,2017.0,,,,
79289,3,8239.0,170.0,279278.0,10.0,2.74,920.0,1981.0,6.7,117287379.0,1.0,4.0,750.0,2.74,86.0,5.0,79289.0,2.0,1.0,6.0,2.0,4.0,2020.0,172.0,,,
79295,1,9956.0,130.0,18621533.0,0.0,2.2,880.0,,6.77,117252923.0,2.0,,750.0,2.2,84.0,5.0,79295.0,3.0,1.0,2.0,3.0,4.0,2020.0,,,,
79312,5,19804.0,180.0,18051583.0,7.0,3.82,1240.0,1982.0,7.11,117050670.0,1.0,4.0,1060.0,3.82,92.0,7.0,79312.0,3.0,1.5,2.5,3.0,4.0,2018.5,57.0,,,
79331,2,35682.0,575.0,16973600.0,6.5,4.175,1535.0,1979.0,8.3,115451660.5,0.0,3.0,960.0,4.175,148.0,5.5,79331.0,2.75,2.0,2.0,2.5,4.5,2020.0,,,,
79336,1,79559.0,211.0,17714004.0,13.0,3.54,1265.0,,6.08,102008228.0,1.0,,1054.0,3.54,105.37,7.0,79336.0,3.0,,,3.0,5.0,2018.0,,,,
79346,2,28885.5,160.0,9684487.0,11.5,4.01,,1999.0,7.26,116930327.0,1.0,6.0,907.5,4.01,96.96000000000001,6.0,79346.0,2.5,1.0,2.0,2.5,4.0,,56.5,,,
79350,1,167.0,150.0,18628229.0,14.0,4.09,900.0,,7.11,117385934.0,,,750.0,4.09,50.0,5.0,79350.0,2.0,2.0,2.0,2.0,2.0,2020.0,,,,
79359,1,47099.0,185.0,5366177.0,4.0,4.65,980.0,2011.0,,104742714.0,1.0,8.0,745.0,,64.87,5.0,79359.0,2.0,1.0,4.0,2.0,3.0,2011.0,63.0,,,
79361,2,74441.0,180.0,18509738.0,6.0,3.98,1325.0,2019.0,5.64,114614980.0,2.0,9.0,1145.0,3.98,109.0,6.5,79361.0,3.75,1.0,1.5,3.5,5.0,,,,,
79365,1,40739.0,230.0,18608307.0,9.0,3.42,1210.0,1996.0,6.41,116714209.0,1.0,5.0,980.0,3.42,115.0,6.0,79365.0,4.0,1.0,2.0,4.0,5.0,,,,,
7937,34,68459.0,70.0,18395043.0,8.0,1.76,430.0,1959.0,-3.93,113197470.0,1.0,2.0,320.0,1.76,62.5,2.0,7937.0,3.0,2.0,3.0,3.0,3.0,2016.0,113.22,60.0,3.0,
79379,11,15667.0,180.0,17084511.0,10.0,3.26,975.0,1995.0,6.6,116850269.0,1.0,5.0,850.0,3.26,84.0,6.0,79379.0,3.0,2.0,3.0,3.0,4.0,2016.5,92.65,,1.0,
79395,4,32336.5,175.0,16897557.0,4.5,3.04,1202.5,2007.0,7.26,115271070.0,1.0,7.0,975.0,3.04,110.0,6.0,79395.0,4.0,1.0,2.5,4.0,5.0,2008.0,73.0,,,
79400,6,58256.5,90.0,8057744.0,12.5,0.0,1264.5,2012.5,4.04,112511915.0,2.0,8.0,1164.5,0.0,91.455,7.0,79400.0,3.25,2.0,2.5,3.0,4.0,2015.0,50.0,,1.0,
79410,8,43438.5,165.0,18175995.0,4.0,3.13,840.0,1977.0,5.16,115737996.0,1.0,3.0,650.0,3.13,69.5,4.5,79410.0,2.0,2.5,3.0,2.0,3.0,2011.5,101.15,,204.0,
79415,12,36017.5,150.0,17544438.0,11.0,-0.32,999.0,1984.0,4.62,116246325.0,1.0,4.0,832.5,-0.32,64.0,6.0,79415.0,2.75,2.0,3.0,2.5,2.5,2020.0,115.5,,1.0,
79423,7,65563.0,275.0,493982.0,6.0,3.39,1770.0,2020.0,7.19,115434852.0,1.0,9.0,1405.0,3.39,112.7,7.0,79423.0,4.0,1.0,3.0,4.0,5.0,2020.0,19.6,,2.0,87400.0
79424,5,27355.0,180.0,17211627.0,9.0,3.21,1245.0,2016.0,7.13,116987957.0,2.0,9.0,980.0,3.21,105.0,6.0,79424.0,3.0,1.0,2.5,3.0,5.0,,36.3,,104.0,
79427,1,11844.0,180.0,18626454.0,6.0,3.06,850.0,2013.0,4.77,117188647.0,,8.0,670.0,3.06,78.0,5.0,79427.0,2.0,2.0,2.0,2.0,3.0,2016.0,,,,
7950,3,56478.0,79.15,15890358.0,5.0,1.76,359.58,,-3.93,106026341.0,1.0,,246.88,1.76,52.57,1.0,7950.0,2.0,2.0,3.0,2.0,2.0,,158.0,64.4,0.0,
7952,7,68329.0,110.0,15474621.0,6.0,3.69,420.0,1990.0,,114174910.0,1.0,4.0,310.0,3.69,62.4,2.0,7952.0,2.0,1.0,3.5,2.0,3.0,2017.5,136.6,70.945,50.0,
79539,30,30377.0,195.0,16934242.0,10.0,-0.09,1132.5,1986.0,5.58,114963603.0,1.0,4.0,960.0,-0.09,85.0,6.0,79539.0,3.0,2.0,3.0,3.0,4.0,2017.0,143.57999999999998,,1.0,
79540,11,59563.0,150.0,16934242.0,11.0,-0.09,1042.5,1970.5,5.58,115718900.0,1.0,2.5,870.0,-0.09,77.0,6.0,79540.0,2.5,1.5,3.0,2.0,3.0,2017.0,94.6,,1.0,
79541,25,74019.0,140.0,5445354.0,9.0,-0.15,1197.5,2019.0,5.58,114668412.0,1.0,9.0,1080.0,-0.15,78.0,7.0,79541.0,3.0,1.0,3.0,3.0,3.0,2019.5,20.8,60.0,1.0,
7955,3,82333.0,100.0,16706496.0,6.0,1.77,349.91,1951.5,-6.28,112698520.0,,3.0,226.0,1.77,49.0,1.0,7955.0,2.0,0.5,2.5,2.0,2.0,,134.8,70.0,0.0,
7957,3,75873.0,170.0,15644969.0,4.0,0.0,490.0,1988.0,,114427639.0,,4.0,320.0,0.0,84.0,2.0,7957.0,3.0,2.0,2.5,3.0,4.0,,89.3,,,
79576,39,26039.0,150.0,16666313.0,11.0,0.09,1182.5,1987.0,5.65,116611976.0,1.0,4.5,990.0,0.09,79.0,6.0,79576.0,3.0,2.0,3.0,3.0,3.0,2018.5,138.53,100.0,61.0,
7958,7,63284.0,80.5,15577746.0,10.0,2.65,370.0,1995.5,-0.85,115414227.0,1.0,5.0,265.0,2.65,61.0,1.0,7958.0,3.0,1.0,3.5,3.0,3.0,2015.0,104.0,88.66499999999999,,
79585,3,38223.0,120.0,15506321.0,14.0,-0.76,852.5,1979.5,5.41,116773467.0,1.0,3.5,950.0,-0.76,58.0,6.0,79585.0,2.0,1.0,2.5,2.0,2.0,2010.0,173.0,50.0,2.5,
79588,4,44687.0,90.0,17502331.0,12.0,-0.10999999999999999,1017.5,1976.5,4.645,111134964.5,1.0,3.5,927.5,-0.10999999999999999,78.0,6.0,79588.0,3.0,1.5,4.0,3.0,3.0,2017.0,124.5,,1.0,
79589,1,84046.0,0.0,16934242.0,9.0,-2.4,1075.0,1975.0,4.68,112254335.0,1.0,3.0,1075.0,-2.4,72.0,7.0,79589.0,3.0,3.0,,3.0,3.0,,212.0,,1.0,
79591,5,53875.0,170.0,18462847.0,12.0,0.63,1200.0,2014.5,4.78,116076006.0,1.0,8.0,1080.0,0.63,106.0,7.0,79591.0,3.0,2.0,3.0,3.0,5.0,2018.5,29.5,,,
79594,2,31795.5,40.0,16216176.5,10.0,0.5650000000000001,767.5,1982.0,4.65,88928444.0,1.0,4.0,727.5,-0.69,55.0,5.0,79594.0,2.0,1.5,,2.0,2.0,2010.0,106.0,,1.0,
79595,1,84934.0,0.0,16934242.0,9.0,-1.97,1195.0,1975.0,5.38,111737355.0,,3.0,1195.0,-1.97,90.0,7.0,79595.0,3.0,2.0,,3.0,4.0,,94.0,,1.0,
79618,37,43082.0,150.0,16934242.0,10.0,-0.3,1115.0,1996.0,5.23,116516570.0,1.0,5.0,980.0,-0.3,82.0,6.0,79618.0,3.0,2.0,3.0,3.0,4.0,2019.0,95.0,,1.0,
79639,18,41586.0,122.5,16934242.0,8.0,-0.4,985.0,1978.0,5.71,115264312.5,1.0,3.0,890.0,-0.4,72.0,6.0,79639.0,2.25,2.0,3.0,2.0,3.0,2017.5,114.9,,1.0,
79650,15,33784.0,150.0,16934242.0,9.0,-1.0,1040.0,1977.0,5.62,116415157.0,1.0,3.0,890.0,-1.0,77.0,6.0,79650.0,2.5,1.0,3.5,2.0,3.0,2019.0,109.5,100.0,1.0,
79664,7,23944.0,150.0,16642537.0,9.0,1.71,870.0,1966.0,7.3,116774217.0,1.0,2.5,748.6,1.71,70.0,5.0,79664.0,3.0,1.5,3.0,3.0,3.0,2010.0,113.9,,1.5,
79669,4,25230.0,185.0,4242949.0,11.5,-0.26,925.0,1987.0,4.6,116986198.0,1.0,5.0,697.5,-0.26,73.63499999999999,5.0,79669.0,3.0,2.0,2.0,3.0,3.0,,68.3,,111.0,
79677,1,24381.0,120.0,18620719.0,1.0,-1.46,800.0,1996.0,4.61,117013856.0,1.0,5.0,680.0,-1.46,45.0,5.0,79677.0,1.5,2.0,3.0,1.0,2.0,2010.0,,,,
79689,3,51693.0,140.0,16934242.0,11.0,-1.17,1130.0,1987.0,5.71,116197345.0,1.0,4.0,990.0,-1.17,88.0,6.0,79689.0,3.0,1.0,2.5,3.0,4.0,,129.0,,1.0,
79713,11,32520.0,170.0,12839578.0,8.0,1.03,1110.0,1983.0,7.38,114770559.0,1.0,4.0,790.0,1.03,80.0,5.0,79713.0,3.0,3.0,3.0,3.0,3.0,2008.0,72.5,70.0,7971.0,
79725,1,21881.0,150.0,18621902.0,13.0,0.93,1000.0,,6.93,117043083.0,3.0,,850.0,0.93,105.0,6.0,79725.0,4.0,1.0,2.0,4.0,5.0,2020.0,,,,
7973,53,63238.0,128.0,15733928.0,10.0,1.41,426.5,1907.0,-2.17,113707884.0,1.0,1.0,325.0,1.41,68.0,2.0,7973.0,2.0,1.0,2.5,2.0,3.0,2019.0,115.8,70.0,0.0,
79733,1,9534.0,50.0,18628126.0,9.0,0.44,395.0,1986.0,4.89,117263468.0,,4.0,310.0,0.44,45.0,2.0,79733.0,1.0,0.0,3.0,1.0,2.0,2019.0,106.6,35.0,,
79737,1,30528.0,150.0,17102703.0,12.0,,950.0,2015.0,,86052811.0,1.0,8.0,800.0,,100.0,5.0,79737.0,4.0,1.0,2.0,4.0,4.0,,,,,
79739,1,34333.0,100.0,14544077.0,29.0,-1.34,,1920.0,5.08,116888182.0,,1.0,1250.0,-1.34,142.0,7.0,79739.0,4.0,2.0,,4.0,6.0,,,100.0,,
79761,23,29594.0,140.0,17790562.0,11.0,1.06,1080.0,1993.0,8.49,116391124.0,1.0,5.0,900.0,1.06,95.0,6.0,79761.0,3.0,1.5,2.0,3.0,4.0,2018.0,108.875,90.0,0.0,
79774,4,23344.0,150.0,18534658.5,4.5,1.23,650.0,1932.0,6.79,117033940.0,1.0,2.0,575.0,1.23,51.5,4.0,79774.0,3.0,1.0,3.0,2.5,3.0,2015.0,128.8,,,
79777,1,56632.0,170.0,18126294.0,5.0,1.55,650.0,,4.87,115917439.0,1.0,,480.0,1.55,60.0,3.0,79777.0,2.0,1.0,2.0,2.0,2.0,,,,,
79787,1,26204.0,170.0,293806.0,13.0,1.42,,1987.0,8.46,116998218.0,,4.0,720.0,1.42,70.0,5.0,79787.0,3.0,2.0,,3.0,3.0,,,,,
79790,20,73533.0,270.0,17930314.0,7.5,1.49,1230.0,2018.0,7.98,114192326.5,1.0,9.0,967.5,1.49,104.7,6.0,79790.0,3.5,2.0,4.0,3.0,4.5,2018.0,119.4,90.0,112.0,
79793,1,71097.0,250.0,17603998.0,20.0,4.0,1180.0,,10.38,107195519.0,1.0,,890.0,4.0,142.0,6.0,79793.0,5.0,1.0,3.0,5.0,6.0,,,,,
79798,3,31953.0,140.0,10471174.0,6.0,2.48,700.0,1973.0,7.78,116926293.0,1.0,3.0,550.0,2.48,62.0,4.0,79798.0,2.0,1.0,2.0,2.0,3.0,,164.0,100.0,,
7980,16,55628.5,72.5,18395043.0,9.0,1.22,430.0,1953.0,-0.29,115964199.0,1.0,2.0,295.0,1.22,60.19,1.0,7980.0,3.0,1.0,4.0,3.0,2.0,2000.0,96.6,63.5,0.0,
79801,3,44484.0,200.0,17480296.0,2.0,2.08,930.0,2005.5,6.56,116565512.0,1.5,7.0,730.0,2.08,84.0,5.0,79801.0,3.0,1.5,2.5,3.0,4.0,2020.0,,,,
79804,2,19043.5,175.0,9583949.0,17.0,0.8,1025.0,1978.0,7.55,117078818.5,1.0,3.0,775.0,0.8,95.62,5.0,79804.0,3.75,1.0,2.0,3.5,4.0,2008.0,146.0,150.0,,
79805,1,2569.0,150.0,16464406.0,15.0,1.33,900.0,1997.0,6.04,117357986.0,1.0,5.0,725.0,1.33,90.0,5.0,79805.0,4.0,1.0,2.0,4.0,4.0,2020.0,,,106.0,
79822,1,21236.0,200.0,17925616.0,3.0,2.65,1250.0,1905.0,6.17,117051660.0,,1.0,1050.0,2.65,140.0,7.0,79822.0,5.0,,,5.0,6.0,,,,,
79837,7,66842.0,142.5,6237072.0,5.0,1.74,840.0,1982.0,6.36,115203583.0,1.0,3.5,695.0,1.74,92.0,5.0,79837.0,3.0,2.0,,3.0,4.0,2016.0,97.0,,5.0,
7985,8,65365.5,110.0,15733928.0,8.5,2.23,240.9,1956.5,6.32,115180725.0,1.0,3.0,282.5,2.23,59.39,1.0,7985.0,2.0,1.5,1.5,2.0,2.0,2009.0,98.1,67.0,,
79859,1,40758.0,,18585468.0,18.0,4.0,575.0,1999.0,4.33,115858352.0,,5.0,575.0,4.0,54.0,4.0,79859.0,2.0,1.0,1.0,2.0,2.0,,65.0,,,
79862,2,34374.5,150.0,8975652.0,10.5,1.31,850.0,,5.46,110748235.5,1.0,,1050.0,1.31,134.0,6.0,79862.0,3.5,2.0,1.0,3.5,5.0,2020.0,,,0.0,
79868,2,18353.0,180.0,18338406.5,8.0,2.32,1000.0,2002.0,3.91,117089692.5,2.0,6.0,820.0,2.32,111.5,5.5,79868.0,4.0,1.5,2.0,4.0,5.0,2013.5,,,,
7987,10,75799.5,114.5,12366866.5,8.0,1.22,392.5,1995.0,-1.88,113985876.0,1.0,5.0,277.5,1.22,56.0,1.0,7987.0,2.0,1.0,2.0,2.0,2.0,2016.0,157.2,,0.0,
79871,2,46447.0,87.5,5394580.0,19.0,2.42,,1993.5,4.17,115768574.5,,5.0,484.5,2.42,74.12,3.0,79871.0,3.5,1.0,1.5,3.5,3.0,,147.95,87.5,,
7989,2,48126.0,130.0,8741353.0,9.5,1.22,470.0,2002.5,-1.88,115067331.5,1.0,6.0,335.0,1.22,65.5,2.0,7989.0,2.0,2.0,2.0,2.0,3.0,2018.5,116.6,,,
80152,1,62689.0,290.0,18222837.0,15.0,3.62,1890.0,,10.34,110444431.0,,,1600.0,3.62,138.0,8.0,80152.0,5.0,3.0,4.0,5.0,6.0,2018.0,,,,
80331,26,29889.0,314.0,1159369.0,13.5,4.18,2209.27,2013.0,3.46,116953821.0,1.0,8.0,1887.135,4.18,77.4,8.0,80331.0,2.0,4.0,5.0,2.0,3.0,2019.0,58.0,0.0,1.5,
80333,24,30981.0,207.5,5954516.5,12.5,5.59,2100.0,1980.0,7.39,116899258.0,1.0,3.0,2150.0,5.59,76.5,9.0,80333.0,2.0,3.0,5.0,2.0,3.0,2020.0,122.0,120.0,16.5,
80335,14,32187.0,220.0,816100.5,13.5,5.59,2100.0,2007.0,7.39,116871237.0,1.0,7.0,2100.0,5.59,82.0,9.0,80335.0,2.0,3.5,5.0,2.0,4.0,2018.5,104.0,,6.0,
80336,21,32043.0,170.0,16188849.0,12.0,5.42,1850.0,1989.0,6.7,116872874.0,1.0,4.5,1880.0,5.42,70.0,8.0,80336.0,2.0,3.0,5.0,2.0,3.0,2019.0,80.9,,3.5,
80337,44,34440.0,72.5,763277.0,5.0,5.42,1530.0,1880.0,6.7,116885925.5,1.0,1.0,1385.0,5.42,47.0,7.0,80337.0,1.0,3.0,5.0,1.0,2.0,2020.0,102.0,70.0,1.0,
80339,17,28716.0,150.0,17195351.0,13.0,5.82,1770.0,1970.0,7.77,116946470.0,1.0,2.0,1550.0,5.82,70.0,8.0,80339.0,2.0,3.0,4.0,2.0,3.0,2017.5,78.0,160.0,15.0,
80371,1,53644.0,70.0,17523546.0,20.0,1.92,900.0,1897.0,,94682126.0,1.0,1.0,830.0,,139.0,6.0,80371.0,6.0,3.0,3.0,5.0,6.0,2017.0,187.8,,,
80469,70,31245.5,50.0,16567242.0,12.0,5.42,1550.0,1983.0,6.7,116872151.0,1.0,4.0,1500.0,5.42,53.5,7.0,80469.0,2.0,3.0,5.0,2.0,2.0,2020.0,93.4,60.0,10.5,
80538,33,37795.0,162.0,15249997.0,16.0,4.65,2060.0,1963.0,4.65,116735663.0,1.0,2.0,1900.0,4.65,70.0,8.0,80538.0,2.0,2.0,4.5,2.0,3.0,2019.0,124.0,100.0,17.0,
80539,8,30358.5,525.0,566605.5,14.0,5.59,4862.5,2015.0,7.39,116944971.0,1.0,8.0,3850.0,5.59,150.345,9.0,80539.0,3.0,4.0,4.0,3.0,6.5,2020.0,79.0,,2.0,
8056,364,60958.0,140.0,14467567.0,9.0,1.05,480.0,1907.0,11.25,115367592.5,1.0,1.0,340.0,1.05,64.62,2.0,8056.0,2.0,2.0,4.0,2.0,3.0,2013.0,106.0,65.85,1.0,
8058,230,60545.0,120.5,12701376.0,9.0,0.9,440.0,1920.0,10.43,115418779.5,1.0,1.0,311.5,0.9,58.614999999999995,2.0,8058.0,2.0,2.0,4.0,2.0,2.0,2015.0,107.9,54.0,0.0,
8060,100,56854.5,90.0,13851958.0,9.0,0.93,395.0,1930.0,7.89,115536002.0,1.0,1.0,286.5,0.93,56.0,1.0,8060.0,2.0,2.0,3.0,2.0,2.0,2009.5,110.9,60.0,1.0,
8062,74,63317.5,90.0,18036911.0,9.0,0.0,437.0,1976.0,12.72,115554321.5,1.0,3.0,280.0,0.0,57.0,1.0,8062.0,2.0,2.0,5.0,2.0,2.0,2019.0,161.1,60.0,0.0,
80634,19,35628.0,150.0,1203091.0,12.0,5.53,1700.0,1971.0,7.16,116567510.0,1.0,3.0,1550.0,5.53,75.0,8.0,80634.0,2.0,2.0,4.0,2.0,3.0,2019.0,89.75,260.0,6.0,
80636,23,25069.0,150.0,789492.0,21.0,5.53,1875.0,1990.0,7.16,116781853.0,1.0,4.0,1600.0,5.53,69.0,8.0,80636.0,2.5,3.0,5.5,2.0,3.0,2020.0,108.67,150.0,16.0,
80637,22,43661.5,135.0,794190.0,13.5,5.53,1697.5,1980.5,7.16,116427927.0,1.0,3.5,1570.0,5.53,64.0,7.5,80637.0,2.5,3.0,6.5,2.5,3.0,2019.0,117.0,80.0,14.5,
80638,4,30191.0,182.5,8416454.5,15.0,5.53,2835.0,1974.0,7.16,116910555.0,1.0,3.0,2025.0,5.53,88.12,8.5,80638.0,3.0,0.5,3.0,3.0,4.0,2017.0,166.9,170.0,112.0,
80639,20,29264.0,144.0,7559377.5,14.0,5.13,1867.5,2010.0,6.41,116859599.5,1.0,7.5,1655.0,5.13,72.17,8.0,80639.0,2.0,2.5,4.0,2.0,3.0,2020.0,107.5,100.0,16.0,
8064,18,58664.0,100.0,5609826.0,10.0,0.36,370.0,1916.0,10.91,115533907.0,1.0,1.0,249.0,0.36,47.18,1.0,8064.0,2.0,1.0,3.0,2.0,2.0,2007.5,136.55,44.5,2.0,
8066,123,68695.0,115.0,1249177.0,8.0,0.56,415.0,1968.0,14.05,114990830.0,0.0,2.0,294.0,0.56,56.68,1.0,8066.0,2.0,2.0,2.0,2.0,2.0,2000.0,79.0,50.0,0.0,
80686,14,30032.5,180.0,687049.0,12.0,5.4,1579.0,2009.0,7.21,116958519.0,1.0,7.5,1399.5,5.4,66.325,7.0,80686.0,2.0,1.0,3.5,2.0,2.5,2014.5,75.0,67.5,21.5,
80687,12,21078.5,140.0,15860775.0,9.5,5.4,1475.0,1974.0,7.21,116853612.0,1.0,3.0,1201.5,5.4,63.5,7.0,80687.0,2.0,3.0,5.0,2.0,3.0,2018.5,125.7,80.0,16.5,
80689,16,26219.5,130.0,6121113.0,13.0,5.4,1750.0,1988.0,7.21,116931947.5,1.0,4.5,1540.0,5.4,79.38,7.5,80689.0,3.0,2.0,2.0,3.0,3.5,2018.5,96.0,112.5,6.5,
80786,1,40751.0,300.0,15269442.0,13.0,5.4,2080.0,1998.0,7.21,116715544.0,1.0,5.0,1780.0,5.4,85.55,8.0,80786.0,3.0,1.0,3.0,3.0,4.0,,181.3,,,
80789,3,30805.0,65.0,905229.0,5.0,5.59,834.0,1956.0,7.39,116947784.0,,2.0,729.0,5.59,29.51,5.0,80789.0,1.0,2.0,6.0,1.0,1.0,2020.0,,40.0,9.0,
80796,33,34456.0,120.0,789492.0,13.0,5.86,1615.0,1959.0,7.51,116421182.0,1.0,2.0,1550.0,5.86,49.0,8.0,80796.0,2.0,3.0,5.0,2.0,2.0,2017.0,146.0,160.0,16.0,
80797,34,31021.5,170.0,16044641.0,11.0,5.86,1250.0,2014.0,7.51,115769815.5,1.0,8.0,1142.5,5.86,39.505,7.0,80797.0,1.0,2.0,4.0,1.0,1.0,2019.0,62.8,80.0,1.0,
80798,20,13894.0,193.5,12724784.0,16.0,5.59,1900.0,1955.0,7.39,117083422.5,1.0,2.0,1765.0,5.59,70.08,8.0,80798.0,2.25,3.0,4.5,2.0,3.0,2020.0,107.45,125.0,16.0,
80799,21,24268.0,35.0,15249997.0,18.0,5.59,1600.0,1974.5,7.39,116890071.0,1.0,3.0,1600.0,5.59,55.0,8.0,80799.0,2.0,3.0,4.0,2.0,2.0,2019.0,136.05,35.0,16.5,
80801,16,22645.0,100.0,789492.0,13.5,5.86,1600.0,1959.0,7.51,116970239.5,1.0,2.0,1600.0,5.86,46.0,8.0,80801.0,1.5,2.5,5.0,1.0,2.0,2018.0,110.05000000000001,100.0,10.5,
80802,18,32712.5,165.0,1346266.0,11.5,5.57,2156.5,2014.0,6.58,116895098.5,1.0,8.0,2100.0,5.57,75.1,9.0,80802.0,3.0,3.0,5.0,3.0,3.0,2017.0,79.5,119.0,14.0,
80803,13,39279.0,190.0,14880532.0,13.0,5.86,1982.5,1958.5,7.51,116041443.0,1.0,2.0,1950.0,5.86,74.0,8.0,80803.0,2.5,4.0,4.5,2.0,3.0,2019.0,94.0,135.0,11.0,
80804,38,35315.5,172.5,17050927.0,8.0,5.57,2575.0,2015.0,6.58,116816578.5,1.0,8.0,1805.0,5.57,69.845,8.0,80804.0,2.0,4.0,8.0,2.0,3.0,2019.0,78.05,123.5,23.0,
80805,28,57609.5,250.0,2982650.5,11.0,5.54,2550.0,2019.0,6.58,115741837.5,1.0,9.0,2510.0,5.54,109.995,9.0,80805.0,3.0,2.0,3.0,3.0,5.0,2020.0,100.0,170.0,6.0,
80807,22,29176.5,120.0,15936947.0,14.5,5.9,1345.0,2013.0,7.95,116609577.0,1.0,8.0,1305.0,5.9,52.5,7.0,80807.0,2.0,2.0,4.0,2.0,2.0,2016.0,72.0,80.0,16.0,
80809,39,32039.0,168.0,15983762.0,15.0,5.9,1650.0,1988.0,7.95,116893704.0,1.0,4.5,1450.0,5.9,55.15,7.0,80809.0,2.0,2.0,5.0,2.0,2.0,2019.0,52.0,42.5,6.0,
80933,4,9838.5,80.0,8899559.0,13.5,5.49,1300.0,1980.0,7.35,116694023.5,1.0,3.0,1200.0,5.49,43.0,6.5,80933.0,1.5,2.0,5.5,1.5,1.5,2018.0,180.5,,10.5,
80935,12,28169.5,170.0,11573836.5,17.5,5.48,1540.0,1999.0,6.77,116880589.0,1.0,5.0,1342.5,5.48,70.5,7.0,80935.0,2.5,1.0,2.0,2.5,3.0,2019.0,97.2,,21.0,
80937,5,30131.0,150.0,17665270.0,19.0,5.53,1500.0,2005.0,7.88,115693848.0,1.0,6.0,1350.0,5.53,76.0,7.0,80937.0,3.0,2.0,2.0,3.0,3.0,2017.0,70.15,,14.5,
80939,8,29303.0,85.0,16379112.0,17.5,5.55,1615.5,2003.5,6.52,116877747.0,1.0,6.5,1538.0,5.55,51.0,7.5,80939.0,2.0,1.0,3.0,2.0,2.0,2017.5,85.25,,16.0,
80955,1,10399.0,0.0,15518354.0,5.0,5.48,,1960.0,6.77,117240576.0,0.0,2.0,720.0,5.48,31.0,5.0,80955.0,1.0,2.0,2.0,1.0,1.0,,,,,
80979,1,24693.0,150.0,18614319.0,7.0,5.86,1700.0,1913.0,7.51,117012019.0,,1.0,1550.0,5.86,70.0,8.0,80979.0,2.0,,,2.0,3.0,2010.0,,,,
80992,10,19924.0,137.5,17812245.0,8.0,5.6,1545.0,2001.0,7.17,117065741.0,1.0,6.0,1315.0,5.6,57.5,7.0,80992.0,2.25,2.0,2.5,2.0,2.5,2009.5,75.0,,21.0,
80993,10,31293.0,107.5,16399752.5,10.5,5.6,1215.0,1971.0,7.17,116634177.0,1.0,3.0,1017.5,5.6,44.195,6.5,80993.0,1.25,1.5,4.0,1.0,1.5,2016.0,143.2,47.5,0.0,
80995,28,13309.5,160.0,789492.0,9.0,5.48,1650.0,2016.0,6.77,117169227.0,1.0,9.0,1550.0,5.48,75.5,7.5,80995.0,2.5,1.0,2.5,2.5,3.0,2020.0,100.6,120.0,16.0,
80997,35,46128.0,250.0,17083036.0,8.0,5.59,1375.0,2019.0,7.17,116416901.0,1.0,9.0,1860.0,5.59,91.14,8.0,80997.0,3.0,2.0,4.0,3.0,4.0,2018.0,19.7,,15.0,
80999,7,26051.0,160.0,16626935.0,11.0,4.95,1559.0,2017.5,6.37,116936317.0,1.0,9.0,1350.0,4.95,74.4,7.0,80999.0,3.0,1.5,2.5,3.0,3.0,2019.0,28.3,,22.0,
8107,10,68623.5,115.0,14467567.0,12.0,0.92,386.5,1980.5,7.38,115142441.5,,3.5,266.0,0.92,52.5,1.0,8107.0,2.0,2.0,4.0,2.0,2.0,2019.0,79.0,76.5,21.0,
8112,28,66278.0,158.5,15338692.0,11.5,0.73,530.0,1962.0,7.19,114594398.5,1.0,2.0,362.5,0.73,67.09,2.0,8112.0,3.0,2.0,3.0,3.0,3.0,2019.0,89.3,80.0,1.0,
8115,8,62132.5,128.5,15338692.0,10.0,0.93,361.0,1974.5,7.25,115386296.0,1.0,3.0,254.0,0.93,52.0,1.0,8115.0,2.0,2.0,4.0,2.0,2.0,2019.0,92.05,65.0,1.0,
8118,9,60677.0,105.0,5783320.0,10.0,0.72,361.0,1995.0,7.31,114934686.0,1.0,5.0,265.0,0.72,47.5,1.0,8118.0,2.0,1.0,3.0,2.0,2.0,2019.0,112.25,65.0,1000.0,
8124,1,42106.0,150.0,18487054.0,10.0,-0.19,450.0,1920.0,5.93,116646284.0,,1.0,300.0,-0.19,75.0,1.0,8124.0,4.0,3.0,,4.0,3.0,,107.0,,20.0,
81241,32,28566.0,150.0,16099470.0,9.5,5.1,1411.0,2004.0,6.95,116802653.0,1.0,6.0,1199.0,5.1,57.5,7.0,81241.0,2.0,2.0,4.0,2.0,2.0,2019.0,115.0,90.5,8.5,
81243,6,22959.0,200.0,9528830.0,17.5,4.85,1550.0,1971.0,6.59,116053521.0,1.0,3.0,1440.0,4.85,68.78999999999999,7.0,81243.0,2.5,3.0,9.0,2.5,3.0,2017.5,116.0,,14.5,
81245,38,44822.0,180.0,804869.0,20.0,4.9,1707.5,2019.0,5.97,116554189.5,1.0,9.0,1600.0,4.9,76.765,8.0,81245.0,3.0,1.0,2.0,3.0,3.0,2020.0,64.1,90.0,567.0,
81247,22,24017.0,250.0,6537817.5,14.0,4.88,2090.0,2016.0,5.97,116875585.5,1.0,9.0,1835.0,4.88,97.0,8.0,81247.0,3.0,2.0,2.0,3.0,4.0,2019.0,59.0,95.0,4711.0,
81249,15,23176.0,175.0,17323431.0,14.0,4.85,1595.0,2019.0,6.59,116920774.0,1.0,9.0,1318.0,4.85,75.0,7.0,81249.0,3.0,2.0,2.5,3.0,3.0,2019.5,47.6,50.0,8.0,
8132,10,60698.0,117.5,15358863.0,10.5,0.2,395.5,1976.5,7.26,115503176.0,1.0,3.0,267.5,0.2,56.18,1.0,8132.0,3.0,2.0,5.0,3.0,2.0,2019.0,99.0,70.0,2.0,
8134,4,71988.0,112.5,659618.0,5.0,0.92,365.0,1972.0,6.32,99325775.5,,3.0,267.5,-0.2,56.835,1.5,8134.0,3.0,2.0,2.0,3.0,2.0,,85.0,,,
81369,24,29718.5,110.0,17440154.0,12.0,5.6,1050.0,1979.5,7.25,116796849.5,1.0,3.5,1295.0,5.6,44.06,7.0,81369.0,1.5,4.0,3.5,1.5,2.0,2019.0,116.0,165.0,9.0,
81371,9,22999.0,172.04,12617771.0,23.0,5.36,1805.0,2002.0,6.98,116610812.0,1.0,6.0,1660.0,5.36,60.0,8.0,81371.0,2.0,3.5,5.0,2.0,2.0,2019.5,112.0,125.0,16.0,
81373,13,17137.0,150.0,883411.0,13.0,5.39,1080.0,1995.0,7.11,116925927.0,1.0,5.0,1100.0,5.39,50.0,7.0,81373.0,1.5,3.0,4.0,1.0,2.0,2019.0,85.3,100.0,9.0,
81375,8,29288.0,187.5,9930766.0,16.0,5.1,1620.0,2008.0,6.46,116757994.0,1.0,7.0,1510.0,5.1,72.44,7.5,81375.0,2.5,2.0,4.5,2.5,3.5,2017.0,33.9,,11.0,
81377,9,28083.0,128.1,18007354.0,9.0,5.39,1475.0,1988.0,7.11,116870832.0,1.0,4.0,1290.0,5.39,60.0,7.0,81377.0,2.0,2.0,3.5,2.0,2.0,2020.0,96.45,70.29,23.0,
81379,42,19858.0,130.25,10225728.5,11.0,5.6,1532.5,2016.0,7.25,116934323.0,1.0,8.5,1338.0,5.6,60.0,7.0,81379.0,2.0,2.0,5.0,2.0,2.0,2019.0,62.3,128.98499999999999,16.0,
8141,18,62764.0,96.0,15729774.0,7.5,1.44,410.0,1986.0,8.58,115550375.5,1.0,4.0,291.5,1.44,63.5,1.0,8141.0,3.0,2.0,3.0,3.0,2.5,2016.5,92.3,67.54,31.0,
81457,3,15423.0,50.0,17440154.0,11.0,5.68,780.0,,7.06,117127935.0,,,730.0,5.68,13.0,5.0,81457.0,1.0,,,1.0,1.0,,,,,
81475,10,32968.5,200.0,10849548.0,10.0,4.85,1583.0,1986.0,6.04,116911828.5,1.0,4.0,1351.0,4.85,73.2,7.0,81475.0,3.0,4.0,4.0,3.0,3.0,2016.5,110.2,116.0,2406.5,
81476,7,56626.0,185.0,789492.0,18.0,4.83,1700.0,2017.5,6.88,115919551.0,1.0,9.0,1450.0,4.83,80.0,7.0,81476.0,3.0,2.0,2.0,3.0,3.0,2019.0,25.4,85.0,10.0,
81477,19,33164.0,200.0,5361275.0,12.0,4.58,1564.77,1985.0,5.71,116067639.0,1.0,4.0,1490.0,4.58,70.9,7.0,81477.0,2.0,1.0,2.0,2.0,3.0,2018.5,61.8,113.44,10.5,73961.0
81479,24,25498.5,240.0,5394580.0,12.5,4.58,1845.0,1996.0,5.71,116599561.0,1.0,5.0,1652.5,4.58,86.25,8.0,81479.0,2.75,1.0,2.0,2.5,4.0,2019.0,146.0,,16.0,
81539,12,23181.0,181.0,14763670.5,16.5,5.65,1467.5,1995.0,7.1,116975047.5,1.0,5.0,1200.0,5.65,57.870000000000005,7.0,81539.0,2.0,2.0,4.0,2.0,2.0,2019.0,69.0,70.0,2.0,
81541,34,29909.5,165.0,17257847.0,12.0,5.65,1325.0,1970.5,7.1,116886476.5,1.0,2.5,1315.0,5.65,47.5,7.0,81541.0,2.0,3.0,5.0,2.0,2.0,2017.0,103.0,60.0,6.0,86592.0
81543,10,25296.0,111.0,3092036.0,12.0,5.68,1575.0,1960.0,7.06,116948871.5,1.5,2.0,1550.0,5.68,74.445,7.5,81543.0,2.25,2.5,4.0,2.0,3.0,2020.0,97.5,41.0,19.5,
81545,28,46602.0,255.0,789492.0,15.5,4.47,2335.0,1984.0,4.98,116391778.5,1.0,4.0,2100.0,4.47,90.625,9.0,81545.0,3.0,2.0,2.0,3.0,4.0,2018.0,139.0,100.0,8.5,
81547,13,36059.0,86.1,16342645.0,19.0,5.68,1191.5,1965.0,7.06,116812718.0,1.0,2.0,1150.0,5.68,30.0,7.0,81547.0,1.0,1.5,2.5,1.0,1.0,2016.0,119.65,,3.5,
81549,15,32139.0,240.0,17316802.0,13.0,5.63,1526.5,2017.0,7.1,116922634.0,1.0,9.0,1650.0,5.63,93.93,8.0,81549.0,3.0,1.5,3.0,3.0,4.0,2020.0,61.45,93.0,100.0,
81637,1,6983.0,0.0,16735929.0,5.0,4.58,990.0,,,78223164.0,,,990.0,,32.0,6.0,81637.0,1.0,2.0,4.0,1.0,1.0,2017.0,,0.0,,
81650,1,77452.0,100.0,9269874.0,13.0,5.62,1700.0,,,88547623.0,1.0,,1400.0,,120.0,7.0,81650.0,3.0,3.0,4.0,3.0,5.0,2020.0,124.0,200.0,,
81667,20,31851.5,180.0,2263169.0,16.0,5.41,2875.0,1981.0,5.69,116806326.5,1.0,4.0,2595.0,5.41,108.7,9.0,81667.0,3.0,1.0,5.0,3.0,5.0,2019.0,98.1,132.5,16.0,
81669,14,37939.0,130.0,15346129.0,12.0,5.41,1570.0,1970.0,5.69,116551700.5,1.0,2.0,1550.0,5.41,57.515,7.5,81669.0,2.0,3.0,4.5,2.0,2.0,2019.0,123.45,28.0,16.5,
81673,14,23432.5,162.5,15877229.0,10.5,5.34,1250.0,1979.0,6.69,113891437.0,1.0,3.0,1100.0,5.34,59.565,7.0,81673.0,2.0,2.5,3.5,2.0,2.5,2019.0,130.45,30.0,80437.5,
81675,21,41490.0,250.0,1244394.0,13.0,5.41,3500.0,2013.0,5.69,116649689.0,1.0,8.0,3200.0,5.41,113.0,9.0,81675.0,3.5,1.0,4.0,3.0,5.0,2017.0,74.0,60.0,8.5,
81677,26,32472.0,165.0,17709001.0,12.0,5.26,1350.0,2016.5,6.59,116785397.0,1.0,9.0,1295.0,5.26,48.0,7.0,81677.0,2.0,3.0,7.0,2.0,2.0,2019.0,57.0,0.0,14.0,
81679,10,45007.0,400.0,8564146.0,13.0,5.26,3287.5,1980.0,6.59,116404877.0,1.5,3.0,2740.0,5.26,98.0,9.0,81679.0,3.0,1.0,4.0,3.0,4.0,2017.0,151.85,60.0,13.0,
81735,15,21888.0,200.0,17195351.0,12.0,4.8,1388.5,1969.0,6.88,117042829.0,1.0,2.0,1200.0,4.8,67.24,7.0,81735.0,2.0,3.0,7.0,2.0,3.0,2017.5,124.35,114.0,6.0,
81737,31,42013.0,207.5,5376271.0,16.0,4.79,1927.5,2019.0,6.88,116630761.0,1.0,9.0,1650.0,4.79,79.99,8.0,81737.0,3.0,3.0,4.0,3.0,3.0,2019.0,55.5,82.04,23.0,
81739,12,38810.5,257.5,3082881.5,15.5,4.8,2050.0,2017.0,6.88,116216007.5,1.0,9.0,1760.0,4.8,101.485,8.0,81739.0,3.0,2.0,2.0,3.0,4.5,2018.0,49.0,,10.5,
81823,1,49686.0,550.0,7732175.0,19.0,5.51,,2001.0,6.5,78972036.0,2.0,6.0,2700.0,5.51,249.5,9.0,81823.0,5.0,2.0,2.0,5.0,7.0,,62.4,,,
81825,25,28364.0,160.0,15360673.0,12.0,4.72,1500.0,2001.0,5.8,116738781.0,1.0,5.5,1360.0,4.72,76.31,7.0,81825.0,2.0,1.0,2.0,2.0,3.0,2016.0,147.0,110.0,14.0,
81827,14,28052.5,220.0,16328355.5,11.5,4.69,1895.0,2009.0,5.8,116144731.0,1.0,7.0,1709.0,4.69,82.12,7.5,81827.0,3.0,1.0,2.5,3.0,3.5,2014.5,117.95,150.0,15.0,
81829,20,30954.0,225.0,17181222.0,17.0,5.51,1570.0,2014.0,6.5,116602727.5,1.0,8.0,1322.0,5.51,59.05,7.0,81829.0,2.0,2.0,2.0,2.0,2.5,2018.5,78.0,100.0,15.0,
81925,42,32490.0,180.0,5692443.0,13.5,5.26,2112.5,1978.0,6.59,116455206.0,1.0,3.0,1965.0,5.26,86.555,8.0,81925.0,3.0,1.0,3.0,3.0,4.0,2019.0,123.8,195.0,6.0,
81927,41,24724.0,200.0,16105520.0,13.0,5.26,1679.0,1999.0,6.59,116945858.0,1.0,5.0,1450.0,5.26,65.0,7.0,81927.0,2.0,2.0,4.0,2.0,3.0,2019.0,99.0,105.0,16.0,
81929,9,44666.0,250.0,1019601.0,23.0,5.26,1990.0,1999.0,6.59,116557735.0,1.0,5.0,1850.0,5.26,77.0,8.0,81929.0,3.0,1.0,2.0,3.0,3.0,2015.0,118.5,,16.0,
82008,23,37026.0,195.0,1230756.0,13.0,5.02,1432.5,1991.0,7.76,116647674.0,1.0,5.0,1220.0,5.02,74.0,7.0,82008.0,2.0,2.0,4.0,2.0,3.0,2015.0,84.7,95.0,1.0,
82024,5,28344.0,150.0,14557227.0,8.0,5.01,1642.5,2016.0,7.02,116739590.0,1.0,9.0,1300.0,5.01,88.0,7.0,82024.0,2.0,2.0,2.0,2.0,4.0,2020.0,62.25,,2.0,
82031,6,43662.5,195.0,13433653.5,8.5,4.42,1890.0,1982.0,6.14,116445463.0,1.0,4.0,1475.0,4.42,80.3,7.0,82031.0,2.5,1.0,2.0,2.5,3.0,2013.0,120.2,,,
82041,6,29153.0,220.0,9481444.0,10.5,4.44,1400.0,1995.0,6.87,115907585.5,1.0,5.0,1125.0,4.44,71.0,7.0,82041.0,2.5,1.5,2.0,2.5,3.0,2015.0,91.0,,300.0,
82049,3,10325.0,300.0,16766784.0,9.0,6.0,2230.0,1979.0,9.785,109081239.0,1.0,3.0,1800.0,5.4350000000000005,132.0,8.0,82049.0,3.5,1.0,2.0,3.0,6.0,2018.0,149.9,40.0,,
82054,6,25934.0,245.0,9977245.5,15.5,4.46,1405.0,2016.0,7.02,116902069.5,1.0,9.0,1477.5,4.43,112.10499999999999,7.5,82054.0,3.0,2.0,3.0,3.0,5.0,2011.0,45.4,,4.5,
82057,1,5066.0,215.0,18160262.0,12.0,3.88,1390.0,1909.0,4.18,108604723.0,1.0,1.0,1175.0,3.88,85.0,7.0,82057.0,3.0,2.0,2.0,3.0,4.0,2017.0,,,,
82061,1,43544.0,326.0,182594.0,9.0,4.87,2126.0,2008.0,6.82,116604246.0,,7.0,1800.0,4.87,95.0,8.0,82061.0,3.0,,1.0,3.0,4.0,,65.7,,3.0,
82064,2,35418.5,152.5,11435644.0,12.5,4.45,1117.5,1978.5,9.52,114252573.5,1.0,3.5,965.0,4.45,71.75,6.0,82064.0,2.5,-1.0,2.0,2.5,3.0,,,,,
82065,1,15942.0,200.0,18624910.0,9.0,4.43,1500.0,,6.91,117121025.0,1.0,,1300.0,4.43,90.0,7.0,82065.0,3.0,1.0,2.0,3.0,4.0,,,,,
82067,1,65537.0,145.0,16976607.0,8.0,4.8,1680.0,1977.0,8.74,112068598.0,1.0,3.0,1390.0,4.8,119.2,7.0,82067.0,3.0,0.0,2.0,3.0,5.0,2007.0,105.2,145.0,,
82069,2,42100.5,162.5,7832493.0,13.5,4.605,,2018.5,6.77,116502289.5,2.0,9.0,1395.0,4.605,86.245,7.5,82069.0,2.5,2.0,2.0,2.5,4.0,,374.0,200.0,4.0,
8209,35,59774.0,99.0,15977112.0,11.0,2.93,475.0,1927.0,0.12,115215517.0,1.0,1.0,330.0,2.93,65.87,2.0,8209.0,2.0,2.0,3.0,2.0,3.0,2018.0,116.0,73.5,11.0,
82110,18,29223.0,160.0,17688329.0,9.5,4.84,1514.0,2019.0,9.15,116964528.0,1.0,9.0,1164.25,4.84,65.5,7.0,82110.0,2.25,1.5,3.0,2.0,3.0,2020.0,25.0,87.5,,
82131,8,16555.5,162.5,17022564.5,10.5,4.56,1152.5,2001.0,6.57,117057166.0,1.0,6.0,987.5,4.56,57.45,6.5,82131.0,2.25,2.0,3.0,2.0,2.5,2020.0,119.0,140.0,1.0,
82140,3,20404.0,160.0,15987107.0,12.0,4.37,1235.0,1980.5,8.33,117044813.0,1.0,3.5,1000.0,4.37,83.0,6.0,82140.0,3.0,2.0,3.0,3.0,4.0,,149.7,80.0,,
82152,15,48048.0,250.0,5235472.0,16.0,4.97,1637.8,2018.0,6.54,115521161.0,1.0,9.0,1355.6,4.97,76.96,7.0,82152.0,2.0,2.0,3.0,2.0,3.0,2003.0,72.0,0.0,25561.0,
82166,6,55052.0,215.0,553801.5,13.5,4.78,1450.0,1960.0,5.16,115777884.5,,2.0,1400.0,4.78,73.0,7.0,82166.0,2.5,1.0,1.5,2.5,3.0,2012.0,127.5,,11.0,
82178,3,26095.0,200.0,18614584.0,11.0,4.94,1550.0,2004.0,9.0,116999524.0,1.0,6.0,1600.0,4.94,103.0,8.0,82178.0,3.0,0.0,3.0,3.0,5.0,,55.4,,,
82194,5,35506.0,240.0,15631037.0,11.0,4.72,1700.0,1994.0,7.74,116865488.0,1.0,5.0,1595.0,4.72,107.0,8.0,82194.0,3.0,1.5,2.5,3.0,5.0,2018.0,115.0,,5.5,
82205,5,27700.0,200.0,561483.0,10.0,4.24,1197.5,1987.0,6.56,116867222.0,1.0,4.5,1080.0,4.24,80.0,7.0,82205.0,2.0,1.0,2.0,2.0,3.0,2018.0,70.2,,462.5,
82211,8,27020.5,152.5,15999734.0,10.5,4.34,1130.0,1973.0,6.72,110759675.5,1.0,3.0,1045.0,4.34,67.0,6.5,82211.0,2.25,1.0,3.0,2.0,2.5,2020.0,75.0,90.0,41146.5,
82216,2,27062.0,165.0,10553870.5,19.0,4.375,1290.0,2019.0,7.745,116756460.5,1.0,9.0,1090.0,4.375,81.495,6.0,82216.0,2.75,1.5,2.5,2.5,3.5,,15.7,,,
82223,4,9698.5,200.0,6781071.0,21.0,4.94,1325.0,1993.0,8.19,116468484.5,1.0,5.0,1300.0,4.94,88.0,7.0,82223.0,3.5,1.5,2.0,3.5,4.0,2020.0,140.0,,1.0,
82229,5,25679.0,140.0,16867379.0,8.0,4.4,1600.0,1985.5,6.08,115531013.0,1.0,4.0,1600.0,4.4,124.29,8.0,82229.0,3.0,1.0,2.5,3.0,6.0,2017.0,137.45,100.0,24.0,
8223,31,53977.0,110.0,2343661.0,9.0,2.37,400.0,1911.0,-0.53,115241909.0,1.0,1.0,270.0,2.37,64.5,1.0,8223.0,2.0,1.0,3.0,2.0,3.0,2016.0,124.725,75.0,0.0,
82234,3,36982.0,178.5,11013978.0,17.0,4.18,,2020.0,7.74,116814420.0,,9.0,1666.0,4.18,119.0,8.0,82234.0,4.0,,,4.0,5.0,,67.4,,,
82237,1,54691.0,150.0,16487891.0,4.0,3.93,2140.0,,5.41,116022912.0,2.0,,1990.0,3.93,130.0,8.0,82237.0,4.0,1.0,1.0,4.0,6.0,2020.0,,,,
82239,2,14869.0,90.0,16735959.5,13.5,5.68,998.0,1980.0,8.16,115188532.0,1.0,3.5,863.0,5.68,66.0,5.5,82239.0,2.0,2.0,2.0,2.0,2.5,2016.0,,90.0,,
82256,20,22424.5,152.5,17197172.0,8.0,4.94,1395.0,2014.0,8.89,116672857.5,1.0,8.0,1050.0,4.94,75.5,6.5,82256.0,3.0,1.0,2.0,3.0,3.0,2017.0,70.0,100.0,3.0,
82266,2,9848.0,270.0,18627232.5,8.0,4.115,2415.0,,7.05,117228182.0,1.5,,2145.0,4.115,148.05,7.0,82266.0,3.0,2.0,2.5,3.0,4.5,,,,,
82269,3,2193.0,140.0,18279516.0,2.0,3.68,790.0,1979.5,5.95,115586607.0,1.0,3.5,590.0,3.68,62.0,4.0,82269.0,3.0,,,3.0,3.0,,195.6,50.0,,
82272,1,17528.0,310.0,17014873.0,18.0,4.36,1205.0,1997.0,6.08,107008380.0,2.0,5.0,895.0,4.36,100.0,6.0,82272.0,4.0,1.0,1.0,4.0,4.0,2020.0,,,,
82275,1,12032.0,200.0,16553224.0,18.0,4.57,1200.0,1985.0,8.31,117185679.0,1.0,4.0,1000.0,4.57,67.0,6.0,82275.0,3.0,2.0,2.0,3.0,3.0,2020.0,,,,
82276,2,34168.0,190.0,3232468.0,20.0,4.17,1515.0,2020.0,4.77,116838930.0,2.0,9.0,1240.0,4.17,89.685,7.0,82276.0,3.0,0.5,1.0,3.0,4.0,,19.0,,,
8228,10,53368.0,122.5,8022577.0,10.5,3.23,459.0,1924.0,1.8,114318064.5,1.0,1.0,337.5,3.23,65.0,2.0,8228.0,2.5,2.5,3.0,2.5,3.0,2018.0,112.0,60.0,11.0,
82296,1,11495.0,220.0,18626803.0,17.0,4.72,1420.0,2005.0,10.66,117202510.0,1.0,6.0,1200.0,4.72,110.0,7.0,82296.0,3.0,,,3.0,5.0,,,,,
82299,2,13639.0,200.0,9441970.0,5.0,4.4,1205.0,1989.5,7.33,117184873.0,1.0,5.0,975.0,4.4,72.5,6.5,82299.0,2.5,2.0,1.5,2.5,3.0,,145.5,100.0,,
82319,20,26759.0,250.0,16654564.5,11.0,4.22,1965.0,1990.0,6.0,115785263.0,1.0,4.0,1647.5,4.22,101.5,8.0,82319.0,3.0,2.0,2.0,3.0,4.5,2019.0,130.0,100.0,19.5,
82327,5,36101.0,200.0,17306909.0,11.0,4.52,1650.0,2009.5,5.97,114547768.0,1.0,7.5,1350.0,4.52,90.0,7.0,82327.0,3.0,2.0,2.0,3.0,4.0,2019.5,49.5,,12.5,
8233,5,69859.0,105.0,15259872.0,10.0,3.02,474.0,1957.0,4.73,114098318.0,1.0,3.0,312.0,3.02,47.0,2.0,8233.0,2.0,0.5,3.0,2.0,2.0,1994.0,170.97,100.0,0.0,
82335,7,30122.0,200.0,17337855.0,8.0,4.93,1855.0,2005.5,7.21,116957654.0,1.0,6.5,1690.0,4.93,110.0,8.0,82335.0,4.0,1.0,3.0,4.0,5.0,2018.0,66.4,50.0,8.0,
82340,4,19138.0,175.0,16752053.0,13.0,3.96,1699.5,2014.0,3.16,104158294.0,2.0,8.0,1499.5,3.96,93.6,7.5,82340.0,3.25,2.5,2.5,3.0,4.0,2015.0,30.45,,488.0,
82343,2,65532.0,210.0,377119.0,6.5,4.06,1740.0,1999.0,5.77,115312675.5,1.0,5.0,1405.0,4.06,123.5,7.5,82343.0,3.0,2.0,2.0,3.0,5.5,,87.0,150.0,310.0,
82347,1,1804.0,350.0,14157799.0,30.0,3.61,1980.0,1959.0,14.19,67464596.0,1.0,2.0,1630.0,3.61,120.0,8.0,82347.0,4.0,0.0,2.0,4.0,5.0,2018.0,,,,
8236,5,67432.0,100.0,7336229.0,8.0,2.88,282.5,1990.0,,111980988.0,1.0,4.0,195.0,2.88,48.2,1.0,8236.0,2.0,1.0,4.0,2.0,2.0,2018.0,147.0,60.0,,
82362,6,37295.5,272.5,607532.0,8.0,3.86,1530.0,2015.5,10.88,116764460.0,1.0,8.5,1225.0,3.86,86.0,7.0,82362.0,3.0,1.0,3.0,3.0,4.0,,44.0,,7.5,
8237,1,51042.0,160.0,15259872.0,12.0,1.71,540.0,1998.0,,116233832.0,1.0,5.0,380.0,1.71,63.3,2.0,8237.0,2.0,2.0,3.0,2.0,3.0,,88.0,,,
82377,7,26285.0,150.0,18347993.0,13.0,3.72,1050.0,1990.0,11.04,116996922.0,1.0,4.0,1000.0,3.72,75.0,6.0,82377.0,2.0,1.5,3.0,2.0,3.0,2019.0,78.35,50.0,106.0,
82380,3,20553.0,110.0,7380874.0,8.0,3.77,660.0,2019.5,10.57,115615329.0,2.0,9.0,550.0,3.77,50.0,4.0,82380.0,2.0,1.0,2.5,2.0,2.0,2019.0,154.9,,,
8239,1,28361.0,180.0,18549406.0,13.0,2.69,585.0,1910.0,,115216550.0,5.0,1.0,405.0,2.69,90.0,3.0,8239.0,5.0,1.0,1.0,5.0,4.0,2019.0,,,,
82396,3,26946.0,160.0,17409900.0,2.0,4.75,1125.0,1947.0,12.1,116910615.0,1.0,3.0,940.0,4.75,98.0,6.0,82396.0,3.5,1.0,2.0,3.0,4.0,2018.5,,,,
82402,2,62093.0,165.0,18538427.0,19.5,3.11,1314.5,1972.0,11.99,115378910.5,1.0,3.0,1149.5,3.11,75.435,6.5,82402.0,2.5,1.5,2.5,2.5,3.5,2017.0,,,,
82404,1,9322.0,150.0,16919061.0,10.0,2.89,750.0,2000.0,10.66,82464717.0,1.0,5.0,600.0,2.89,75.0,4.0,82404.0,1.5,,,1.0,3.0,2015.0,,,,
82418,8,24960.0,175.0,17064929.5,11.0,5.37,1180.0,2002.0,11.91,116865363.0,1.0,6.5,930.0,5.37,80.0,6.0,82418.0,3.0,1.0,2.0,3.0,3.5,2015.0,44.0,230.0,,
82433,2,24205.0,87.5,17819209.5,12.0,4.49,492.5,1972.0,11.34,117018491.5,1.0,3.0,405.0,4.49,42.5,2.5,82433.0,1.5,1.5,3.0,1.5,1.5,2019.5,,,,
82439,2,17718.5,120.0,16152251.5,8.5,5.24,637.5,1996.0,11.74,117129857.0,1.0,5.0,592.5,5.24,68.5,4.0,82439.0,2.5,1.0,1.0,2.0,3.0,2019.0,106.95,,,
82444,1,22292.0,65.0,15661695.0,10.0,2.53,725.0,2000.0,,64206174.0,1.0,5.0,605.0,,68.0,5.0,82444.0,2.0,1.0,1.0,2.0,3.0,,1.14,55.0,,
82467,21,39394.0,150.0,17022325.0,14.0,4.84,1155.0,1980.0,10.74,116734385.0,1.0,3.0,1010.0,4.84,76.0,7.0,82467.0,2.0,1.0,2.0,2.0,3.0,2017.0,86.0,96.5,100.5,
8248,2,54673.5,82.5,5055933.0,20.5,2.77,332.5,1997.0,2.0,112505324.5,,5.0,250.0,2.77,59.0,1.0,8248.0,1.5,1.5,3.0,1.5,2.5,,,40.0,0.0,
82487,3,37152.0,75.0,17848573.0,6.0,4.68,650.0,1978.0,10.73,113542822.0,1.0,3.0,650.0,4.68,60.0,5.0,82487.0,2.0,1.0,2.0,2.0,2.0,2018.0,135.9,,,
82490,2,21698.5,205.0,18488041.5,3.5,4.84,1025.0,1928.0,13.07,117054497.0,1.0,1.0,805.0,4.84,86.5,5.5,82490.0,3.25,1.0,2.0,3.0,4.0,,134.5,0.0,,
82491,3,30637.0,202.0,135297.0,4.0,3.74,1052.0,2020.0,12.64,115187897.0,,9.0,850.0,3.74,81.0,6.0,82491.0,2.0,2.0,2.0,2.0,4.0,2013.0,,,,
82494,1,21563.0,150.0,17421955.0,11.0,4.53,1050.0,1987.0,12.08,117046433.0,1.0,4.0,900.0,4.53,78.0,6.0,82494.0,3.0,1.0,1.0,3.0,3.0,2017.0,,,,
82515,9,31128.0,160.0,16118944.0,11.0,5.57,1255.0,2012.0,5.97,116835146.0,1.0,8.0,1090.0,5.57,70.0,7.0,82515.0,2.0,2.0,3.0,2.0,3.0,2019.5,84.35,83.0,1.0,85262.0
82538,9,40171.0,195.0,480088.0,10.0,5.82,1245.0,1994.0,6.49,116203718.0,1.0,5.0,1090.0,5.82,79.4,7.0,82538.0,3.0,2.0,2.0,3.0,3.0,2020.0,105.65,,82538.0,
82541,3,24376.0,350.0,5762690.0,12.0,5.06,1750.0,2000.0,5.6,116827443.0,2.0,5.0,1500.0,5.06,103.0,7.0,82541.0,3.0,1.0,3.0,3.0,5.0,2016.0,64.6,,,
82544,3,5165.0,195.0,16923948.0,13.0,4.73,1200.0,1984.0,5.31,116699616.0,1.0,4.0,1000.0,4.73,80.0,6.0,82544.0,2.0,1.5,2.5,2.0,3.0,2016.0,66.3,,,
82547,2,65786.0,260.0,8473543.0,11.5,5.2,1515.0,2004.0,5.39,115297617.0,1.0,7.0,1225.0,5.2,108.42,7.0,82547.0,3.25,1.0,,3.0,4.5,,110.41499999999999,,,
8258,29,81742.0,65.65,3520254.0,9.0,2.76,376.55,1988.0,-1.85,113180835.0,1.0,4.0,239.78,2.76,62.65,1.0,8258.0,3.0,2.5,4.0,3.0,3.0,2018.0,126.0,71.12,3.0,
8261,6,73178.5,90.0,17921833.0,2.5,2.59,316.0,1988.0,6.15,113615271.0,1.0,4.0,226.0,2.59,42.665,1.0,8261.0,1.5,4.0,5.0,1.5,1.5,2019.0,149.5,,,
8280,86,68701.5,113.5,13236349.0,7.0,1.34,425.0,1910.0,1.67,114212395.5,1.0,1.0,295.0,1.34,60.285,1.0,8280.0,2.0,2.0,3.5,2.0,2.0,2001.5,122.77,60.0,10102.0,
8289,10,33151.0,120.05,16009395.0,12.5,1.27,440.0,1914.0,3.19,116852101.0,1.0,1.0,290.0,1.27,60.5,1.0,8289.0,3.0,1.0,3.0,3.0,2.5,2020.0,103.9,100.0,10102.0,
8294,2,66628.0,90.0,9509834.5,5.0,1.565,305.0,1917.5,5.885,99095805.5,,1.0,215.0,1.565,43.5,1.0,8294.0,2.0,2.0,2.0,2.0,2.0,,96.5,,1000.0,
8297,9,51371.0,110.0,5783320.0,5.0,0.9,463.0,1995.0,1.42,116118497.0,1.0,5.0,310.0,0.9,56.56,2.0,8297.0,2.0,2.0,2.0,2.0,2.0,2020.0,91.65,62.0,1000.0,
83022,19,16486.0,161.5,15340052.0,8.0,4.0,1395.0,1973.0,8.56,116987564.0,1.0,3.0,960.0,4.0,85.0,6.0,83022.0,2.0,2.0,3.0,2.0,4.0,2018.5,85.945,75.0,4711.0,
83024,7,28950.0,150.0,15162854.0,9.0,3.57,995.0,1999.0,8.3,116828414.0,1.0,6.0,900.0,3.57,76.0,6.0,83024.0,3.0,2.0,3.5,3.0,3.0,2014.0,142.0,150.0,,
83026,7,14941.0,190.0,17879671.0,14.0,4.03,1200.0,2000.0,9.22,116797788.0,1.0,5.0,950.0,3.965,92.0,6.0,83026.0,3.0,2.0,3.0,3.0,4.0,2020.0,108.16,,,
8304,4,68774.5,155.0,12415526.0,12.0,0.0,414.0,1993.0,0.66,114987594.5,1.0,5.0,299.69,0.0,60.78,1.5,8304.0,2.75,2.0,3.0,2.5,2.5,,110.2,,,
83043,14,50557.0,177.5,15496415.0,12.0,4.55,1060.0,2019.5,8.91,116241027.5,1.0,9.0,892.5,4.55,71.375,6.0,83043.0,2.0,1.0,3.0,2.0,3.0,2014.0,58.3,105.0,,
83052,3,44742.0,250.0,17563231.0,10.0,4.21,1300.0,2012.0,8.7,103414068.0,1.0,8.0,1100.0,4.21,102.0,7.0,83052.0,3.0,2.0,2.5,3.0,5.0,2016.0,85.6,,,
83059,4,14896.5,164.0,18381897.0,14.0,4.57,1016.5,2018.5,10.06,116712275.5,1.0,9.0,852.5,4.57,60.14,6.0,83059.0,2.0,1.0,2.0,2.0,2.0,,61.0,,,
83071,4,41286.0,200.0,429353.5,12.5,4.515000000000001,1475.0,1835.0,8.06,116097928.0,2.0,1.0,1250.0,4.515000000000001,103.0,7.0,83071.0,2.25,1.5,3.0,2.0,4.5,2019.0,96.0,,,
83075,1,11258.0,180.0,15728320.0,12.0,4.47,1780.0,2019.0,9.29,112753031.0,1.0,9.0,1600.0,4.47,140.0,8.0,83075.0,4.0,1.0,2.0,4.0,6.0,,,,,
83080,2,19386.5,145.0,17367829.0,8.0,4.67,605.0,1969.5,9.25,109619907.5,1.0,2.5,460.0,4.67,58.5,3.0,83080.0,2.0,2.0,2.0,2.0,2.5,2017.5,105.0,,,
83083,2,24904.0,250.0,16306119.5,16.0,5.0649999999999995,1400.0,1970.0,8.63,111712793.0,1.5,2.0,1025.0,4.25,136.0,6.0,83083.0,3.75,1.0,2.0,3.5,5.0,2014.0,198.0,,8.0,
83088,5,32050.0,135.0,15682362.0,2.0,3.55,810.0,1920.5,8.79,116832743.0,1.0,2.5,690.0,3.55,77.0,5.0,83088.0,2.5,1.0,2.0,2.0,3.0,2018.0,,,,
8309,7,73622.0,126.0,13236349.0,6.0,1.14,380.0,1928.0,6.07,111894303.0,1.0,1.0,300.0,1.14,60.0,1.0,8309.0,3.0,1.0,3.5,3.0,2.0,2017.5,144.37,,11.0,
83093,2,68664.0,125.0,9350401.5,16.5,4.63,580.0,1970.0,8.95,115157100.5,1.0,5.0,400.0,4.63,82.5,3.0,83093.0,3.5,2.5,2.5,3.5,3.5,2006.5,115.3,110.0,1.0,
83098,4,30275.5,177.0,15685584.0,1.5,4.4350000000000005,735.25,2017.0,9.52,113004281.0,1.0,9.0,515.54,4.4350000000000005,61.275,3.5,83098.0,2.0,0.5,3.0,2.0,2.5,,60.65,,,66131.0
83104,3,11250.0,100.0,15259746.0,18.0,4.71,890.0,2018.0,10.44,110567973.0,1.0,9.0,890.0,4.71,39.0,6.0,83104.0,1.5,2.0,2.0,1.0,1.0,2020.0,43.0,,,
83109,1,11430.0,100.0,459959.0,10.0,4.64,1210.0,2019.0,9.64,113515847.0,2.0,9.0,1050.0,4.64,100.0,7.0,83109.0,2.0,1.0,2.0,2.0,4.0,,61.8,60.0,,
83119,1,41182.0,350.0,16558249.0,12.0,5.53,1900.0,2018.0,15.21,116678005.0,1.0,9.0,1550.0,5.53,157.0,8.0,83119.0,4.0,,,4.0,7.0,2018.0,61.1,,,
8312,1,38720.0,45.0,5329626.0,12.0,1.74,328.0,1930.0,1.89,58510931.0,1.0,1.0,238.0,1.74,50.0,1.0,8312.0,1.0,1.0,2.0,1.0,2.0,,123.3,45.0,10101.0,
83123,2,27937.0,100.0,10481127.0,8.5,4.23,1100.0,1979.0,7.39,116890365.5,1.0,3.5,925.0,4.23,89.0,6.0,83123.0,3.0,1.5,1.5,3.0,4.0,2018.0,168.7,,,
83126,1,59809.0,150.0,377173.0,15.0,4.35,,2020.0,8.16,113289934.0,2.0,9.0,1220.0,4.35,101.0,7.0,83126.0,4.0,2.0,2.0,4.0,5.0,,,,,
83128,2,38842.0,125.0,8749561.5,16.0,4.14,1141.5,2004.0,7.2,116269402.0,1.0,6.5,939.0,4.14,91.5,6.0,83128.0,3.25,2.0,2.5,3.0,4.0,,98.0,95.0,1.0,
83129,1,73689.0,252.0,18520104.0,14.0,4.31,1512.0,2020.0,,114700653.0,2.0,9.0,1260.0,4.31,126.0,7.0,83129.0,4.0,2.0,2.0,4.0,6.0,,,,,
83134,1,10312.0,140.0,18252649.0,6.0,4.19,850.0,2016.0,8.05,113414502.0,,9.0,710.0,4.19,57.0,5.0,83134.0,2.0,2.0,2.0,2.0,2.0,,,,,
83135,1,21612.0,100.0,18344554.0,13.0,4.2,425.0,1980.0,9.56,111693929.0,1.0,3.0,325.0,4.2,27.0,2.0,83135.0,1.0,1.0,2.0,1.0,1.0,2018.0,,,,
83137,2,13494.0,120.0,18275012.5,7.5,4.47,975.0,1993.0,,113961417.0,1.5,5.0,795.0,4.47,101.5,5.5,83137.0,3.5,1.0,1.5,3.5,4.5,2016.5,,120.0,,
8315,2,69087.0,70.0,11459469.0,12.5,1.59,406.5,1954.5,5.2,89714451.0,1.0,3.0,316.5,1.59,58.765,2.0,8315.0,2.0,1.5,2.0,2.0,2.0,,132.1,60.0,10102.0,
83209,10,43698.0,150.0,6593711.5,11.0,4.47,1052.0,1986.0,9.05,116163389.0,1.0,4.0,884.5,4.47,78.5,5.5,83209.0,2.0,2.0,3.0,2.0,3.5,2018.0,126.0,90.0,1000.0,
83224,6,25928.5,175.0,18249900.0,10.0,4.7,994.0,1973.0,9.93,116602164.5,1.0,3.0,809.0,4.7,77.095,5.5,83224.0,2.5,1.0,2.0,2.5,3.0,2017.0,,,,
83229,4,31676.0,147.5,16317372.0,12.5,3.9050000000000002,1197.5,2011.5,8.09,114213933.5,1.0,8.0,1050.0,3.9050000000000002,91.0,6.5,83229.0,2.75,1.0,2.5,2.5,4.0,2016.0,39.3,90.0,,
83233,3,12565.0,200.0,17336056.0,12.0,4.98,1200.0,2014.0,8.76,117172493.0,1.0,8.0,1000.0,4.98,80.0,6.0,83233.0,3.0,1.0,2.0,3.0,3.0,2015.5,147.5,,,
83250,1,14816.0,160.0,17868101.0,8.0,4.42,1090.0,2018.0,9.91,116963233.0,1.0,9.0,930.0,4.42,93.0,6.0,83250.0,3.0,1.0,2.0,3.0,4.0,,,,,
83253,1,16464.0,150.0,18516892.0,11.0,4.22,700.0,1972.0,9.9,117115008.0,1.0,3.0,550.0,4.22,59.5,4.0,83253.0,2.0,1.0,3.0,2.0,2.0,,91.26,,,
83256,1,53261.0,114.0,18592649.0,12.0,-0.58,2080.0,1800.0,,116124832.0,,1.0,1795.0,-0.58,150.0,8.0,83256.0,4.5,1.0,3.0,4.0,6.0,2019.0,,171.0,,
83259,2,30628.0,200.0,17028650.0,17.5,4.19,1770.0,1979.0,8.53,116948451.5,1.0,3.0,1585.0,4.19,211.5,8.0,83259.0,5.0,0.0,1.0,5.0,7.0,2020.0,,,0.0,
83278,22,25263.5,200.0,16711380.0,10.5,4.66,1160.0,2006.5,10.43,116754434.0,1.0,7.0,952.5,4.66,86.65,6.0,83278.0,3.0,2.0,3.0,3.0,4.0,2013.5,108.0,125.0,21.0,
8328,2,71789.0,123.5,17838890.0,11.0,-0.75,403.5,,,114886340.5,,,280.0,-0.75,56.125,1.5,8328.0,2.5,1.0,2.0,2.5,2.5,2019.5,,,,
83301,5,19991.0,180.0,12550275.0,8.0,5.57,820.0,1970.5,11.48,117063931.0,1.0,2.5,740.0,5.57,75.0,5.0,83301.0,3.0,1.5,2.0,3.0,3.0,2015.0,86.1,,10.0,
83317,1,44207.0,90.0,15624251.0,8.0,3.44,495.0,,6.68,110414406.0,1.0,,405.0,3.44,45.0,3.0,83317.0,1.0,1.0,,1.0,2.0,2019.0,,,,
83324,8,38673.0,160.0,15447266.0,14.5,4.6,950.0,2017.0,10.69,116740503.0,1.0,9.0,840.0,4.6,90.705,5.5,83324.0,3.0,1.0,2.0,3.0,4.0,,97.4,,2.0,
83329,1,5982.0,185.0,18629465.0,0.0,4.5,845.0,1991.0,9.7,117315008.0,1.0,5.0,660.0,4.5,75.0,5.0,83329.0,3.0,1.0,1.0,3.0,3.0,,,,,
83339,5,35698.0,187.5,5933670.0,11.0,5.25,1160.0,1980.0,12.26,116861484.0,2.5,3.0,1045.0,5.25,87.0,7.0,83339.0,3.0,1.0,2.0,3.0,4.0,2018.0,111.0,,2.0,
83342,1,61228.0,250.0,5140599.0,13.0,5.11,,1974.0,11.95,112443153.0,1.0,3.0,450.0,5.11,80.0,3.0,83342.0,3.0,1.0,,3.0,3.0,,,,,
83349,3,37029.0,180.0,18611502.0,12.0,5.93,1050.0,1973.0,8.45,116812633.0,1.0,3.0,800.0,5.93,100.0,5.0,83349.0,3.0,2.0,2.0,3.0,4.0,2020.0,131.9,,2.0,
83364,1,63532.0,200.0,483279.0,16.0,3.44,1040.0,1970.0,6.68,115541516.0,2.0,2.0,790.0,3.44,102.0,5.0,83364.0,2.0,1.0,2.0,2.0,5.0,2018.0,111.1,,210163.0,
83365,1,31925.0,200.0,483279.0,10.0,5.3,1150.0,1993.0,11.78,116927863.0,1.0,5.0,950.0,5.3,100.0,6.0,83365.0,3.0,1.0,1.0,3.0,4.0,,111.0,,210163.0,
83373,1,41174.0,200.0,5933670.0,7.0,4.79,1150.0,,8.84,116325117.0,,,950.0,4.79,115.0,6.0,83373.0,4.0,,,4.0,5.0,,,,,
83395,6,30124.5,200.0,16352040.5,16.5,3.77,1100.0,2003.5,7.81,115059249.5,1.0,6.5,850.0,3.77,86.6,5.5,83395.0,2.75,1.5,3.0,2.5,4.0,2017.0,95.9,,,
8340,24,49177.0,106.5,13236349.0,7.5,1.4,455.0,1975.0,2.91,115556874.5,1.0,3.0,322.5,1.4,60.5,2.0,8340.0,3.0,2.0,4.0,3.0,2.5,2019.0,109.7,60.0,1409.0,
83404,5,6044.0,140.0,17279096.0,7.0,4.05,780.0,1991.0,8.71,117314373.0,1.0,5.0,640.0,4.0649999999999995,64.0,5.0,83404.0,2.0,2.0,3.0,2.0,3.0,2017.0,86.4,50.0,,
83410,4,26032.0,150.0,18237626.0,9.5,3.09,875.0,1972.0,8.32,116998944.5,1.0,3.0,705.0,3.09,76.0,5.0,83410.0,2.5,2.0,3.0,2.5,3.0,2019.0,30.0,,,
83417,2,42620.0,110.0,17176748.5,10.5,2.505,827.125,1993.0,10.47,110604380.0,1.0,5.0,662.125,3.49,89.0,4.5,83417.0,3.0,2.0,2.0,3.0,4.0,2019.0,140.0,110.0,1.0,
83435,11,21250.0,210.0,957037.0,7.0,3.75,995.0,1990.5,7.49,115754983.0,1.0,4.5,785.0,3.75,88.0,5.0,83435.0,2.0,2.0,5.0,2.0,4.0,2019.5,135.25,65.0,5.0,
8344,11,68719.0,160.0,13236349.0,11.0,0.94,492.5,1924.0,3.36,107565964.0,1.0,1.0,380.0,0.94,69.0,2.0,8344.0,3.0,1.0,3.0,3.0,3.0,2018.0,111.0,70.0,5.0,
83451,3,15816.0,250.0,18624957.0,1.0,3.36,980.0,2000.0,8.03,117123417.0,1.0,5.0,700.0,3.36,90.0,5.0,83451.0,3.0,0.5,0.5,3.0,4.0,2014.5,,,,
83457,3,36788.0,210.0,18612130.0,11.0,3.28,885.0,1950.5,5.87,116825780.0,1.0,3.5,675.0,3.28,90.0,5.0,83457.0,2.0,1.0,2.0,2.0,4.0,2018.0,140.0,,,
83458,2,23486.0,175.0,17308657.5,22.5,4.56,1025.0,1995.0,7.21,117032741.0,1.0,5.0,850.0,4.56,116.5,4.5,83458.0,3.75,2.0,2.0,3.0,4.5,2020.0,170.575,,,
83471,7,34942.0,190.0,8211081.0,10.0,5.31,1090.0,1988.0,7.18,116570520.0,1.0,4.0,840.0,5.31,90.0,6.0,83471.0,3.0,1.0,1.0,3.0,4.0,2019.0,159.5,,1.0,
83483,1,25566.0,140.0,18129939.0,0.0,4.49,690.0,1902.0,7.53,117005264.0,1.0,1.0,550.0,4.49,45.0,4.0,83483.0,2.0,3.0,3.0,2.0,2.0,1998.0,,,,
83487,1,16823.0,200.0,17770914.0,10.0,3.62,1270.0,2009.0,6.75,117107553.0,2.0,7.0,1070.0,3.62,104.0,7.0,83487.0,3.5,,,3.0,5.0,2009.0,,,,
8349,4,80305.5,77.5,6878419.0,6.0,0.73,375.0,1952.0,4.7,113171342.0,,2.0,340.0,0.73,72.0,2.0,8349.0,2.5,2.0,2.0,2.5,3.0,2020.0,204.1,45.0,,
83512,9,34472.0,210.0,2334852.0,12.0,4.6,1150.0,1998.0,8.58,116384240.0,1.0,6.0,950.0,4.6,91.65,6.0,83512.0,2.0,3.0,4.0,2.0,4.0,2019.0,92.0,100.0,8.0,
8352,4,84201.0,107.5,13236349.0,5.5,1.21,417.75,1950.0,2.8,112162927.5,,1.0,297.75,1.21,58.125,1.0,8352.0,2.0,0.0,3.0,2.0,2.0,,102.8,55.0,10102.0,
83527,5,27920.0,160.0,5770011.0,6.0,4.27,810.0,1995.0,11.03,116144702.0,1.0,5.0,650.0,4.27,84.0,5.0,83527.0,3.0,2.0,2.0,3.0,4.0,2019.5,,,,
83533,1,20629.0,200.0,16882409.0,20.0,3.43,1070.0,1970.0,8.51,115390336.0,2.0,2.0,870.0,3.43,78.7,6.0,83533.0,3.0,2.0,2.0,3.0,3.0,2020.0,113.8,,,
83562,1,71488.0,150.0,17642451.0,12.0,4.63,1140.0,,5.77,114903761.0,2.0,,990.0,4.63,92.18,6.0,83562.0,2.0,,,2.0,4.0,2019.0,,,,
83564,2,73520.0,170.0,18284365.0,23.0,4.81,1225.0,1991.0,7.64,114103567.0,2.0,4.5,1140.0,4.81,118.5,6.0,83564.0,3.0,1.0,2.0,3.0,5.5,,113.24,,,
83569,1,31154.0,120.0,18616982.0,18.0,4.18,830.0,,6.88,116941631.0,1.0,,710.0,4.18,71.0,5.0,83569.0,2.0,0.0,,2.0,3.0,,,,,
8359,6,77265.5,120.0,14513756.0,12.5,1.17,389.6,1972.0,,113656325.5,1.0,3.0,267.51,1.17,53.2,1.0,8359.0,2.0,0.0,3.0,2.0,2.0,2018.0,103.1,40.0,10101.5,
83607,6,38175.0,130.0,561433.5,9.0,4.01,1189.0,2000.0,6.42,116769223.5,1.0,5.0,991.5,4.01,68.0,6.5,83607.0,2.5,1.0,2.0,2.5,3.0,2019.0,112.0,92.5,2183.0,
83620,1,67666.0,150.0,18264475.0,10.0,3.81,850.0,,8.5,115295937.0,,,700.0,3.81,70.0,5.0,83620.0,2.0,1.0,2.0,2.0,3.0,2019.0,,,,
83623,6,25460.0,200.0,5417037.0,4.0,5.025,995.0,2019.0,5.42,117002929.0,1.0,9.0,1475.0,5.025,110.99000000000001,7.0,83623.0,3.5,0.0,1.5,3.5,5.0,2009.0,28.8,,1.0,
83624,1,22574.0,200.0,15684663.0,13.0,4.81,1090.0,1972.0,,66381588.0,,3.0,890.0,,71.0,6.0,83624.0,2.5,3.0,,2.0,3.0,2020.0,121.16,,,
83627,2,28674.0,100.0,5417037.0,11.0,2.8,,2002.0,2.92,116955760.5,1.0,6.0,1225.0,2.8,121.0,7.0,83627.0,3.5,0.0,,3.5,5.5,,64.7,,,
83646,6,33764.0,290.0,15962647.0,9.5,5.19,1470.0,1995.5,5.42,116225644.0,1.0,5.5,1185.0,5.19,116.0,7.0,83646.0,3.0,1.5,1.0,3.0,5.0,2019.0,48.25,110.0,,
8366,2,4574.0,225.0,13236349.0,1.5,1.07,1062.5,2019.0,,117333202.5,1.0,9.0,810.0,1.07,107.5,5.5,8366.0,3.5,2.0,3.0,3.5,4.5,2020.0,51.5,,,
83661,9,10745.0,150.0,17591240.0,7.0,5.05,1200.0,2020.0,6.36,117122334.0,1.0,9.0,1050.0,5.05,88.5,7.0,83661.0,3.0,1.5,3.0,3.0,4.0,2013.0,135.4,97.5,,
83666,2,9250.0,150.0,9243464.5,12.0,3.02,1475.0,1988.0,5.06,117247264.0,1.5,4.5,1225.0,3.02,118.69,7.0,83666.0,3.25,1.0,2.0,3.0,5.5,2020.0,,200.0,1.0,
83670,3,48540.0,165.0,15644958.0,14.0,5.69,860.0,1992.0,5.09,112816965.0,1.0,5.0,710.0,5.69,50.0,5.0,83670.0,2.0,2.0,2.0,2.0,2.0,,123.53,,1.0,
83671,1,11376.0,190.0,10330175.0,16.0,5.18,2000.0,2019.0,5.97,110089003.0,2.0,9.0,1810.0,5.18,145.0,8.0,83671.0,4.0,0.0,,4.0,6.0,2019.0,107.6,,,
83673,2,51162.5,87.5,383102.5,8.5,6.5,1180.0,2019.0,4.26,116219001.5,2.0,9.0,965.0,6.5,85.5,6.5,83673.0,3.25,1.5,2.5,3.0,3.5,2018.0,79.2,102.5,1.0,
83684,3,44218.0,195.0,222570.0,15.0,4.62,1530.0,1997.0,8.8,116570530.0,2.0,6.0,1350.0,4.62,101.5,7.0,83684.0,3.0,3.0,3.0,3.0,5.0,2020.0,163.4,,,
83700,15,35807.0,275.0,16974437.0,8.0,4.74,1800.0,2007.0,7.0,116858512.0,2.0,7.0,1600.0,4.74,95.57,8.0,83700.0,2.0,1.0,2.0,2.0,4.0,2017.0,91.5,,1.0,
83703,3,43748.0,200.0,17305780.0,8.0,4.21,1400.0,1983.0,6.39,92995222.0,1.0,4.0,1195.0,3.83,103.0,7.0,83703.0,2.0,1.0,2.0,2.0,5.0,2001.0,132.0,,,
83707,7,31446.0,150.0,16469012.0,20.0,3.35,1173.5,1982.0,6.64,115711727.0,1.0,4.0,1000.0,3.35,70.88,6.0,83707.0,2.0,1.0,2.0,2.0,3.0,2017.5,99.9,125.0,2.0,
83708,3,25296.0,120.0,17513719.0,27.0,3.92,1050.0,1988.0,8.28,117006505.0,1.0,4.0,930.0,3.92,62.0,6.0,83708.0,2.0,1.0,3.0,2.0,3.0,2018.0,78.7,170.0,,
8371,108,65290.5,115.0,8876075.0,10.0,0.56,469.0,1979.0,7.09,115160327.0,1.0,3.0,322.75,0.56,61.915,2.0,8371.0,2.0,2.0,3.0,2.0,3.0,2012.0,107.0,67.5,2.0,
83714,4,37487.0,245.0,8209144.0,8.5,3.07,1315.0,1991.0,5.58,115767520.0,1.0,5.0,1070.0,3.07,86.5,7.0,83714.0,3.5,1.0,2.0,3.5,4.0,2014.0,95.55,100.0,4341.0,
83727,8,26087.5,170.0,1464691.0,7.5,3.24,1317.0,2015.0,4.38,114682870.5,1.5,8.5,1225.0,3.24,98.25999999999999,7.0,83727.0,3.0,1.0,3.0,3.0,4.5,2019.5,128.5,67.0,1.0,
8373,1,82367.0,160.0,947542.0,10.0,0.57,540.0,,6.81,112999917.0,,,380.0,0.57,73.0,2.0,8373.0,2.0,,,2.0,3.0,,100.0,,,
83730,5,20711.0,130.0,18068694.0,20.0,3.03,770.0,1966.0,4.3,116964775.0,1.0,2.5,650.0,3.03,63.0,5.0,83730.0,3.0,1.0,2.0,3.0,3.0,2017.5,,150.0,,
83734,3,46126.0,100.0,16645922.0,9.0,3.26,1050.0,1925.5,5.58,115717387.0,1.0,2.0,870.0,3.26,83.0,6.0,83734.0,3.0,1.0,1.5,3.0,4.0,2020.0,165.4,75.0,,
83735,2,45395.0,170.0,9459971.0,14.0,2.435,998.0,1980.0,3.79,116340806.5,1.0,5.0,956.5,2.435,92.0,6.5,83735.0,3.0,1.5,2.0,3.0,4.0,2020.0,12.2,,,
83737,1,7107.0,100.0,1195296.0,9.0,3.78,750.0,,5.11,117301146.0,1.0,,650.0,3.78,52.0,5.0,83737.0,2.0,1.0,2.0,2.0,2.0,,,,1.0,
8393,32,70509.5,130.0,13664920.5,8.0,0.94,410.0,1900.0,6.69,112979230.5,1.0,1.0,275.0,0.94,57.965,1.0,8393.0,2.0,1.0,2.0,2.0,2.0,1997.5,132.0,52.5,2.0,
8396,1,28099.0,95.0,5449865.0,8.0,1.6,375.0,,3.37,116971527.0,1.0,,280.0,1.6,59.0,1.0,8396.0,2.0,2.0,3.0,2.0,2.0,2015.0,98.0,,,
84028,19,33103.0,150.0,11789877.0,11.0,1.94,1032.5,2010.0,3.53,116206271.0,1.0,7.0,875.0,1.94,90.0,6.0,84028.0,3.0,3.0,3.5,3.0,4.0,2018.0,88.15,105.0,42014.5,
84030,8,44859.0,150.0,15992324.5,11.5,4.960000000000001,1100.0,2019.0,10.18,116290541.0,1.0,9.0,845.0,4.960000000000001,89.95,5.5,84030.0,3.0,2.0,3.0,3.0,4.0,2020.0,65.6,,1862381342.0,
84032,16,23129.5,150.0,18463458.5,11.0,2.08,960.0,2014.0,4.19,116576146.0,1.0,8.0,815.0,2.08,83.08,5.5,84032.0,3.0,2.0,3.0,3.0,4.0,2016.5,16.9,74.0,1.5,
84034,24,33598.5,140.0,15067446.0,10.0,2.16,1136.0349999999999,1974.0,4.4,116035539.5,1.0,3.0,900.87,2.145,79.6,6.0,84034.0,2.5,1.0,3.0,2.0,3.0,2018.0,70.0,106.0,51.5,
84036,21,34207.0,210.0,16969858.0,14.0,2.67,1270.0,1995.0,4.18,116829190.0,1.0,5.5,1000.0,2.585,98.9,6.0,84036.0,3.0,1.0,3.0,3.0,4.0,2020.0,108.35,,1.5,87746.0
84048,6,35610.0,155.0,17058370.0,10.5,1.72,810.0,2002.0,4.71,116712834.5,1.0,6.0,685.0,1.72,76.235,5.0,84048.0,2.75,2.0,2.0,2.5,3.5,2018.0,114.37,,15.0,
84051,4,24144.5,150.0,12566650.5,11.5,5.16,876.05,2016.0,10.09,106252535.5,2.0,9.0,703.0,5.16,83.22,5.0,84051.0,3.0,2.0,2.0,3.0,3.5,2018.0,86.0,93.0,,
84056,8,36873.5,142.5,14891796.0,20.0,4.805,930.0,1987.5,10.05,116772771.0,1.0,4.0,737.5,4.805,89.485,5.0,84056.0,3.25,1.0,1.0,3.0,4.0,2019.0,88.0,,1.0,
84061,3,14926.0,170.0,17554068.0,7.0,4.45,720.0,2005.0,9.76,116980719.0,1.0,7.0,590.0,4.45,66.56,4.0,84061.0,2.0,1.0,1.5,2.0,3.0,2020.0,36.3,,,
84069,4,42741.0,110.055,18011183.0,12.0,3.09,806.265,2020.0,4.06,116368429.5,1.0,9.0,675.3499999999999,3.09,70.25,5.0,84069.0,2.5,3.0,3.0,2.5,3.0,2015.0,,,,
84072,2,57493.5,250.0,9324201.5,10.5,5.21,1850.0,1970.0,8.94,114636608.0,1.0,2.0,1600.0,5.21,177.5,7.5,84072.0,5.0,1.0,2.5,4.5,6.0,2019.0,56.0,,,
84079,6,31420.5,140.0,18284193.0,3.5,4.1850000000000005,900.0,2019.5,9.32,116640857.5,2.0,9.0,717.5,4.1850000000000005,83.935,5.0,84079.0,2.5,0.0,2.0,2.5,4.0,2019.0,15.8,20.0,,
84085,2,65529.0,150.0,8522183.0,6.5,3.075,983.0,1989.0,7.205,106111983.5,1.0,4.0,783.0,3.075,118.0,5.5,84085.0,4.0,1.5,2.0,4.0,5.5,2017.0,113.2,100.0,,
84088,9,21697.0,135.0,16904810.0,9.0,4.68,800.0,2017.0,9.14,116615256.0,1.0,9.0,650.0,4.68,90.0,5.0,84088.0,3.0,1.0,2.0,3.0,4.0,2018.0,5.8,,5.0,
84091,1,68529.0,100.0,18549751.0,10.0,4.93,700.0,,8.74,115223169.0,1.0,,600.0,4.93,75.0,4.0,84091.0,3.0,,,3.0,3.0,,,,,
84095,1,34184.0,150.0,18614769.0,23.0,4.15,1040.0,1998.0,9.92,116891517.0,1.0,5.0,890.0,4.15,85.0,6.0,84095.0,3.5,,,3.0,4.0,2018.0,,,,
84098,1,25385.0,320.0,14891796.0,16.0,4.75,1200.0,1949.0,10.03,117006520.0,1.0,1.0,880.0,4.75,107.0,6.0,84098.0,4.0,,2.0,4.0,5.0,,208.2,,,
84101,1,21355.0,130.0,18622404.0,14.0,4.71,750.0,1998.0,4.41,117050731.0,1.0,5.0,620.0,4.71,95.0,5.0,84101.0,4.0,1.0,1.0,4.0,4.0,,,,,
84103,1,9851.0,250.0,18627950.0,4.0,5.81,1050.0,,12.0,117258696.0,1.0,,800.0,5.81,150.0,5.0,84103.0,5.0,,,5.0,6.0,,,,,
84104,2,42541.0,150.0,8222528.0,13.5,5.35,939.0,1986.5,9.8,116252463.0,1.5,4.5,789.0,5.35,99.31,4.5,84104.0,2.5,1.0,3.0,2.5,4.5,2012.0,152.5,,,
84107,1,28575.0,140.0,18536048.0,4.0,4.5,900.0,2019.0,,115007451.0,1.0,9.0,760.0,4.5,99.0,5.0,84107.0,2.5,,,2.0,4.0,,,,,
84109,6,29630.0,160.0,15541503.0,9.5,4.71,808.5,2019.5,8.17,116506067.5,1.0,9.0,619.0,4.71,62.425,4.5,84109.0,2.0,1.0,2.0,2.0,2.5,2019.0,40.75,,1.0,
8412,140,64811.0,120.0,15617513.0,7.0,1.18,426.5,1960.0,5.78,114883281.0,1.0,2.0,291.605,1.18,63.0,1.0,8412.0,2.5,2.0,3.0,2.5,3.0,2019.0,114.5,76.0,2.0,
84130,9,28866.0,145.0,16105520.0,8.0,2.19,700.0,1981.0,7.13,116699315.0,1.0,4.0,550.0,2.19,91.0,4.0,84130.0,3.0,1.0,2.0,3.0,4.0,1999.0,107.7,50.0,4711.0,
84137,3,21502.0,220.0,18619749.0,4.0,4.74,1130.0,1959.5,8.38,117047325.0,1.0,5.0,910.0,4.74,100.0,6.0,84137.0,3.0,2.0,3.0,3.0,4.0,2019.0,216.0,,,
8414,1,35239.0,120.0,18150235.0,4.0,1.44,420.0,1920.0,8.58,116870525.0,,1.0,300.0,1.44,60.0,1.0,8414.0,2.0,3.0,3.0,2.0,2.0,2018.0,118.6,,2.0,
84144,2,42089.0,145.0,17638964.5,8.0,4.71,800.0,2006.5,8.18,110120801.0,2.0,7.0,655.0,5.01,63.65,4.5,84144.0,2.0,,,2.0,3.0,2014.0,109.0,,,
84149,1,5429.0,298.0,18629091.0,12.0,4.99,1148.0,1995.0,13.63,117301522.0,1.0,5.0,850.0,4.99,123.0,6.0,84149.0,4.0,2.0,2.0,4.0,6.0,,,,,
84152,2,38687.5,145.0,17775192.0,21.5,2.38,980.0,1982.0,4.07,116650521.5,1.0,3.5,790.0,2.38,110.5,5.5,84152.0,4.0,0.5,,4.0,5.0,2019.0,101.805,,1.0,
84160,2,26252.5,122.5,18063133.0,11.0,0.5900000000000001,765.0,2019.0,5.42,116775913.5,,9.0,692.5,0.5900000000000001,98.0,4.5,84160.0,3.25,,,3.0,4.0,,19.0,,,
84166,1,7332.0,150.0,16911074.0,9.0,5.22,910.0,1993.0,9.16,117297624.0,1.0,5.0,760.0,5.22,96.0,5.0,84166.0,3.0,1.0,2.0,3.0,4.0,,,,,
84168,2,56894.0,115.0,14511397.0,6.0,5.1,747.5,2020.0,,115758857.0,2.0,9.0,582.5,5.1,68.5,4.5,84168.0,2.5,1.5,3.0,2.5,3.0,,28.9,,84168.0,
84169,1,30406.0,160.0,18617766.0,9.0,4.91,755.0,,6.74,116954176.0,,,595.0,4.91,70.0,4.0,84169.0,2.0,,,2.0,3.0,,,,,
84172,1,12514.0,100.0,18400227.0,5.0,5.2,,2019.0,7.38,113662661.0,2.0,9.0,1265.0,5.2,90.0,7.0,84172.0,3.0,,,3.0,4.0,,,,,
84175,1,23508.0,130.0,15968292.0,9.0,4.92,650.0,2019.0,8.88,114944970.0,,9.0,520.0,4.92,54.71,4.0,84175.0,3.0,,,3.0,2.0,,56.0,,,
84178,1,7675.0,140.0,17483423.0,20.0,4.93,710.0,1965.0,,117276654.0,1.0,2.0,570.0,4.93,83.0,4.0,84178.0,3.0,0.0,2.0,3.0,4.0,2017.0,,,,
84181,3,19466.0,150.0,17115308.0,6.0,3.52,750.0,1900.0,,103742978.0,1.0,1.0,580.0,3.52,90.0,4.0,84181.0,3.5,1.0,1.0,3.0,4.0,2020.0,,,,
84183,1,17773.0,50.0,860756.0,14.0,1.92,725.0,1982.0,7.93,117067741.0,1.0,4.0,540.0,1.92,77.0,4.0,84183.0,3.0,,,3.0,3.0,2020.0,121.0,100.0,6.0,
84184,2,72362.5,225.0,9263760.5,12.5,4.154999999999999,1630.0,2019.5,8.98,114838116.0,2.0,9.0,1295.0,4.154999999999999,148.41500000000002,7.0,84184.0,3.0,1.0,1.0,3.0,6.5,,59.800000000000004,,1.0,
84186,4,60008.0,120.0,17491261.0,10.5,4.57,962.5,2012.5,,115710083.5,2.0,8.0,822.5,4.57,80.0,5.5,84186.0,2.75,0.5,2.0,2.5,3.5,,62.25,,,
84187,1,34872.0,120.0,15525211.0,14.0,5.68,922.0,2020.0,5.91,116881041.0,1.0,9.0,802.0,5.68,95.24,6.0,84187.0,3.0,,,3.0,4.0,,41.0,,,
8427,8,74151.5,116.0,15730005.0,10.5,0.81,410.0,1995.0,4.04,114659440.5,1.0,5.0,284.0,0.81,56.0,1.0,8427.0,2.0,1.0,3.0,2.0,2.0,2017.5,178.5,,2.0,
84307,1,55192.0,250.0,17094388.0,9.0,5.35,1100.0,1992.0,11.33,115992573.0,,5.0,850.0,5.35,140.0,6.0,84307.0,4.0,,,4.0,6.0,,,,,
84317,1,77404.0,200.0,604386.0,18.0,4.89,1100.0,,6.69,94238969.0,1.0,,850.0,4.89,138.0,6.0,84317.0,5.0,1.0,1.0,5.0,6.0,2000.0,159.0,,1.0,
84323,4,81012.5,185.0,17437149.0,22.0,4.29,849.0,2019.0,11.81,113388536.5,1.0,9.0,662.5,4.29,93.16,4.5,84323.0,3.5,0.0,4.0,3.5,4.0,,57.3,,,
84326,1,3663.0,340.0,15796950.0,0.0,4.82,1190.0,1983.0,,117342373.0,2.0,4.0,850.0,4.82,170.0,6.0,84326.0,4.0,1.0,3.0,4.0,7.0,,,,,
84329,1,45707.0,100.0,17376822.0,11.0,2.0,360.0,1995.0,3.39,91049771.0,,5.0,260.0,2.0,41.63,1.0,84329.0,1.0,2.0,4.0,1.0,2.0,,,,,
84332,1,65188.0,200.0,15366236.0,15.0,4.87,800.0,1998.0,10.82,115450865.0,1.0,5.0,600.0,4.87,105.0,4.0,84332.0,3.0,1.0,2.0,3.0,5.0,2015.0,65.0,,,
84333,1,83020.0,125.0,17850148.0,1.0,4.02,750.0,,,112775001.0,1.0,,600.0,4.02,100.0,4.0,84333.0,4.0,2.0,3.0,4.0,4.0,2019.0,,,,
84335,1,25029.0,180.0,18144008.0,14.0,4.07,715.0,1994.0,,112050092.0,1.0,5.0,535.0,4.07,98.0,4.0,84335.0,3.0,1.0,1.0,3.0,4.0,2019.0,,,,
84337,1,19124.0,60.0,18567102.0,21.0,3.49,250.0,1990.0,,117077123.0,,4.0,250.0,3.49,35.0,1.0,84337.0,1.5,1.0,1.0,1.0,1.0,2020.0,,,,
84347,3,33107.0,105.0,17372339.0,8.0,4.98,395.0,1993.0,11.1,115402662.0,1.0,5.0,298.0,4.98,29.0,1.0,84347.0,1.0,1.5,2.0,1.0,1.0,2017.0,111.0,45.0,,
84359,6,64734.5,135.0,17707273.0,5.5,4.93,742.0,1940.5,12.36,114584310.0,1.0,2.5,598.5,4.93,84.5,4.5,84359.0,2.5,1.0,2.5,2.5,4.0,2018.0,111.44999999999999,,,
84364,5,52986.0,150.0,17116269.0,12.0,4.66,725.0,1994.0,8.29,115255575.0,1.0,5.0,700.0,4.66,88.27,5.0,84364.0,3.0,1.0,1.5,3.0,4.0,2017.0,78.34,,,
84367,2,44908.5,,16695334.0,19.0,2.575,15.0,1938.0,7.2700000000000005,115643871.5,1.0,1.0,357.5,2.575,24.5,3.0,84367.0,4.5,1.0,,3.5,1.0,1997.0,216.64999999999998,,0.0,
84378,1,29534.0,140.0,18271120.0,9.0,4.35,630.0,,,116964182.0,,,490.0,4.35,98.0,3.0,84378.0,5.0,1.0,1.0,5.0,4.0,,,,,
84387,1,84676.0,0.0,16695334.0,21.0,5.97,,,10.28,106935078.0,,,15.0,5.97,15.0,1.0,84387.0,1.0,,2.0,1.0,1.0,,118.7,,0.0,
84405,11,39190.0,220.0,554411.0,11.0,4.06,1385.0,1998.0,7.17,116750393.0,1.0,5.0,1160.0,4.06,100.0,7.0,84405.0,4.0,1.0,2.0,4.0,4.0,2017.0,97.0,,8.0,
84416,4,79359.5,195.0,554411.0,9.0,3.91,,2019.0,6.36,113794465.5,1.5,9.0,850.0,3.91,81.0,5.5,84416.0,2.5,1.5,3.0,2.5,3.5,,195.4,,,
84419,8,40199.5,150.0,17780894.0,15.0,4.24,1050.0,2020.0,11.18,116257853.0,1.0,9.0,805.0,4.24,94.0,5.5,84419.0,3.25,1.0,2.5,3.0,4.0,2019.5,23.6,300.0,1.5,
84424,1,14294.0,230.0,18300839.0,11.0,3.8,770.0,1993.0,6.9,117146433.0,1.0,5.0,540.0,3.8,54.0,4.0,84424.0,2.5,2.0,2.0,2.0,2.0,,,,,
84427,3,27793.0,100.0,1159608.0,9.0,4.4,927.5,2003.0,7.32,116791289.0,1.0,6.0,742.5,4.4,75.0,5.0,84427.0,2.5,2.5,2.5,2.0,3.0,2000.0,66.5,70.0,,
84428,1,13550.0,160.0,18013873.0,8.0,4.71,750.0,2018.0,9.32,106004774.0,1.0,9.0,590.0,4.71,64.0,4.0,84428.0,2.0,1.0,2.0,2.0,3.0,,20.5,,,
84431,2,40558.5,145.0,7811355.0,15.0,4.15,945.0,2013.5,10.05,91699925.5,2.0,8.0,775.0,4.15,118.86500000000001,5.5,84431.0,3.25,1.0,2.0,3.0,5.0,2010.0,,,11.0,
84432,5,24903.0,160.0,446042.0,11.0,4.26,975.0,2020.0,,117010623.0,1.0,9.0,770.0,4.26,84.6,5.0,84432.0,3.0,,,3.0,4.0,,38.0,,2.0,
84435,3,46544.0,150.0,15733299.0,10.0,3.02,950.0,1999.0,7.11,116453393.0,1.0,5.0,800.0,3.02,78.0,5.0,84435.0,2.0,0.0,3.0,2.0,3.0,2014.0,115.7,,1.0,
84437,1,3279.0,65.0,14876698.0,6.0,5.24,430.0,2009.0,,117349039.0,1.0,7.0,430.0,5.24,60.0,3.0,84437.0,2.0,2.0,2.0,2.0,2.0,,,,,
84453,58,41751.5,180.0,5686394.0,14.0,4.83,980.0,2018.0,11.02,116203620.0,1.0,9.0,765.0,4.83,86.0,5.0,84453.0,3.0,1.0,3.0,3.0,4.0,2016.5,40.72,51.0,2.0,
84478,11,20530.0,150.0,15664621.0,10.0,4.03,760.0,1997.0,10.6,115731000.0,1.0,5.0,600.0,4.03,73.0,4.0,84478.0,3.0,2.0,3.0,3.0,3.0,2019.0,47.4,,8.0,
84489,4,16189.0,145.0,11997906.5,6.0,5.34,835.0,1961.0,13.93,116294133.5,1.0,2.0,690.0,5.34,83.0,5.0,84489.0,3.0,1.5,3.0,3.0,3.5,2020.0,116.95,,,
84502,1,41850.0,150.0,5395221.0,8.0,5.1,790.0,1998.0,12.35,116653515.0,1.0,5.0,640.0,5.1,78.51,5.0,84502.0,3.0,0.0,1.0,3.0,3.0,,,,,
84503,5,21030.0,150.0,17275692.0,11.0,5.1,800.0,2019.0,12.35,116956378.0,1.0,9.0,650.0,5.1,69.0,5.0,84503.0,2.0,2.0,3.0,2.0,3.0,2020.0,64.25,,2.0,
84508,3,19353.0,160.0,17526149.0,15.0,5.29,710.0,2005.5,13.36,115045047.0,2.0,7.0,550.0,5.305,76.0,4.0,84508.0,3.5,3.0,3.0,3.0,3.0,2013.0,38.0,,,
8451,71,64087.0,110.0,15498700.0,8.0,0.97,440.0,1950.0,6.26,114634217.0,1.0,1.0,310.0,0.97,61.0,2.0,8451.0,2.0,1.0,3.0,2.0,3.0,1998.0,97.85,75.5,3.0,
84513,3,10646.0,140.0,16695334.0,8.0,5.95,890.0,1972.0,13.42,115705675.0,1.0,3.0,750.0,5.95,76.0,5.0,84513.0,3.0,1.0,3.5,3.0,3.0,2018.0,116.15,,0.0,
84524,6,27963.0,145.0,16246855.5,7.5,4.535,665.0,1994.0,13.84,87202207.5,1.0,5.0,530.0,5.5,77.0,4.0,84524.0,3.0,2.0,3.0,3.0,3.0,2018.0,118.0,,3.0,
84539,10,38435.0,165.0,16776901.0,9.0,4.0,1035.0,2020.0,9.16,116468902.5,1.0,9.0,790.0,4.0,84.685,5.0,84539.0,3.0,1.5,3.0,3.0,3.5,2020.0,62.9,,20200402.0,
84543,1,68799.0,170.0,12328575.0,17.0,4.69,,1967.0,13.12,115208392.0,1.0,2.0,760.0,4.69,97.34,5.0,84543.0,3.0,,,3.0,4.0,2019.0,115.9,,,
84547,1,9050.0,130.0,16542980.0,25.0,5.08,980.0,2010.0,,105342092.0,2.0,7.0,850.0,,99.0,6.0,84547.0,4.0,1.0,1.0,4.0,4.0,,,,,
84549,1,59213.0,180.0,294781.0,6.0,5.24,960.0,2019.0,10.24,115738342.0,,9.0,780.0,5.24,85.0,5.0,84549.0,2.0,,,2.0,4.0,,13.9,,,
84559,6,20040.0,100.0,17437149.0,13.0,3.5,642.5,1900.0,10.17,116714917.0,1.0,1.0,562.5,3.5,85.0,4.0,84559.0,3.0,2.0,2.0,3.0,4.0,2020.0,78.2,,,
84562,1,25157.0,200.0,18620342.0,13.0,4.39,1200.0,2007.0,9.71,117005895.0,2.0,7.0,1000.0,4.39,138.0,6.0,84562.0,3.0,,2.0,3.0,6.0,,,,,
84570,1,76584.0,,16695334.0,11.0,3.75,,2016.0,8.57,114319859.0,,9.0,790.0,3.75,39.0,5.0,84570.0,2.0,,,2.0,1.0,,,,0.0,
8459,15,70675.0,116.0,8935577.0,5.0,1.53,398.49,1980.0,5.69,114016027.0,1.0,3.0,285.0,1.53,56.96,1.0,8459.0,2.0,2.0,3.0,2.0,2.0,1998.0,89.0,73.0,3.0,
8468,82,61562.5,120.0,14467567.0,8.0,2.57,401.28999999999996,1920.5,2.21,114899497.5,2.0,1.0,284.5,2.57,59.75,1.0,8468.0,2.0,2.0,3.0,2.0,2.0,2019.0,106.0,57.1,2.0,
8485,6,32398.5,106.0,15451425.0,4.0,2.75,385.0,1993.0,-0.06,116897259.0,1.0,5.0,282.5,2.75,54.41,1.0,8485.0,2.0,2.0,3.0,2.0,2.0,,104.7,,,
8491,5,73515.0,109.5,15733928.0,9.0,2.3,340.0,1996.0,1.46,114525749.0,1.0,5.0,265.0,2.3,60.0,1.0,8491.0,2.0,1.0,1.0,2.0,2.0,2020.0,112.0,,2.0,
8496,11,71620.0,123.0,15464633.0,8.0,3.44,368.275,1995.0,1.72,114897925.0,1.0,5.0,250.0,3.44,50.0,1.0,8496.0,2.0,2.5,4.0,2.0,2.0,2019.0,102.95,72.5,2.0,
8499,16,71659.5,107.0,15486895.0,6.5,2.78,340.0,1920.0,-2.52,114894936.0,,1.0,236.5,2.78,55.9,1.0,8499.0,2.0,1.0,2.0,2.0,2.0,1999.0,120.5,,2.0,
85049,58,34768.0,170.0,16463132.0,10.0,1.91,1050.0,2014.5,-0.55,116494647.0,1.0,8.0,857.5,1.91,72.25,6.0,85049.0,2.0,1.0,2.0,2.0,3.0,2018.0,68.5,100.0,105705507.0,
85051,47,29517.0,165.0,15588784.0,9.0,2.2,985.0,1996.0,-0.97,116760844.0,1.0,5.0,769.0,2.2,72.0,5.0,85051.0,2.0,1.0,2.0,2.0,3.0,2016.0,98.75,90.0,4711.0,
85053,23,20501.0,170.0,16463132.0,9.0,2.375,1045.0,2019.0,-0.65,116983559.0,1.0,9.0,910.0,2.375,74.24,6.0,85053.0,2.5,1.5,2.5,2.0,3.0,2020.0,58.9,80.0,,
85055,59,38410.0,150.0,14561125.0,9.0,2.7,895.0,2018.0,-0.17,115951663.0,1.0,9.0,792.0,2.7,58.3,5.0,85055.0,2.0,1.0,3.0,2.0,2.0,2018.5,59.25,50.0,9.0,
85057,22,41456.5,123.5,15863907.0,9.5,2.54,868.5,1964.0,0.51,116236590.0,1.0,2.0,675.0,2.54,66.265,5.0,85057.0,2.25,3.0,4.0,2.0,3.0,2019.0,153.5,75.0,56162.5,
85072,9,38560.0,180.0,17063069.0,9.0,0.12,937.5,1986.0,1.54,116384229.0,1.0,4.0,680.0,0.12,81.0,5.0,85072.0,3.0,1.5,2.5,3.0,4.0,2015.5,96.75,,,
85077,10,40635.0,162.0,5410591.0,8.5,3.03,915.1,1970.0,7.31,116699197.5,1.0,2.5,770.05,3.03,76.47,5.5,85077.0,3.0,1.5,2.0,3.0,3.0,2019.0,90.0,85.0,2405.5,
8508,1,21104.0,70.0,17985113.0,10.0,1.22,240.0,,11.11,117053086.0,1.0,,170.0,1.22,32.54,1.0,8508.0,1.0,2.0,3.0,1.0,1.0,,,,,
85080,9,27303.0,140.0,17126398.0,12.0,0.1,890.0,1994.0,1.29,115577987.0,1.0,5.0,740.0,0.1,65.0,5.0,85080.0,2.5,1.5,2.0,2.0,3.0,2017.0,103.3,,,
85084,12,13908.5,160.0,6836168.0,9.0,2.315,977.5,2017.0,5.58,116995983.5,2.0,9.0,832.5,2.315,82.465,6.0,85084.0,3.0,1.5,2.0,3.0,3.5,2020.0,45.2,,22.0,
85088,1,50347.0,150.0,18577642.0,10.0,2.38,1120.0,,6.0,116295124.0,1.0,,970.0,2.38,98.0,6.0,85088.0,3.5,1.0,2.0,3.0,4.0,,,,,
85092,14,34636.5,160.39,17136449.0,12.0,-0.8300000000000001,1050.0,2019.0,1.19,115642050.5,1.0,9.0,840.5,-0.86,84.33500000000001,6.0,85092.0,3.0,1.0,2.0,3.0,4.0,2017.0,61.9,100.0,0.0,
85095,2,35622.5,50.0,16946229.0,5.0,-0.25,400.0,,2.44,116776680.0,,,600.0,-0.25,86.0,4.0,85095.0,2.0,,,2.0,4.0,,,,,
85098,1,65764.0,172.5,643658.0,7.0,2.25,812.5,,,104733982.0,,,640.0,,80.6,5.0,85098.0,4.0,1.0,2.0,4.0,3.0,,,,,
85101,7,23375.0,150.0,518162.0,5.0,-0.61,995.0,1977.0,1.57,117026637.0,1.0,3.0,834.0,-0.61,71.7,6.0,85101.0,3.0,2.0,2.0,3.0,3.0,2020.0,127.0,79.0,,
85104,3,36611.0,187.0,17324011.0,12.0,0.93,1209.0,2017.0,0.7,114990884.0,1.0,9.0,1022.0,0.93,124.68,7.0,85104.0,5.0,1.0,2.5,5.0,6.0,,,,,
85107,4,34929.0,195.0,5235472.0,12.0,1.8,1187.5,2020.0,8.8,116880190.0,2.0,9.0,992.5,1.8,88.0,6.0,85107.0,3.0,1.0,3.0,3.0,4.0,,46.18,,,
85110,2,40169.5,100.0,18544832.5,14.0,-0.53,1115.0,1973.0,0.07,115958381.5,1.5,3.0,1065.0,-0.53,142.5,6.5,85110.0,5.5,1.0,1.5,5.0,6.5,2019.5,294.0,,,
85111,1,13638.0,150.0,18174629.0,11.0,-0.52,700.0,,,117157608.0,,,550.0,-0.52,74.0,4.0,85111.0,2.0,2.0,2.0,2.0,3.0,,177.0,,,
85113,2,47516.0,587.5,9296426.0,15.0,0.1,1450.0,1985.5,3.18,116205083.5,1.0,4.0,600.0,0.1,72.0,4.0,85113.0,2.0,1.5,1.0,2.0,3.0,2018.0,90.0,,,
85115,1,83333.0,90.0,643658.0,5.0,-0.18,390.0,,2.15,112579804.0,,,300.0,-0.18,18.0,1.0,85115.0,1.0,1.0,1.0,1.0,1.0,2019.0,,,,
85120,2,57370.0,200.0,17540577.5,12.0,-0.74,1320.0,2017.5,1.02,114372879.5,2.0,9.0,1075.0,-0.74,107.5,6.5,85120.0,3.0,0.0,1.0,3.0,4.5,2019.0,,,,
85122,1,56707.0,410.0,15786885.0,5.0,-0.34,1390.0,1974.0,2.62,115917190.0,2.0,3.0,980.0,-0.34,115.0,6.0,85122.0,3.0,,1.0,3.0,5.0,2019.0,,,,
85128,1,18341.0,150.0,18466903.0,7.0,-0.85,920.0,2019.0,-0.84,113787403.0,2.0,9.0,770.0,-0.85,70.0,5.0,85128.0,3.0,0.0,0.0,3.0,3.0,,63.9,,,
85131,1,48111.0,200.0,3764445.0,6.0,-1.32,,1961.0,,116392172.0,2.0,2.0,650.0,-1.32,91.0,5.0,85131.0,4.0,1.0,,4.0,4.0,,167.0,,,
85132,1,40765.0,250.0,17525779.0,21.0,1.78,1150.0,,,115268710.0,1.0,,900.0,1.78,95.0,6.0,85132.0,3.5,2.0,2.0,3.0,4.0,2018.0,,,,
85134,1,58061.0,50.0,18468461.0,56.0,-0.46,975.0,2014.0,2.87,115789107.0,2.0,8.0,925.0,-0.46,100.0,6.0,85134.0,3.0,1.0,1.0,3.0,4.0,,,,,
85139,3,33818.0,180.0,571935.0,8.0,-0.8,1100.0,2000.0,1.27,116898018.0,2.0,5.0,900.0,-0.8,85.0,6.0,85139.0,3.0,1.0,2.0,3.0,4.0,,120.85,,22.0,
85159,1,8691.0,610.0,18617408.0,17.0,3.62,2864.0,2016.0,10.34,116944945.0,3.0,9.0,2254.0,3.62,220.0,9.0,85159.0,5.5,4.0,4.0,5.0,7.0,2016.0,41.0,,,
85221,20,18016.0,210.0,17332983.0,12.0,5.32,1500.0,2018.0,7.67,116823165.0,1.0,9.0,1315.0,5.32,88.7,7.0,85221.0,2.0,2.0,3.0,2.0,4.0,2020.0,82.15,90.0,1.0,
85229,5,18128.0,185.0,475495.0,13.0,5.53,1110.0,2001.5,8.85,116873859.0,1.0,6.5,830.0,5.53,64.0,6.0,85229.0,2.0,1.0,2.0,2.0,3.0,2019.0,136.9,,54.5,
8523,267,57440.0,120.0,15452858.0,10.0,2.0,412.0,1955.0,9.94,115649528.0,1.0,2.0,289.5,2.0,60.0,1.0,8523.0,2.0,2.0,4.0,2.0,2.0,2014.0,109.7,65.0,0.0,
85232,8,41268.0,172.5,192912.0,6.0,4.63,1422.5,2019.0,7.55,116675669.5,2.0,9.0,1210.0,4.63,86.015,7.0,85232.0,3.0,1.0,3.0,3.0,4.0,2015.0,59.0,125.0,3.0,
85235,6,32927.5,147.5,8857529.0,8.0,5.58,980.0,1992.0,5.855,112588888.0,1.0,5.5,705.0,5.58,67.5,5.0,85235.0,2.0,1.0,1.5,2.0,3.0,2018.5,136.61,75.0,1.0,
85238,4,12510.0,180.0,9902968.0,13.5,4.91,918.0,1980.0,5.91,117143729.0,2.0,3.0,818.5,4.91,79.36500000000001,5.5,85238.0,2.0,1.5,2.0,2.0,3.5,2020.0,120.0,,,
85244,2,56885.0,250.0,9544504.5,5.5,4.86,2200.0,2019.5,7.09,115468840.5,1.0,9.0,1525.0,4.86,103.5,7.5,85244.0,4.0,1.0,2.0,3.5,4.5,2020.0,29.6,,,
85247,2,16357.0,300.5,475700.0,2.0,5.13,1423.0,2020.0,6.77,116741596.5,2.0,9.0,1072.5,5.13,85.61,6.5,85247.0,4.0,2.0,2.0,4.0,3.5,2020.0,,,,
8525,199,61215.0,106.64500000000001,15456045.0,10.0,1.67,375.0,1930.0,11.01,114989196.0,1.0,1.0,269.41,1.67,57.2,1.0,8525.0,2.0,2.0,4.0,2.0,2.0,2010.0,101.75,67.5,0.0,
85250,5,28123.0,200.0,18577255.0,2.0,5.6,1328.0,2020.0,6.08,115671846.0,1.0,9.0,1188.0,5.6,90.0,7.0,85250.0,3.0,0.5,1.0,3.0,4.0,,14.0,,,
85253,1,73818.0,130.0,192912.0,3.0,5.1,820.0,1997.0,7.5,111945099.0,2.0,5.0,630.0,5.1,70.0,5.0,85253.0,3.0,,,3.0,3.0,,,,3.0,
85256,1,11065.0,120.0,18567113.0,9.0,5.0,770.0,1971.0,6.58,115509181.0,1.0,3.0,650.0,5.0,66.0,5.0,85256.0,2.0,2.0,2.0,2.0,3.0,2018.0,,,,
8527,118,51988.5,97.17,15456045.0,9.0,2.08,345.0,1975.0,8.84,115650925.0,1.0,3.0,231.465,2.08,49.81,1.0,8527.0,2.0,2.0,5.0,2.0,2.0,2018.0,120.3,55.0,0.0,
85276,28,32422.0,177.5,16291255.5,10.0,2.85,1050.0,2017.0,7.82,116390013.0,1.0,9.0,850.0,2.85,77.5,6.0,85276.0,3.0,1.0,3.0,3.0,3.0,2014.5,88.6,80.0,450.0,89359.0
85283,5,27239.0,120.0,17370941.0,10.0,2.72,1007.5,2018.0,7.62,116143373.0,2.0,9.0,930.0,2.72,79.3,6.0,85283.0,3.0,0.0,2.0,3.0,3.0,2016.0,13.1,80.0,,
8529,96,73071.5,93.24000000000001,15456045.0,9.0,0.23,369.0,1981.0,17.67,114011142.5,1.0,4.0,244.10000000000002,0.23,56.3,1.0,8529.0,2.0,3.0,5.0,2.0,2.0,2005.5,94.0,79.0,0.0,
85290,9,18285.0,160.0,17181405.0,9.0,2.2,810.0,2001.0,7.0,116441954.0,1.0,6.0,660.0,2.2,70.0,5.0,85290.0,2.0,1.0,2.0,2.0,3.0,2020.0,82.9,,,
85293,2,3308.0,245.0,17069573.0,15.0,2.585,1290.0,1993.0,8.14,117346353.5,2.0,5.0,1045.0,2.585,113.0,6.5,85293.0,4.25,1.5,1.5,4.0,5.0,2016.5,94.7,,,
85296,1,15005.0,120.0,18625283.0,15.0,2.67,740.0,1993.0,6.4,117135642.0,1.0,5.0,620.0,2.67,64.0,5.0,85296.0,3.0,1.0,2.0,3.0,3.0,,113.0,,,
85298,1,5880.0,130.0,18603492.0,5.0,2.82,780.0,,8.76,116518169.0,,,650.0,2.82,80.0,5.0,85298.0,4.0,,,4.0,3.0,2019.0,119.9,,,
853,1,77739.0,225.0,14995468.0,15.0,2.29,978.0,,13.76,114104007.0,,,753.0,2.29,112.31,5.0,853.0,4.0,3.0,,4.0,5.0,2019.0,,,0.0,
85301,3,21379.0,110.0,17405565.0,9.0,2.51,1050.0,1996.5,12.14,116972640.0,1.5,6.0,900.0,2.51,91.0,6.0,85301.0,3.0,1.0,1.0,3.0,4.0,2018.0,150.3,120.0,,
85304,2,26040.5,112.5,15033755.0,4.0,3.1450000000000005,1100.0,2004.5,6.79,104942286.5,1.5,6.5,937.5,2.18,90.0,6.0,85304.0,3.5,2.0,2.5,3.5,4.0,2020.0,,100.0,,
85305,4,44277.0,195.0,475700.0,13.5,2.39,1400.0,2017.0,6.42,116507677.0,2.0,9.0,1175.0,2.39,114.75,7.0,85305.0,3.5,2.0,2.5,3.5,5.5,,21.0,,,
85307,1,49224.0,180.0,8054.0,6.0,4.74,1020.0,,7.2,116361101.0,2.0,,800.0,4.74,105.0,5.0,85307.0,3.0,,,3.0,5.0,,158.9,,200.0,
85309,2,25130.5,140.0,16586936.5,15.5,2.75,1140.0,1987.5,9.42,117008597.0,1.5,4.0,940.0,2.75,116.75,6.0,85309.0,3.0,1.0,,3.0,5.0,2020.0,91.3,120.0,,
8535,1,64964.0,217.0,1218455.0,7.0,1.67,504.0,,11.01,115459540.0,,,287.0,1.67,58.0,1.0,8535.0,2.0,2.0,,2.0,2.0,2019.0,,90.0,,
85353,1,17384.0,80.0,18097398.0,3.0,5.08,945.0,2019.0,7.5,117089766.0,2.0,9.0,865.0,5.08,67.0,6.0,85353.0,2.5,3.0,3.0,2.0,3.0,,12.9,,,
85354,21,26726.0,160.0,2999159.0,12.0,4.7,1358.0,1995.0,10.7,115732473.0,1.0,5.0,1120.0,4.7,81.0,7.0,85354.0,3.0,2.0,3.0,3.0,4.0,2019.0,88.0,82.5,666.0,
85356,13,30706.0,185.0,599268.0,12.0,4.7,1270.0,2005.5,10.7,116768711.0,1.0,6.5,1100.0,4.7,73.59,7.0,85356.0,2.0,1.0,3.0,2.0,3.0,,74.9,,18.0,
85368,18,24711.0,155.0,5394580.0,8.5,4.98,1000.0,2007.0,9.92,116550164.5,1.0,7.0,895.0,4.98,74.0,6.0,85368.0,2.0,1.0,2.0,2.0,3.0,2018.5,144.0,,200.0,
85375,8,18619.5,165.0,15437309.5,9.5,4.67,1025.0,1970.0,11.02,114444009.5,1.0,2.0,817.5,4.67,62.0,5.5,85375.0,2.0,2.0,2.0,2.0,2.5,2011.5,122.6,,,
85376,2,33815.0,265.0,9674021.5,14.0,4.645,1820.0,2017.0,11.02,115408537.5,2.0,9.0,1555.0,4.645,128.25,7.5,85376.0,4.0,0.0,0.0,4.0,5.5,,79.0,,,
85386,3,9023.0,90.0,15282472.0,13.0,4.58,1080.0,2016.0,10.08,117274525.0,1.0,8.5,990.0,4.58,57.0,6.0,85386.0,2.0,2.0,2.0,2.0,2.0,,26.1,,24.0,
8539,1,61177.0,90.0,15452858.0,16.0,3.9,,1995.0,0.43,115650172.0,,5.0,350.0,3.9,64.64,2.0,8539.0,3.0,2.0,,3.0,3.0,,123.0,,,
85391,6,25324.5,180.0,381612.0,7.0,5.46,740.0,2020.0,10.95,117006812.5,,9.0,750.0,5.46,62.5,5.0,85391.0,2.0,2.0,,2.0,3.0,,,,,
85395,3,48161.0,140.0,12682177.0,11.0,4.48,1040.0,2014.0,12.83,78121848.0,1.0,8.0,900.0,4.48,86.25,6.0,85395.0,3.0,2.0,2.0,3.0,4.0,2019.0,144.8,,,
85399,3,41096.0,200.0,16512702.0,17.0,4.52,1200.0,2002.0,10.06,116547536.0,1.0,6.5,975.0,4.52,75.0,6.0,85399.0,3.0,0.0,2.0,3.0,3.0,,120.0,,4486.0,
85402,2,30488.5,180.0,18596737.5,5.0,4.63,1190.0,1972.0,9.23,116542793.5,1.5,2.5,1100.0,4.63,120.0,6.5,85402.0,4.0,1.0,1.0,4.0,5.5,2012.0,,,,
85405,1,58666.0,130.0,8054.0,7.0,4.92,700.0,2016.0,10.3,115763951.0,2.0,9.0,520.0,4.92,52.0,4.0,85405.0,1.5,,2.0,1.0,2.0,,46.0,,100.0,
85406,1,6682.0,50.0,16801699.0,7.0,4.64,350.0,2001.0,8.82,117304496.0,1.0,6.0,300.0,4.64,30.0,1.0,85406.0,1.0,,,1.0,1.0,2018.0,,,,
85408,1,20736.0,170.0,7223272.0,17.0,4.2,950.0,1992.0,7.62,87326448.0,1.0,5.0,740.0,4.2,105.0,5.0,85408.0,4.0,1.0,1.0,4.0,5.0,2020.0,110.0,,,
85410,2,53165.0,220.0,8397843.0,11.0,4.85,1400.0,1984.0,10.01,110868069.5,2.5,4.0,1480.0,4.94,117.5,7.5,85410.0,4.0,,2.0,4.0,5.5,2018.0,,,400.0,
85413,1,127.0,170.0,18630932.0,0.0,4.88,800.0,,11.01,117386155.0,2.0,,630.0,4.88,80.0,5.0,85413.0,3.0,1.0,2.0,3.0,3.0,,,,,
85414,1,6655.0,210.0,17394321.0,10.0,,940.0,2016.0,,91522851.0,2.0,9.0,730.0,,73.0,5.0,85414.0,4.0,2.0,2.0,4.0,3.0,,,,,
85416,3,12115.0,70.0,5394580.0,5.0,4.4,1090.0,2006.0,9.48,117181510.0,1.0,7.0,590.0,4.4,59.3,4.0,85416.0,2.0,1.0,2.0,2.0,2.0,,125.0,92.5,100.0,
85417,8,57161.0,250.0,2985840.0,13.0,4.74,1500.0,2019.0,7.16,114415593.0,1.0,9.0,1220.0,4.74,99.0,7.0,85417.0,4.0,1.0,1.5,4.0,4.0,2020.0,57.8,,4486.0,
85419,1,21909.0,200.0,18472369.0,9.0,5.05,1120.0,1973.0,10.26,116973471.0,,3.0,920.0,5.05,115.0,6.0,85419.0,5.0,2.0,2.0,5.0,5.0,2014.0,27.6,,,
8543,2,23674.5,77.5,12756391.0,9.5,2.86,337.5,1986.0,2.31,116036800.0,1.0,4.0,235.0,2.86,56.5,1.0,8543.0,2.5,2.5,3.5,2.5,2.5,2010.0,,50.0,,
85435,17,39594.0,200.0,14206858.0,10.0,4.02,1150.0,2003.0,8.96,116118230.0,1.0,6.0,900.0,4.02,78.0,6.0,85435.0,3.0,1.0,2.0,3.0,3.0,2018.0,75.4,44.0,42703.0,
85445,3,30273.0,200.0,9293076.0,11.0,3.61,1270.0,2020.0,7.03,116955820.0,1.0,9.0,1050.0,3.61,80.0,7.0,85445.0,3.0,1.0,3.0,3.0,3.0,2020.0,,,2.0,
85447,2,21082.0,130.0,3706633.0,13.5,3.9,1372.5,2002.0,3.75,117051005.5,1.0,6.0,1195.0,3.9,125.495,6.0,85447.0,3.5,0.0,1.0,3.5,4.5,,56.949999999999996,,,
85452,1,56149.0,200.0,7335973.0,0.0,3.71,1170.0,2005.0,8.16,115945980.0,1.0,6.0,970.0,3.71,90.0,6.0,85452.0,3.0,1.0,3.0,3.0,4.0,2020.0,,,,
85456,2,32960.5,105.0,10296618.0,10.5,4.0,780.0,1988.0,7.34,116549264.5,1.0,5.5,710.0,4.0,67.5,5.0,85456.0,2.5,,,2.5,3.0,,123.0,,,
85457,3,4354.0,120.0,17145072.0,16.0,3.99,1040.0,2006.5,9.19,117275586.0,1.0,7.0,850.0,4.03,85.0,6.0,85457.0,3.0,1.0,2.0,3.0,4.0,2019.0,111.15,,6.0,
85459,2,19916.5,200.0,18617349.0,9.5,3.39,1092.0,2020.0,5.36,117110406.5,2.0,9.0,892.0,3.39,75.0,6.0,85459.0,2.5,1.5,2.0,2.5,3.5,,,,,
85462,2,7448.5,125.0,9689203.5,8.0,4.09,1116.0,2012.0,6.395,115237775.5,1.5,7.5,813.0,4.09,74.0,5.5,85462.0,2.75,1.0,1.5,2.5,3.5,,,,,
85464,3,57999.0,189.0,2606640.0,11.0,3.79,1350.0,2020.0,7.11,115802820.0,1.0,9.0,1166.0,3.79,78.0,7.0,85464.0,3.0,1.0,2.0,3.0,3.0,,32.0,,,
85465,1,38920.0,250.0,638390.0,16.0,4.23,1595.0,2005.0,9.85,116772836.0,1.0,6.0,1295.0,4.23,160.0,7.0,85465.0,6.0,,,5.0,7.0,,88.0,,,
85467,6,16314.5,220.0,2606640.0,11.0,3.6550000000000002,1390.0,2014.0,9.68,117116712.5,1.0,8.0,1187.5,3.6550000000000002,95.0,7.0,85467.0,3.0,1.0,2.0,3.0,4.0,,6.0,,2.5,
8547,2,54871.0,42.5,721207.0,14.0,2.73,319.5,1970.5,10.74,115967562.0,,2.5,234.5,2.73,41.525,1.0,8547.0,1.5,2.0,,1.5,1.5,,116.45,42.5,,
8548,2,75510.5,225.0,18506707.0,36.5,2.43,1095.0,1920.0,,114467608.0,1.5,1.0,870.0,2.43,112.5,6.0,8548.0,3.5,1.0,2.0,3.5,4.5,2019.0,,,,
85521,12,28344.0,175.0,15277210.0,12.0,5.11,1350.0,1984.5,7.6,116775709.5,1.0,4.0,1175.0,5.11,71.845,7.0,85521.0,2.75,2.0,3.0,2.5,3.0,2015.0,155.35,0.0,5.0,
85540,8,27945.5,180.0,16433702.5,14.5,5.27,1695.0,2017.0,7.08,116980043.5,1.0,8.5,1475.0,5.27,91.0,7.5,85540.0,3.0,2.0,3.0,3.0,4.0,2019.0,67.3,85.0,,
85551,6,66359.0,245.0,3702801.5,13.0,4.66,1930.0,2017.5,6.46,113540523.5,2.0,9.0,1485.0,4.66,93.0,7.5,85551.0,3.0,1.5,2.0,3.0,4.0,2012.5,60.0,,1.0,
85560,4,28012.0,185.0,313223.0,14.0,3.88,1185.0,1979.0,6.59,116926593.0,0.0,3.0,960.0,3.88,93.5,6.0,85560.0,2.75,1.5,3.0,2.5,4.0,2008.5,100.55,145.0,24.0,
85561,1,45658.0,350.0,559231.0,12.0,3.82,3250.0,1906.0,5.53,110947431.0,7.0,1.0,2900.0,3.82,195.0,9.0,85561.0,8.0,,2.0,5.0,7.0,2018.0,215.0,,4257458.0,
85567,4,21273.0,207.5,17983760.5,9.5,3.8,1242.5,2017.0,5.29,116926131.5,1.0,9.0,1042.5,3.8,76.35,6.5,85567.0,2.25,1.0,3.0,2.0,3.5,2018.0,56.1,,,
85570,13,18851.0,155.0,17650607.0,9.0,3.8,1185.0,2005.5,6.18,116940969.0,1.0,6.5,1000.0,3.8,74.0,6.0,85570.0,3.0,1.0,3.0,3.0,3.0,2016.0,87.80000000000001,70.0,4.0,
85579,4,45858.5,149.5,749187.0,10.0,5.05,1689.5,2015.0,6.47,116410939.0,1.0,8.0,1530.0,5.05,69.0,7.5,85579.0,2.5,1.0,3.0,2.5,3.0,2020.0,71.795,69.0,8.0,
85586,6,19704.5,145.0,3055490.5,10.5,4.01,1200.0,2015.0,6.9,115971295.5,1.0,8.5,1030.0,4.01,59.0,6.5,85586.0,1.75,1.5,2.5,1.5,2.5,2019.0,41.0,100.0,1.0,
85591,5,18442.0,200.0,17083036.0,14.0,3.88,1940.0,2018.5,6.54,116964553.0,2.0,9.0,1250.0,3.88,82.0,7.0,85591.0,3.0,2.0,2.5,3.0,4.0,2018.0,49.15,60.0,3.0,
85598,1,32120.0,350.0,17195351.0,19.0,3.96,2825.0,1972.0,6.54,116924257.0,,3.0,2400.0,3.96,160.0,9.0,85598.0,4.0,1.0,2.0,4.0,7.0,,173.0,,,
85599,6,37464.5,164.0,559231.0,9.0,3.88,1244.0,2020.0,6.54,116541328.5,1.0,9.0,995.0,3.88,65.45,6.0,85599.0,2.0,1.0,3.0,2.0,3.0,,16.9,95.0,23012020.0,
85604,2,24856.5,190.0,8540972.5,11.5,3.76,840.0,2005.0,6.79,116891662.0,1.0,6.5,895.0,3.76,82.0,6.0,85604.0,2.5,1.5,2.0,2.5,3.5,2016.0,133.0,,,
85609,4,21498.5,190.0,18597445.5,8.0,4.95,1320.0,1999.5,5.96,116783789.0,1.0,5.5,1300.0,4.95,73.0,7.0,85609.0,2.0,1.5,1.5,2.0,3.5,2016.5,66.53,,,
85614,3,18384.0,200.0,5410591.0,8.0,4.01,1429.5,1993.0,6.26,117085922.0,1.0,5.0,1069.5,4.01,99.95,7.0,85614.0,3.0,2.0,2.0,3.0,4.0,,130.15,135.0,2367.0,
85617,3,23092.0,200.0,17546009.0,8.0,3.54,1190.0,1968.0,4.54,116944104.0,2.0,2.0,935.0,3.54,84.99,6.0,85617.0,3.0,2.5,2.5,3.0,4.0,2020.0,,,,
85622,9,47351.0,115.0,675514.0,16.0,4.89,1415.0,2019.0,6.54,116420646.0,1.0,9.0,1330.0,4.89,86.85,7.0,85622.0,3.0,1.0,2.0,3.0,4.0,,15.0,85.0,3.0,
85625,3,58218.0,115.0,16476740.0,15.0,3.64,2350.0,2015.5,5.84,115784641.0,2.0,8.5,2250.0,3.64,140.0,9.0,85625.0,3.0,1.0,2.5,3.0,6.0,2018.0,90.55,195.0,,
85630,3,27575.0,50.0,502556.0,7.0,4.61,1050.0,1996.0,6.8,92624554.0,1.0,5.0,800.0,4.61,54.0,5.0,85630.0,2.0,2.0,2.0,2.0,2.0,2017.0,,170.0,160869.0,
85635,2,23739.5,225.0,17476047.0,11.0,4.15,1585.0,2006.0,6.72,116993317.0,1.0,7.0,1360.0,4.15,72.5,7.0,85635.0,2.5,1.0,1.0,2.5,3.0,,81.0,,,
85640,3,23502.0,180.0,18621162.0,10.0,4.96,1280.0,2001.0,6.37,117025562.0,1.0,6.0,1100.0,4.96,74.5,7.0,85640.0,3.0,2.0,2.5,3.0,3.0,2008.0,31.6,,,
85646,3,6861.0,100.0,14781096.0,8.0,3.96,1125.0,2010.0,6.54,117302982.0,1.0,7.0,1025.0,3.96,80.0,7.0,85646.0,3.0,0.5,1.0,3.0,3.0,,125.3,,,
85649,1,3518.0,250.0,170541.0,11.0,4.62,,1995.0,5.37,117346592.0,,5.0,1450.0,4.62,200.0,7.0,85649.0,1.0,2.0,2.0,1.0,7.0,,109.0,,4.0,
85652,1,11764.0,120.0,17804205.0,12.0,3.56,870.0,2017.0,6.64,117183016.0,1.0,9.0,750.0,3.56,53.0,5.0,85652.0,1.0,,,1.0,2.0,,,,,
85656,2,19206.5,137.5,8605933.0,6.5,5.085,645.0,2012.0,8.08,117084393.0,1.0,8.0,465.0,5.085,35.5,3.0,85656.0,1.5,1.0,1.0,1.5,1.5,,,50.0,,
85658,1,26114.0,180.0,15575286.0,10.0,3.25,1200.0,1964.0,6.01,116999231.0,2.0,2.0,1020.0,3.25,80.0,7.0,85658.0,2.0,,,2.0,3.0,2020.0,158.5,,,
85660,1,58903.0,300.0,696650.0,6.0,3.88,2050.0,2011.0,6.59,115757035.0,1.0,8.0,1680.0,3.88,119.0,8.0,85660.0,3.0,,,3.0,5.0,,54.8,,,
85661,4,34568.0,150.0,272259.0,9.0,3.82,1497.0,2020.0,4.48,116860750.5,2.0,9.0,1177.0,3.82,94.0,7.0,85661.0,3.25,1.5,2.0,3.0,4.0,,17.8,180.0,,
85664,1,14402.0,150.0,18624863.0,0.0,2.87,1239.0,,4.84,117146770.0,1.0,,1089.0,2.87,99.0,7.0,85664.0,3.0,,,3.0,4.0,,,,,
85667,1,10545.0,200.0,18627314.0,15.0,3.25,1200.0,1970.0,7.51,117227354.0,2.0,2.0,1000.0,3.25,80.0,6.0,85667.0,2.5,2.0,2.0,2.0,3.0,2020.0,,,,
85669,2,38841.0,185.0,601641.0,11.5,2.8,1267.5,,8.53,116752827.5,2.0,,1002.5,2.8,89.155,6.5,85669.0,3.0,0.5,1.5,2.5,4.0,2020.0,,,,
85716,16,30544.0,202.5,16285626.0,10.5,5.47,1532.0,1987.5,7.99,116897080.5,1.0,4.0,1350.0,5.47,76.5,7.0,85716.0,2.5,2.0,3.0,2.5,3.0,2016.0,94.65,85.0,7.5,
85737,21,25851.0,125.0,789492.0,15.0,5.15,1285.0,1991.0,7.45,116843058.0,1.0,5.0,1200.0,5.15,70.0,7.0,85737.0,2.0,1.0,3.0,2.0,3.0,2020.0,110.5,105.0,6.0,
85748,6,48920.5,135.0,16274002.0,13.0,5.37,1950.0,2008.0,6.66,115397207.0,1.0,7.0,1750.0,5.37,80.5,8.0,85748.0,2.5,2.0,2.0,2.5,3.5,2019.5,106.3,100.0,78.0,
85757,9,30735.0,150.0,16469385.0,9.0,5.79,1395.0,2004.0,8.61,116869356.0,1.0,6.5,1326.0,5.79,73.0,7.0,85757.0,2.0,2.0,3.0,2.0,3.0,2015.5,101.5,,1.0,
85758,1,35676.0,100.0,18453738.0,7.0,5.81,950.0,2020.0,8.61,116861180.0,1.0,9.0,850.0,5.81,42.0,6.0,85758.0,2.0,0.0,2.0,2.0,2.0,,,,,
85764,6,39196.5,200.0,7005534.5,18.0,5.845000000000001,1970.0,2018.5,7.63,115866335.5,1.0,9.0,1750.0,5.845000000000001,105.8,8.0,85764.0,3.5,2.0,2.0,3.5,4.5,2013.0,76.45,95.0,,86990.0
85774,4,15178.0,235.0,16508318.5,19.5,5.555,2085.0,1997.0,8.86,107114908.5,1.0,5.5,1835.0,5.53,104.5,8.0,85774.0,3.25,2.5,3.0,3.0,4.5,2017.5,122.2,,,
85777,1,43527.0,120.0,878890.0,14.0,4.7,770.0,1970.0,10.9,116604326.0,1.0,2.0,650.0,4.7,70.0,5.0,85777.0,3.0,2.0,,3.0,3.0,,170.02,,,
85778,3,31039.0,180.0,18449763.0,9.0,5.3,1460.0,1980.0,7.05,116914914.0,1.0,3.0,1270.0,5.3,93.0,7.0,85778.0,3.0,2.0,3.0,3.0,4.0,2012.0,93.45,,1.0,
8606,9,56728.0,100.0,8022577.0,7.0,3.35,330.0,1903.0,2.9,114737453.0,0.0,1.0,230.0,3.35,45.0,1.0,8606.0,2.0,2.0,3.0,2.0,2.0,2016.0,216.0,,1.0,
86150,29,26021.0,220.0,2343536.0,10.0,3.62,1037.5,1955.0,10.34,116701452.0,1.0,2.0,980.0,3.62,84.82,6.0,86150.0,3.0,3.0,4.0,3.0,4.0,2018.0,105.0,120.0,3.0,
86152,39,46072.0,180.0,15543496.0,10.0,3.62,1150.8600000000001,1968.5,10.34,115559141.0,1.0,2.0,870.0,3.62,73.0,6.0,86152.0,3.0,2.0,3.0,3.0,3.0,2017.0,126.95,100.0,4.0,
86153,27,35113.0,140.0,15681707.0,11.0,3.62,825.0,2015.5,10.34,115755842.0,1.0,8.5,647.04,3.62,52.0,5.0,86153.0,2.0,1.5,4.0,2.0,2.0,2018.0,56.2,40.44,1.0,
86154,9,38629.0,175.0,16934182.0,13.0,3.7,990.0,1954.0,11.63,116778014.0,1.0,2.0,780.0,3.7,75.0,5.0,86154.0,3.0,2.0,4.0,3.0,3.0,2020.0,142.6,150.0,2.5,
86156,11,34014.0,190.0,18080222.0,12.0,4.39,990.0,1995.0,11.25,116336946.0,1.0,5.0,950.0,4.39,62.0,6.0,86156.0,2.0,1.5,3.0,2.0,3.0,2018.0,91.5,50.0,5.0,
86157,14,21689.5,110.0,15653985.5,11.0,3.86,855.0,1950.0,10.04,116955471.5,1.0,1.0,772.5,3.86,64.0,5.0,86157.0,2.0,2.0,3.0,2.0,2.5,2018.0,108.35,77.5,1.5,
86159,23,34581.0,181.5,16848078.0,9.0,3.63,1210.0,1988.0,10.59,116415218.0,1.0,4.0,975.0,3.63,82.0,6.0,86159.0,2.0,2.0,4.0,2.0,4.0,2020.0,96.6,65.0,309.0,
86161,12,27041.0,125.0,8842479.5,8.5,4.5,869.96,1966.5,12.68,116887488.5,1.0,2.5,683.48,4.5,59.18,5.0,86161.0,2.25,2.0,4.5,2.0,2.0,2017.0,146.0,100.0,54.5,
86163,10,24771.0,145.0,12892995.5,4.0,4.08,1010.0,1969.0,10.75,115577827.5,1.0,2.0,700.0,4.08,72.43,5.0,86163.0,2.5,2.5,5.0,2.5,3.0,2018.5,110.0,62.0,1.0,
86165,7,46884.0,220.0,16934182.0,9.0,3.99,1200.0,1985.0,10.6,116446398.0,1.0,4.0,980.0,3.99,70.0,6.0,86165.0,3.0,1.5,3.0,3.0,3.0,2020.0,154.0,80.5,1.0,
86167,8,35367.0,100.0,8299858.0,7.5,3.99,595.0,1973.0,10.6,116678877.5,1.0,3.0,474.925,3.99,47.364999999999995,3.0,86167.0,1.5,2.0,3.0,1.5,2.0,2019.5,112.0,38.5,2.0,
86177,1,28488.0,110.0,18026266.0,7.0,5.41,910.0,2018.0,5.69,112287395.0,,9.0,800.0,5.41,21.0,5.0,86177.0,1.0,2.0,7.0,1.0,1.0,,,,,
86179,23,29624.0,166.0,15273558.0,7.0,3.87,1052.5,2019.0,10.38,116613214.0,1.0,9.0,900.0,3.87,75.0,6.0,86179.0,3.0,2.0,3.0,3.0,3.0,2019.0,51.6,90.0,65.0,78951.0
86199,20,16639.5,178.5,16345903.0,12.0,3.87,1030.0,1995.0,9.57,116908545.5,1.0,5.0,972.7,3.87,74.19,6.0,86199.0,3.0,2.0,3.0,3.0,3.0,2016.0,34.0,175.0,1.0,
8626,4,57700.5,135.0,9146475.5,8.5,3.44,373.75,1973.0,9.72,115704688.5,,3.0,264.75,3.44,52.9,1.0,8626.0,2.0,4.0,4.0,2.0,2.0,2017.0,72.0,,1.0,
86316,15,41030.0,200.0,16912153.0,11.0,5.02,1060.0,1999.0,6.16,116126732.0,1.0,5.0,860.0,5.02,90.0,6.0,86316.0,3.0,1.0,2.0,3.0,4.0,2018.5,145.6,100.0,2.5,
86343,6,30111.0,129.5,15918566.5,18.0,5.04,995.0,2005.0,11.82,116680098.5,1.0,6.0,877.0,5.04,86.5,5.5,86343.0,3.0,1.0,2.0,3.0,3.5,2019.5,123.85,85.0,20550.0,
86356,22,46637.0,185.0,8098808.5,7.0,5.22,1244.15,2017.0,12.14,116466656.0,1.0,9.0,927.5,5.22,87.33,6.0,86356.0,3.0,3.0,4.0,3.0,4.0,2020.0,113.8,114.0,1.0,
86368,15,22837.0,144.0,17961176.0,10.0,5.36,849.0,1994.0,11.08,116940257.0,1.0,5.0,700.0,5.36,66.5,5.0,86368.0,2.0,2.0,2.5,2.0,3.0,2018.0,106.4,80.0,,
86381,1,34582.0,200.0,17781733.0,4.0,4.03,790.0,2018.0,9.17,104956777.0,2.0,9.0,590.0,4.03,54.0,4.0,86381.0,2.5,2.0,,2.0,2.0,2018.0,,,,
86391,7,30137.0,150.0,12539775.0,10.0,5.14,950.0,1980.0,11.16,115421943.0,1.0,3.0,800.0,5.14,90.0,5.0,86391.0,3.0,1.0,2.0,3.0,4.0,2020.0,115.3,60.0,50334.5,
86399,8,26427.0,205.0,17925520.0,10.5,4.98,1097.5,1982.5,11.01,115498525.0,1.0,4.0,872.5,4.98,79.5,5.5,86399.0,3.0,2.0,3.0,3.0,3.0,2018.0,111.55000000000001,,,
86405,5,40416.0,150.0,15721693.0,8.0,4.66,930.0,1999.0,10.4,111907258.0,1.0,5.0,780.0,4.66,81.5,5.0,86405.0,3.0,1.0,2.0,3.0,4.0,2014.5,85.6,150.0,,
86415,9,19778.0,140.0,16728977.0,10.0,5.09,985.25,2004.0,5.96,110699172.0,1.0,6.5,870.2,5.09,67.1,6.0,86415.0,2.0,1.5,3.0,2.0,3.0,2017.0,79.5,60.0,,
8642,1,54181.0,97.0,5761088.0,5.0,1.91,341.0,1930.0,1.19,116047578.0,,1.0,244.0,1.91,48.71,1.0,8642.0,2.0,1.0,2.0,2.0,2.0,,193.95,,,
86420,4,42721.5,115.0,17032110.5,9.0,4.77,700.0,1993.0,10.52,116225300.5,0.5,5.0,590.0,4.77,59.5,3.5,86420.0,2.0,1.0,2.5,2.0,2.5,2019.5,123.4,,,
86424,4,73159.0,150.0,11683578.0,10.5,4.26,1150.0,2018.0,8.67,114706514.5,1.0,9.0,885.0,4.26,119.0,6.0,86424.0,4.25,1.0,2.0,4.0,5.0,2019.0,93.7,80.0,,
86438,2,5064.5,250.0,18629554.5,6.5,4.8,1175.0,1987.0,6.36,117320931.5,1.0,4.0,925.0,4.8,88.0,6.0,86438.0,3.0,2.5,2.5,3.0,4.0,2008.5,156.0,,,
86444,3,17377.0,150.0,16934182.0,8.0,5.39,1200.0,1999.5,5.64,117097652.0,1.0,5.5,1030.0,5.39,110.0,7.0,86444.0,2.0,2.0,2.5,2.0,5.0,2020.0,89.5,,1.0,
86447,4,6989.0,140.0,17706068.5,14.5,4.13,770.0,1966.0,5.96,115509668.5,1.5,2.0,670.0,4.13,80.0,5.0,86447.0,3.0,1.0,2.0,3.0,3.0,2019.0,104.4,,,
8645,11,70761.0,102.5,5394580.0,9.0,3.5,420.0,1988.0,5.48,114967510.0,1.0,4.0,320.0,3.5,59.0,2.0,8645.0,3.0,2.0,3.0,3.0,2.0,2018.5,79.0,55.0,0.0,
86450,3,40841.0,170.0,15865301.0,6.0,5.72,870.0,2019.0,7.52,116163313.0,1.0,9.0,700.0,5.72,84.15,5.0,86450.0,3.0,1.0,2.0,3.0,4.0,2020.0,,,,
86453,1,30337.0,100.0,16020690.0,13.0,4.13,519.0,2003.0,6.42,116954771.0,1.0,6.0,419.0,4.13,30.0,3.0,86453.0,1.0,,,1.0,1.0,,,,,
86456,2,16435.5,127.5,16531143.5,6.0,4.95,1190.0,2020.0,9.02,117093857.5,1.5,9.0,1062.5,4.95,90.0,6.5,86456.0,2.5,1.5,2.0,2.5,4.0,,,,,
86459,1,74270.0,120.0,15403575.0,8.0,5.21,1215.0,2018.0,11.87,114648426.0,2.0,9.0,995.0,5.21,102.65,6.0,86459.0,3.0,1.0,2.0,3.0,5.0,,52.4,100.0,,
86462,6,10017.5,167.5,18259228.5,5.5,5.16,880.0,2020.0,10.07,117235440.5,1.0,9.0,677.5,5.16,67.0,5.0,86462.0,2.5,2.0,2.0,2.5,3.0,2017.0,51.605,80.0,,
86465,1,73241.0,150.0,2131446.0,8.0,4.49,1070.0,1985.0,9.79,114754972.0,,4.0,770.0,4.49,96.0,5.0,86465.0,4.0,,,4.0,4.0,2015.0,104.5,150.0,,
86470,1,23226.0,300.0,849573.0,1.0,4.69,1350.0,1984.0,9.34,116050673.0,1.0,4.0,1050.0,4.69,168.5,7.0,86470.0,6.0,1.0,2.0,5.0,7.0,,,,,
86476,1,43156.0,200.0,15833467.0,17.0,3.06,1060.0,1991.0,5.97,116610019.0,1.0,5.0,860.0,3.06,150.0,6.0,86476.0,3.5,0.0,,3.0,6.0,,127.4,,,
8648,1,56338.0,100.0,15614422.0,13.0,2.57,385.0,1890.0,2.21,115930554.0,,1.0,265.0,2.57,56.7,1.0,8648.0,2.0,3.0,3.0,2.0,2.0,1996.0,,,2000.0,
86492,1,8986.0,200.0,18061517.0,25.0,5.71,950.0,2002.0,,106891079.0,,6.0,750.0,,75.0,5.0,86492.0,3.0,1.0,1.0,3.0,3.0,2018.0,64.8,,,
86495,3,21418.0,100.0,5394580.0,13.0,4.19,1200.0,1973.0,9.21,117050125.0,1.5,3.0,1100.0,4.19,106.0,7.0,86495.0,4.0,2.0,1.0,4.0,5.0,2014.0,134.6,50.0,1.0,
86498,2,19525.0,200.0,17792296.5,10.5,4.95,912.5,1984.5,11.16,117096656.0,1.0,4.0,667.5,4.95,90.25,4.0,86498.0,3.0,1.0,1.0,3.0,4.0,2020.0,187.5,,,
86504,2,22653.5,107.5,16503102.0,12.0,5.15,887.5,1993.0,6.2,108521648.5,1.0,5.0,780.0,4.24,79.0,5.0,86504.0,2.5,1.0,1.0,2.5,3.5,2017.0,,,,
86507,1,8956.0,130.0,17028238.0,2.0,4.62,690.0,2015.0,,85038586.0,1.0,8.0,560.0,,69.0,4.0,86507.0,2.0,0.0,2.0,2.0,3.0,,15.9,,2.0,
86508,2,16953.5,152.5,17540181.0,7.0,3.575,865.0,2018.0,2.46,117146459.5,,9.0,740.0,3.575,76.81,5.0,86508.0,2.75,0.0,,2.5,3.0,2018.0,,,,
86517,1,45333.0,125.0,5768143.0,10.0,5.26,865.0,1963.0,8.83,116546124.0,,2.0,740.0,5.26,76.0,5.0,86517.0,3.0,2.0,0.0,3.0,3.0,,270.9,,,
86529,14,34929.5,150.0,14850066.5,11.0,1.73,950.0,2017.0,2.85,116861745.0,1.0,8.5,795.0,1.73,80.0,5.0,86529.0,2.5,1.0,2.0,2.5,3.0,2016.0,72.0,,900.0,
86551,8,8931.5,145.0,16150491.5,8.5,4.734999999999999,880.0,2013.0,5.53,108189580.5,1.0,8.0,744.5,4.42,82.0,5.0,86551.0,3.0,2.0,2.0,3.0,3.5,2016.0,101.925,85.775,2.5,
86554,1,84002.0,200.0,17102857.0,11.0,5.03,1100.0,,4.85,112265671.0,,,900.0,5.03,110.0,6.0,86554.0,4.0,,,4.0,5.0,,,,,
86558,5,45210.0,200.0,3764445.0,9.0,2.83,1127.5,1990.0,6.12,116547915.0,2.0,4.0,890.0,2.83,105.0,6.0,86558.0,4.0,1.5,2.0,4.0,5.0,2019.0,139.4,,,
86561,3,23955.0,140.0,17881243.0,10.0,1.6,895.0,1976.0,2.96,117022520.0,1.0,3.0,730.0,1.6,95.0,5.0,86561.0,3.0,1.0,1.5,3.0,4.0,2018.0,93.5,,,
86564,2,42772.5,265.0,320089.0,11.5,3.48,1130.0,1994.0,-5.19,116318142.0,2.0,5.0,815.0,3.48,120.0,5.5,86564.0,4.0,1.0,2.0,4.0,5.5,2020.0,112.0,,,
86567,3,37056.0,150.0,442910.0,12.0,6.13,849.5,1983.0,6.65,116811927.0,1.0,4.0,799.0,6.13,77.0,5.0,86567.0,3.0,1.5,2.5,3.0,3.0,2009.0,55.5,,54.0,
86579,1,28759.0,200.0,17296132.0,14.0,0.74,1000.0,2003.0,,89472209.0,1.0,6.0,800.0,0.74,105.0,5.0,86579.0,3.0,1.0,1.0,3.0,5.0,,,,,
86609,7,20724.0,200.0,18050969.0,9.0,2.94,1060.0,1973.0,5.21,117058582.0,1.0,3.0,850.0,2.94,84.0,6.0,86609.0,3.0,0.5,2.0,3.0,4.0,2017.0,147.4,,,
86633,25,34696.0,163.0,16025496.0,12.0,1.78,1017.5,1990.0,4.6,115576210.0,1.0,4.0,840.0,1.78,85.0,6.0,86633.0,3.0,1.0,2.0,3.0,4.0,2017.0,118.8,51.0,0.0,
86637,2,15049.5,161.5,16836112.5,17.0,3.4850000000000003,801.5,2016.0,4.49,104822556.5,1.0,8.5,640.0,4.07,64.875,4.5,86637.0,2.25,1.5,3.0,2.0,2.5,,87.3,,,72920.0
86641,5,5242.0,125.0,15503358.0,9.0,2.99,800.0,2007.0,5.52,117286030.0,3.0,7.0,695.0,2.99,86.85,5.0,86641.0,3.0,1.0,,3.0,4.0,2020.0,63.05,,,
86643,1,2081.0,50.0,15716904.0,15.0,3.57,510.0,,,64951990.0,1.0,,400.0,,62.0,2.0,86643.0,3.0,1.0,1.0,3.0,3.0,,,60.0,,
86657,1,35532.0,135.0,645737.0,4.0,4.62,1055.0,2018.0,,116866001.0,2.0,9.0,920.0,4.62,89.87,6.0,86657.0,3.0,0.0,,3.0,4.0,,81.9,,2.0,
86660,3,11744.0,150.0,18626538.0,2.0,1.5,1250.0,2019.0,6.06,117192337.0,1.0,9.0,990.0,1.5,110.0,6.0,86660.0,4.0,0.5,1.5,4.0,5.0,2009.0,,,,
86663,2,38534.0,170.0,18081072.0,9.5,2.95,795.0,1990.0,4.62,112545209.0,1.0,4.0,625.0,2.95,67.5,4.0,86663.0,2.0,2.0,2.0,2.0,3.0,,,,,
86666,1,5271.0,200.0,15503358.0,7.0,,,1978.0,,75678318.0,1.0,3.0,700.0,,115.0,5.0,86666.0,4.0,,,4.0,5.0,,212.5,,,
86668,1,2663.0,120.0,937954.0,11.0,0.95,790.0,2019.0,4.19,111368252.0,2.0,9.0,620.0,0.95,60.0,5.0,86668.0,2.0,3.0,3.0,2.0,2.0,,14.0,,2.0,
86669,6,3177.0,140.0,18626710.0,7.0,1.76,780.0,2020.0,4.55,117200220.5,1.0,9.0,655.0,1.76,76.365,4.5,86669.0,2.5,1.0,2.0,2.5,3.5,,,,,
86673,1,47530.0,110.0,8135981.0,10.0,1.51,1020.0,1970.0,2.89,66090163.0,1.0,2.0,840.0,1.51,115.0,6.0,86673.0,4.0,3.0,3.0,4.0,5.0,2012.0,,,,
86681,1,19182.0,140.0,16916788.0,7.0,,830.0,,,117074384.0,,,690.0,,85.0,5.0,86681.0,4.0,,,4.0,4.0,2020.0,,,,
86687,1,39802.0,50.0,17675389.0,17.0,1.67,700.0,2008.0,0.41,116752341.0,,7.0,650.0,1.67,60.0,5.0,86687.0,2.0,1.0,2.0,2.0,2.0,2019.0,40.0,,,
86697,2,25848.0,130.0,15284279.5,11.0,2.275,999.0,2016.5,3.53,117002549.5,,8.5,825.0,2.275,82.5,5.5,86697.0,3.25,1.0,1.0,3.0,3.5,2019.0,26.0,,0.0,
86706,3,46032.0,240.0,2693253.0,20.0,1.98,1250.0,1980.0,3.03,112716766.0,1.0,3.0,950.0,1.98,120.0,6.0,86706.0,5.0,2.0,2.0,5.0,5.0,2016.0,93.4,,2.0,
86707,1,188.0,80.0,18628444.0,0.0,5.8,410.0,1956.0,7.66,117273343.0,,2.0,330.0,5.8,44.0,2.0,86707.0,1.0,2.0,2.0,1.0,2.0,2017.0,,,,
86720,9,22013.0,180.0,17063010.0,9.0,2.88,870.0,1849.5,5.71,116677262.0,1.0,3.0,710.0,2.88,84.0,5.0,86720.0,3.5,2.0,3.5,3.0,4.0,2019.0,,,,
86732,1,28394.0,110.0,5441497.0,19.0,5.17,490.0,1996.0,,73308911.0,1.0,5.0,380.0,,39.0,2.0,86732.0,2.5,2.0,2.0,2.0,1.0,2011.0,,,,
86757,1,27800.0,150.0,18478171.0,4.0,3.9,1130.0,,1.0,116982810.0,,,980.0,3.9,145.0,6.0,86757.0,4.0,,,4.0,6.0,,,,,
86807,4,15305.0,118.0,9024871.5,7.5,5.49,1033.0700000000002,1952.0,10.6,117132716.5,1.0,2.0,779.5699999999999,5.49,78.94,5.5,86807.0,3.25,3.0,4.0,3.0,3.0,2014.5,62.0,189.0,364706.0,
86825,21,61476.0,185.0,14245398.0,10.0,5.21,950.0,2004.0,11.22,115572170.0,1.0,6.5,750.0,5.21,84.0,5.0,86825.0,2.0,2.0,3.0,2.0,4.0,2019.0,113.2,140.0,12.0,
86830,12,33630.0,187.5,15749162.0,7.5,5.24,1030.0,2003.0,11.87,116762396.5,1.0,6.0,935.0,5.24,95.69,6.0,86830.0,3.75,1.0,3.0,3.5,4.0,2020.0,103.75,,244.0,
86833,1,69951.0,172.0,18207724.0,23.0,3.94,1282.0,2019.0,10.07,111993511.0,1.0,9.0,936.0,3.94,115.0,6.0,86833.0,3.0,2.0,3.0,3.0,5.0,,22.0,174.0,,
86836,5,17212.0,180.0,17014873.0,11.0,5.07,1330.0,2017.0,10.84,117099168.0,2.0,9.0,1030.0,5.07,116.11,7.0,86836.0,3.0,1.0,2.0,3.0,5.0,2010.5,36.54,60.0,,
86842,1,21240.0,230.0,17339984.0,7.0,4.06,1220.0,1966.0,10.36,106920745.0,,2.0,990.0,4.06,105.5,6.0,86842.0,3.0,1.0,4.0,3.0,5.0,2018.0,,,,
86845,1,29828.0,0.0,16934182.0,11.0,4.41,1200.0,1900.0,,89007275.0,,1.0,1200.0,,110.0,7.0,86845.0,3.0,2.0,,3.0,5.0,,133.0,,1.0,
86857,1,74116.0,190.0,15735565.0,8.0,2.0,910.0,1968.0,4.6,114664453.0,1.0,2.0,720.0,2.0,88.9,5.0,86857.0,4.0,1.0,,4.0,4.0,,340.72,,10.0,
86859,1,13603.0,150.0,17027126.0,9.0,3.7,920.0,1977.0,5.56,117022582.0,1.0,3.0,770.0,3.7,104.0,5.0,86859.0,4.0,2.0,3.0,4.0,5.0,2020.0,,,,
86875,1,17258.0,380.0,16030136.0,21.0,5.42,,2020.0,6.14,115414994.0,2.0,9.0,1900.0,5.42,190.0,8.0,86875.0,5.0,,3.0,5.0,7.0,,,,8.0,
86877,1,17091.0,160.0,633563.0,4.0,5.11,750.0,1997.0,,117099846.0,1.0,5.0,560.0,5.11,74.58,4.0,86877.0,3.0,1.0,2.0,3.0,3.0,,83.0,,1.0,
86899,21,29144.0,180.0,16848519.0,10.0,4.13,1280.0,1989.5,9.33,116824686.0,1.0,4.5,1050.0,4.13,100.0,7.0,86899.0,3.0,2.0,2.5,3.0,4.0,2020.0,52.9,120.0,1.0,
86911,5,14619.0,150.0,18322435.0,9.0,3.79,1400.0,1965.0,6.56,116879482.0,1.0,2.5,1200.0,3.79,98.0,7.0,86911.0,3.0,0.5,0.5,3.0,4.0,2019.0,144.7,120.0,,
86916,5,69003.0,120.0,1016422.0,9.0,4.39,693.75,2019.0,9.06,115195941.0,1.0,9.0,620.0,4.39,38.0,5.0,86916.0,1.0,1.5,2.0,1.0,1.0,,24.8,50.0,6.0,
86920,2,45352.5,,429064.0,1.0,3.46,,2020.0,4.88,116546202.5,1.0,9.0,705.0,3.46,72.0,5.0,86920.0,3.0,,,3.0,3.0,,,,1.0,
86922,2,15114.5,219.0,9229719.0,12.5,2.34,838.0,1999.0,6.46,117133628.0,2.0,6.0,837.0,2.34,95.5,6.0,86922.0,3.0,1.0,2.0,3.0,4.5,2019.0,114.0,,8.0,
86925,4,25463.0,185.0,9505130.5,10.5,3.8,950.0,1965.0,7.64,117006052.5,1.0,2.0,842.5,3.8,96.0,6.0,86925.0,3.0,2.0,2.0,3.0,4.0,2014.0,44.3,,1.0,
86926,3,30456.0,150.0,17289011.0,4.0,2.92,1230.0,2002.0,6.805,114851857.0,1.5,6.0,1050.0,2.63,95.0,7.0,86926.0,2.5,1.0,2.5,2.0,4.0,2011.0,,80.0,,
86931,1,45020.0,200.0,15795414.0,18.0,4.05,1300.0,1987.0,9.57,116550649.0,1.0,4.0,1100.0,4.05,97.5,7.0,86931.0,3.0,,,3.0,4.0,2020.0,,,,
86938,1,4068.0,200.0,18629914.0,10.0,3.59,1600.0,1972.0,7.34,117334476.0,2.0,3.0,1400.0,3.59,90.0,7.0,86938.0,4.5,1.0,1.0,4.0,4.0,,,,,
86946,1,56956.0,150.0,18194823.0,16.0,3.18,1125.0,,7.65,109211861.0,2.0,,975.0,3.18,133.0,6.0,86946.0,4.0,1.0,2.0,4.0,6.0,2018.0,,,,
86949,1,30519.0,160.0,368809.0,11.0,3.9,815.0,2001.0,,89372825.0,2.0,6.0,675.0,,71.0,5.0,86949.0,3.0,1.0,2.0,3.0,3.0,,106.9,,33.0,
86956,5,40301.0,100.0,16815600.0,10.0,4.17,470.0,1959.0,10.22,88029631.0,1.0,2.0,370.0,4.28,53.35,2.0,86956.0,2.0,1.0,2.0,2.0,2.0,2019.0,202.35,,,
86971,2,44745.0,165.0,17003463.0,9.5,3.79,960.0,1930.0,8.53,116316332.5,1.0,1.0,795.0,3.79,75.0,5.5,86971.0,2.5,,,2.5,3.0,,91.1,,,
86972,1,44459.0,250.0,15502838.0,8.0,3.3,1180.0,1972.0,8.49,116566212.0,1.0,3.0,900.0,3.3,148.0,6.0,86972.0,4.0,,,4.0,6.0,,164.1,,,
86983,4,42383.0,155.0,8443608.0,5.5,4.87,907.5,1963.0,9.75,114669531.0,1.0,2.0,647.5,4.87,73.5,4.5,86983.0,2.5,1.5,1.5,2.5,3.5,2020.0,250.3,70.0,53000.0,
86984,1,37898.0,150.0,17129615.0,20.0,4.76,900.0,,10.1,89091655.0,1.0,,750.0,4.76,93.0,5.0,86984.0,4.0,,,4.0,4.0,,,,,
86987,3,59734.0,,429064.0,4.0,2.88,,2019.0,5.19,115704492.0,1.0,9.0,880.0,2.88,95.0,6.0,86987.0,3.0,1.0,,3.0,4.0,,,,1.0,
86989,1,36733.0,150.0,18236998.0,15.0,3.5,950.0,1959.0,11.75,111358245.0,1.0,2.0,800.0,3.5,91.0,5.0,86989.0,5.0,0.0,2.0,5.0,4.0,2017.0,,,,
87435,10,31805.5,112.5,18422891.0,11.5,4.21,1050.0,1995.0,8.77,116929648.5,1.0,5.0,995.0,4.21,64.0,6.0,87435.0,2.0,3.0,4.0,2.0,3.0,2019.5,90.0,,1.0,
87437,8,32078.0,121.0,16716464.5,7.5,4.21,945.0,1981.0,8.969999999999999,116925352.0,1.0,4.0,875.0,4.21,55.0,6.0,87437.0,2.0,3.0,2.0,2.0,2.5,2020.0,106.0,41.0,1.0,
87439,8,32083.5,112.5,11643954.5,9.5,4.21,863.5,1969.0,8.77,116925360.5,1.0,2.0,865.0,4.21,75.675,6.0,87439.0,2.75,1.0,4.0,2.5,3.0,,114.0,72.5,1.0,
87448,2,13650.0,270.0,17566324.5,19.0,6.88,1595.0,2019.0,10.69,112999534.0,2.5,9.0,1275.0,6.88,123.4,7.0,87448.0,4.0,1.5,3.5,4.0,6.0,,,,3.0,60382.0
87452,2,23540.0,136.5,9521961.0,7.5,4.904999999999999,1271.5,1994.5,9.07,116962074.5,1.0,5.5,1117.5,4.904999999999999,83.00999999999999,7.0,87452.0,3.0,1.0,1.0,3.0,3.5,,225.0,,1.5,
87459,1,425.0,360.0,18576642.0,19.0,3.93,2087.0,1993.0,9.14,115659842.0,1.0,5.0,1727.0,3.93,157.0,8.0,87459.0,4.0,2.0,3.0,4.0,7.0,,,,,
87463,3,31804.0,175.0,18357154.0,14.0,5.17,1070.0,1991.0,11.01,116929677.0,1.0,5.0,895.0,5.17,92.0,6.0,87463.0,3.0,1.0,2.0,3.0,4.0,2018.0,74.8,,1.0,
87466,2,16467.5,140.0,18022176.5,10.5,4.865,920.0,2012.5,8.469999999999999,114852964.5,1.0,8.0,780.0,4.865,83.0,5.5,87466.0,2.5,2.0,2.0,2.5,3.5,,40.9,,,
87471,2,45252.0,240.0,16290173.0,18.5,5.455,1375.0,1950.0,11.12,110770108.0,1.5,3.0,1135.0,5.455,129.5,6.5,87471.0,3.5,1.0,0.0,3.5,5.5,2011.0,114.6,,,
87474,1,68897.0,290.0,5366860.0,24.0,4.87,,1972.0,8.09,115201697.0,,3.0,1310.0,4.87,152.0,7.0,87474.0,7.0,,,5.0,7.0,,175.2,,,
87484,1,6480.0,110.0,16384482.0,3.0,5.23,440.0,,8.52,117309879.0,,,330.0,5.23,43.0,2.0,87484.0,1.0,1.0,2.0,1.0,2.0,2015.0,,,,
87490,1,16283.0,200.0,18620088.0,7.0,4.2,1250.0,2020.0,10.72,116998977.0,2.0,9.0,1050.0,4.2,106.0,7.0,87490.0,4.0,2.0,2.0,4.0,5.0,,43.0,,,
87497,2,26182.0,120.0,10679559.5,11.5,3.5149999999999997,805.0,1975.0,,97983057.5,2.0,3.0,685.0,,77.5,5.0,87497.0,3.0,2.0,2.5,2.5,3.0,2015.0,,,,
87509,6,43064.5,220.0,16638018.0,14.5,5.51,1515.0,1982.0,9.26,115346751.5,1.5,4.0,1280.0,5.51,121.0,7.0,87509.0,3.25,2.0,3.0,3.0,5.5,2019.0,110.5,,1.0,
87527,7,15396.0,105.0,16226368.0,9.0,4.77,950.0,1990.5,10.53,114651081.0,1.0,4.5,800.0,4.77,85.0,5.0,87527.0,3.0,1.0,3.0,3.0,4.0,2013.5,83.4,107.5,832504.0,
87534,5,58163.0,200.0,16198168.0,22.0,4.22,970.0,2003.0,9.79,115635807.0,1.0,6.0,840.0,4.22,86.62,6.0,87534.0,3.0,1.0,3.0,3.0,4.0,2017.5,87.25,,,
87538,3,22713.0,160.0,17853338.0,14.0,5.68,880.0,1985.0,8.85,109635599.0,1.0,4.0,720.0,5.68,69.0,5.0,87538.0,2.0,1.0,3.0,2.0,3.0,2019.0,84.4,,,
87547,1,60162.0,100.0,16955216.0,6.0,5.93,660.0,1990.0,9.12,115688323.0,1.0,4.0,560.0,5.93,50.0,4.0,87547.0,2.0,,,2.0,2.0,,,,,
87549,1,20834.0,100.0,18012490.0,12.0,4.64,850.0,1970.0,9.27,105980696.0,1.0,2.0,850.0,4.64,90.0,6.0,87549.0,3.0,1.0,2.0,3.0,4.0,2019.0,,,,
87561,2,35536.0,167.0,16605092.5,6.0,4.67,786.0,1970.0,11.28,116852880.0,1.0,2.5,681.0,4.67,42.0,5.0,87561.0,1.5,1.0,3.0,1.5,1.5,2010.0,,,,
87600,18,38324.0,130.0,7324289.5,9.5,4.5,850.0,1981.0,9.98,116633461.5,1.0,3.5,660.1,4.5,78.72999999999999,5.0,87600.0,3.0,2.0,3.0,3.0,3.0,2018.0,120.55,130.0,1.0,
87616,2,25316.0,125.0,16392635.5,23.5,4.12,1270.0,1987.0,11.65,109578768.5,2.0,5.0,1145.0,5.01,107.75,6.5,87616.0,3.0,1.0,2.0,3.0,5.0,2020.0,181.1,,,
87629,5,32367.0,170.0,18422891.0,9.0,4.78,897.5,1958.5,9.41,116921074.0,1.0,2.0,720.0,4.78,70.0,5.0,87629.0,3.0,2.0,3.0,3.0,3.0,,103.0,95.0,50.0,
87634,1,18642.0,,429064.0,5.0,3.13,,1977.0,14.43,109788766.0,,3.0,360.0,3.13,48.0,2.0,87634.0,2.0,2.0,,2.0,2.0,,106.0,,,
87645,2,31989.5,165.0,688072.0,18.5,4.88,,1882.5,10.11,116863735.0,1.0,1.5,560.0,4.88,67.0,4.0,87645.0,2.0,1.0,2.0,2.0,2.5,,107.3,,99.0,
87648,1,20762.0,100.0,17255996.0,0.0,3.53,400.0,,11.37,117056089.0,1.0,,300.0,3.53,45.0,1.0,87648.0,1.0,3.0,3.0,1.0,2.0,,,,,
87653,1,40561.0,150.0,32052.0,18.0,5.7,1050.0,2015.0,11.04,116733070.0,,8.0,900.0,5.7,128.7,6.0,87653.0,4.0,2.0,2.0,4.0,6.0,,65.9,,,
87656,1,59664.0,,429064.0,8.0,4.81,,1996.0,13.23,115713030.0,1.0,5.0,725.0,4.81,85.0,5.0,87656.0,3.0,,,3.0,4.0,,59.1,,1.0,
87665,1,10562.0,180.0,15625347.0,13.0,4.74,1010.0,1989.0,7.55,117053503.0,2.0,4.0,830.0,4.74,93.0,6.0,87665.0,3.0,1.0,1.0,3.0,4.0,,,,,
87700,20,16981.5,200.0,16102399.0,10.0,4.59,930.0,1981.0,5.17,117076194.0,1.0,4.0,760.0,4.59,91.5,5.5,87700.0,3.25,1.0,2.0,3.0,4.0,2018.5,116.0,108.0,4711.0,
87719,4,39276.0,200.0,18353582.5,13.0,4.7,1000.0,1952.0,10.73,115688022.0,1.0,3.5,792.5,4.7,89.35,5.5,87719.0,3.25,2.0,3.0,3.0,4.0,2018.0,137.3,,1.0,
87724,2,16897.5,152.5,18272554.5,3.5,4.585,910.0,1995.0,9.21,110614474.5,1.5,6.0,757.5,5.0,87.125,5.5,87724.0,3.0,2.0,3.0,3.0,3.5,2020.0,,,,
87727,1,26812.0,,15732754.0,4.0,3.39,,1955.0,,82608113.0,1.0,2.0,339.0,,39.0,2.0,87727.0,1.0,1.0,3.0,1.0,1.0,2012.0,107.2,,,
87730,1,20890.0,200.0,16698803.0,21.0,4.04,1150.0,1974.0,8.17,117055135.0,2.0,3.0,950.0,4.04,130.0,6.0,87730.0,4.5,,,4.0,6.0,,,,,
87739,3,77144.0,220.0,3866343.0,9.0,5.06,920.0,1870.0,8.67,114217105.0,1.5,1.0,750.0,5.06,110.0,5.0,87739.0,3.0,1.0,2.0,3.0,5.0,2020.0,136.0,,,
87742,1,5851.0,180.0,15567881.0,6.0,3.33,920.0,1999.0,6.19,117317933.0,,5.0,740.0,3.33,101.0,5.0,87742.0,3.0,2.0,2.0,3.0,5.0,2019.0,,,,
87757,1,11752.0,160.0,17392279.0,35.0,5.57,1050.0,,6.17,117189546.0,,,890.0,5.57,130.0,6.0,87757.0,5.0,2.0,2.0,5.0,6.0,2017.0,207.4,,,
87758,1,23809.0,130.0,16377854.0,14.0,7.85,785.0,1980.0,,117023393.0,1.0,3.0,655.0,7.85,73.0,5.0,87758.0,2.0,1.0,1.0,2.0,3.0,2020.0,88.0,,,
87766,1,27226.0,200.0,16411629.0,9.0,3.76,1150.0,,8.46,116890266.0,2.0,,950.0,3.76,125.0,6.0,87766.0,4.0,1.0,2.0,4.0,6.0,2020.0,,,8.0,
87784,1,62411.0,360.0,459765.0,10.0,3.65,,,9.94,115600147.0,3.0,,1540.0,3.65,192.0,8.0,87784.0,6.0,2.0,,5.0,7.0,,,,,
87787,1,11292.0,100.0,18591326.0,8.0,2.94,500.0,1975.0,12.24,117208281.0,,3.0,400.0,2.94,48.0,2.0,87787.0,2.0,2.0,2.0,2.0,2.0,2020.0,,,,
88045,13,16501.0,130.0,15929460.0,9.0,2.31,745.0,1973.0,8.0,116962842.0,1.0,3.0,625.0,2.31,66.0,5.0,88045.0,2.5,2.0,3.0,2.0,3.0,2014.0,108.5,65.0,1.0,
88046,7,40268.0,190.0,14562011.0,8.0,2.31,1000.0,1971.0,8.0,116737155.0,1.0,3.0,800.0,2.31,83.0,5.0,88046.0,3.0,2.0,5.5,3.0,4.0,2017.5,96.0,128.0,3.0,
88048,8,19183.5,155.0,16915754.0,17.0,2.31,1250.0,2017.5,8.0,117083943.0,1.0,9.0,1167.5,2.31,83.5,7.0,88048.0,3.0,3.0,3.5,3.0,3.5,,43.4,,4.0,
88069,5,29500.0,210.0,17338209.0,12.0,1.97,1225.0,2020.0,7.33,116941546.0,1.0,9.0,1050.0,1.97,96.0,7.0,88069.0,3.0,1.0,2.5,3.0,4.0,2014.5,52.2,,1.0,
88079,5,38976.0,200.0,16955631.0,8.0,3.5,2000.0,2016.0,7.7,116168547.0,2.0,9.0,1680.0,3.5,103.0,8.0,88079.0,3.0,0.0,3.5,3.0,5.0,,7.5,,5.0,
88085,6,34196.0,220.0,16845776.5,9.5,2.53,1060.0,1993.0,8.47,115345875.0,1.0,5.0,915.0,2.53,70.4,6.5,88085.0,2.5,1.0,3.0,2.0,3.0,2016.5,14.3,,3.0,
88090,8,18893.0,200.0,10937245.5,6.5,2.11,1160.0,1978.0,7.12,116948908.0,1.0,3.5,965.0,2.11,87.0,6.0,88090.0,3.0,2.0,3.0,3.0,4.0,2020.0,58.85,,1862381342.0,
88131,19,31894.0,175.0,17349754.0,11.0,3.12,1190.0,1998.0,7.21,115714101.0,1.0,5.0,1140.0,3.12,86.4,7.0,88131.0,3.0,1.0,3.0,3.0,4.0,2019.0,36.6,,2.0,
88138,1,21748.0,180.0,18570530.0,8.0,3.14,1410.0,2019.0,5.57,115568041.0,2.0,9.0,1230.0,3.14,101.0,7.0,88138.0,3.0,1.0,3.0,3.0,5.0,,,,,
88142,3,36850.0,265.0,14544077.0,5.0,2.65,1438.0,2013.0,5.54,116824581.0,2.0,8.0,1240.0,2.65,102.3,7.0,88142.0,3.5,-0.5,3.0,3.0,5.0,2019.0,48.45,25.0,,
88147,1,32284.0,200.0,16907570.0,7.0,2.17,950.0,1981.0,8.35,116921842.0,1.0,4.0,750.0,2.17,65.0,5.0,88147.0,2.0,1.0,3.0,2.0,3.0,2019.0,,,,
88149,2,34054.5,175.0,15967972.0,11.5,2.71,1600.0,2013.0,6.44,116659985.0,1.5,8.0,1415.0,2.71,105.0,7.0,88149.0,3.25,0.0,2.0,3.0,4.5,,18.9,100.0,,
88161,1,9198.0,95.0,17144361.0,6.0,3.71,790.0,,5.79,117270984.0,1.0,,695.0,3.71,78.0,5.0,88161.0,3.0,2.0,5.0,3.0,3.0,,,,,
88167,2,14617.0,230.0,18496876.5,17.0,3.115,1052.5,2004.5,6.4,117165041.0,1.0,6.5,822.5,3.115,96.0,5.5,88167.0,3.0,2.0,2.0,3.0,4.5,2015.0,,,,
88171,1,31489.0,250.0,12618695.0,21.0,3.61,,1910.0,5.55,116934691.0,,1.0,1050.0,3.61,148.0,7.0,88171.0,5.0,2.0,4.0,5.0,6.0,2018.0,,,20.0,
88212,10,44921.0,225.0,17410986.5,7.5,4.11,970.0,2020.0,7.94,116237230.5,1.0,9.0,1150.0,4.11,95.6,7.0,88212.0,3.25,1.0,3.0,3.0,4.0,2018.5,75.4,,11.5,
88213,7,11924.0,200.0,17657760.0,13.0,4.11,890.0,1996.5,7.94,113609652.0,1.0,5.5,690.0,4.11,70.0,5.0,88213.0,2.0,2.0,2.5,2.0,3.0,2018.0,66.0,,2.0,
88214,6,42988.5,130.0,10906554.0,9.5,4.11,1060.0,2008.0,7.94,116589675.5,2.0,7.0,1260.0,4.11,115.5,7.0,88214.0,4.25,2.0,2.0,4.0,5.5,2019.0,68.4,,3.0,
88239,4,35268.0,219.0,629891.5,11.0,4.62,935.0,2017.0,8.78,115493594.0,1.0,9.0,1129.5,4.62,110.0,7.0,88239.0,3.5,2.5,1.5,3.5,5.0,,15.3,,,
88250,6,26824.0,175.0,18365882.0,10.5,4.55,1270.0,2009.0,7.91,116959168.0,1.5,7.0,960.0,4.55,87.0,6.5,88250.0,3.25,1.0,3.0,3.0,3.5,2016.5,74.0,,,
88260,1,22035.0,300.0,311427.0,21.0,4.41,,2001.0,5.99,117041736.0,2.0,6.0,1200.0,4.41,172.0,7.0,88260.0,6.0,0.0,1.0,5.0,7.0,,129.6,,,
88263,2,32467.5,145.0,15183341.0,15.5,4.17,1348.0,2013.0,8.04,93432684.0,2.0,8.0,1165.5,4.17,139.5,7.0,88263.0,5.0,1.0,,4.5,6.0,,,75.0,,
88271,2,21205.5,120.0,14220066.0,10.0,5.11,450.0,1900.0,7.72,117052336.5,,1.0,330.0,5.11,40.0,2.0,88271.0,2.0,0.0,2.0,2.0,1.0,2000.0,,,,
88273,2,18083.5,285.0,18623955.5,0.5,4.47,825.0,2019.0,6.83,117127248.0,1.0,9.0,682.5,4.47,68.155,5.0,88273.0,2.75,1.0,2.0,2.5,3.0,,,,,
88276,2,9460.5,220.0,18615425.5,1.0,4.220000000000001,1005.0,2012.5,7.63,117265637.0,1.0,7.5,895.0,4.220000000000001,84.85499999999999,6.0,88276.0,3.5,1.0,2.0,3.5,4.0,,,,,
88281,1,71818.0,250.0,15332147.0,27.0,4.18,1350.0,1993.0,7.84,113849928.0,2.0,5.0,1100.0,4.18,89.0,7.0,88281.0,3.0,1.0,2.0,3.0,4.0,2019.0,,,,
88299,3,18958.0,135.0,18471231.0,13.0,4.64,810.0,1842.0,7.38,117080200.0,1.0,3.5,600.0,4.64,55.0,4.0,88299.0,2.0,2.0,2.5,2.0,2.0,2018.0,,,,
88316,4,33860.0,200.0,8904494.0,8.0,4.67,1450.0,2020.0,7.38,116170454.5,1.0,9.0,830.0,4.68,90.0,5.5,88316.0,2.5,1.5,3.0,2.5,4.0,2016.0,31.0,,2.0,
88317,2,32993.5,185.0,18175343.5,10.5,5.32,1160.0,2020.0,6.7,110770134.5,1.0,9.0,865.0,5.32,128.0,5.5,88317.0,4.5,1.0,,4.5,5.5,2018.0,,,,
88326,8,16088.0,220.0,18246130.0,6.5,4.69,1320.0,2020.0,9.45,117120043.0,1.0,9.0,1020.0,4.69,98.805,6.5,88326.0,3.75,2.0,4.0,3.5,4.5,2009.0,14.8,,3.0,79246.0
88348,1,45309.0,200.0,14995495.0,4.0,5.76,1200.0,2019.0,10.52,116542278.0,,9.0,1000.0,5.76,83.23,6.0,88348.0,3.0,1.0,3.0,3.0,4.0,,,,,
88353,1,24127.0,250.0,17080742.0,8.0,5.04,1090.0,,8.59,85750696.0,2.0,,998.0,5.04,135.0,6.0,88353.0,4.5,1.0,3.0,4.0,6.0,,,,,
88356,1,29203.0,150.0,18618108.0,13.0,5.03,550.0,1712.0,11.12,116969214.0,1.0,1.0,550.0,5.03,108.0,4.0,88356.0,2.0,,,2.0,5.0,1995.0,,,,
88371,1,41977.0,220.0,18605613.0,8.0,4.08,870.0,,8.26,116589486.0,1.0,,650.0,4.08,78.0,5.0,88371.0,4.0,1.0,1.0,4.0,3.0,2019.0,219.2,,,
88379,2,82439.5,107.5,607532.0,1.0,4.76,722.5,1900.0,,112962161.0,1.0,1.0,615.0,4.76,73.0,4.5,88379.0,2.5,2.0,3.0,2.5,3.5,1987.0,175.0,,,
88400,25,28218.0,150.0,16955631.0,7.0,5.62,850.0,1989.0,10.72,116921803.0,1.0,4.0,700.0,5.62,87.0,5.0,88400.0,3.0,1.0,2.0,3.0,4.0,2020.0,92.0,105.0,112.0,90215.0
88416,1,59786.0,200.0,601696.0,8.0,6.02,900.0,1994.0,9.96,115699683.0,1.0,5.0,700.0,6.02,87.0,5.0,88416.0,3.0,1.0,3.0,3.0,4.0,2000.0,128.0,100.0,,
88422,5,12308.0,150.0,17376355.0,6.0,5.18,745.5,1993.0,9.49,117179079.0,1.0,5.0,639.0,5.18,72.0,5.0,88422.0,3.0,0.0,2.0,3.0,3.0,2018.5,173.1,,,
88427,5,9812.0,150.0,15669074.0,4.0,5.64,1025.0,1982.0,12.1,117255061.0,1.5,4.0,760.0,5.64,97.6,5.0,88427.0,3.5,1.0,5.5,3.0,4.0,2018.0,119.0,92.0,,
88433,1,42732.0,150.0,18605635.0,8.0,5.17,800.0,,11.82,116590646.0,,,650.0,5.17,75.0,5.0,88433.0,3.0,1.0,1.0,3.0,3.0,,,,,
88437,1,25416.0,65.0,16017401.0,7.0,6.08,,2015.0,11.18,117006191.0,1.0,8.0,660.0,6.08,76.0,5.0,88437.0,3.0,1.0,1.0,3.0,3.0,,,,,
88441,2,4311.5,400.0,15876009.5,8.0,5.54,1350.0,2005.0,8.08,110377518.0,1.0,6.5,865.0,5.54,94.5,5.5,88441.0,3.25,1.5,2.5,3.0,4.5,2017.0,89.0,,88441.0,
88447,1,3223.0,80.0,15566340.0,2.0,5.33,480.0,1976.0,10.9,116605121.0,,3.0,400.0,5.33,24.0,2.0,88447.0,1.0,1.0,2.0,1.0,1.0,,,,,
88448,2,16445.0,175.0,18605988.0,9.5,5.67,1382.5,2020.0,9.48,116612421.0,2.0,9.0,1207.5,5.67,143.5,7.0,88448.0,4.0,1.5,2.0,3.5,6.0,,,,,
88450,2,5389.5,185.0,17922181.0,11.5,6.404999999999999,1010.0,,11.64,110475008.0,1.0,,825.0,6.84,99.5,5.5,88450.0,3.5,1.0,1.0,3.5,4.0,,,,,
88451,1,9525.0,95.0,17788587.0,20.0,5.4,870.0,2019.0,4.79,109316973.0,1.0,9.0,775.0,5.4,90.0,5.0,88451.0,3.5,1.0,3.0,3.0,4.0,,,,,
88453,2,29331.0,200.0,15538730.0,9.5,4.8549999999999995,1280.0,2011.0,12.1,87070196.0,2.0,7.5,1080.0,6.68,135.5,6.5,88453.0,4.5,1.5,2.5,4.0,6.0,,,,,
88471,7,44822.0,200.0,16898120.0,11.0,5.18,1280.0,2016.0,9.65,116553985.0,1.0,9.0,995.0,5.18,97.55,6.0,88471.0,3.5,2.0,2.0,3.0,4.0,2018.0,49.35,110.0,,
88477,4,14469.0,100.0,17336209.0,10.0,6.59,570.0,2003.5,7.05,117146736.0,1.0,6.5,545.0,6.59,59.345,4.0,88477.0,2.5,1.0,1.0,2.0,2.0,2016.5,19.3,,,
88480,1,44910.0,130.0,16206544.0,11.0,5.52,,,9.35,116552774.0,,,810.0,5.52,95.0,6.0,88480.0,3.5,,,3.0,4.0,2014.0,60.2,,,
88481,1,20089.0,180.0,15815094.0,25.0,4.57,1280.0,2012.0,7.52,117063766.0,1.0,8.0,1100.0,4.57,124.0,7.0,88481.0,4.0,2.0,2.0,4.0,6.0,,15.8,,100.0,
88483,1,9564.0,200.0,1019888.0,17.0,4.02,1390.0,,8.45,117262955.0,2.0,,1130.0,4.02,160.0,7.0,88483.0,5.5,,,5.0,7.0,,101.0,,2.0,
88487,2,14459.0,147.5,16052228.0,11.0,5.01,,2018.5,7.52,117146690.0,1.0,9.0,752.5,5.01,83.67,5.0,88487.0,3.0,3.0,4.0,2.5,3.5,,29.8,,,
88499,2,68289.0,247.5,5207558.5,2.5,4.36,1208.5,1996.0,8.02,107808581.5,1.0,5.0,882.5,5.33,150.39,5.5,88499.0,4.0,1.5,2.5,4.0,5.5,2019.0,78.0,120.0,1.0,
88512,2,45031.0,242.5,17096510.0,8.5,5.255,980.0,2004.5,11.19,115893867.0,1.5,6.5,737.5,5.255,93.25,5.5,88512.0,3.25,2.0,2.0,3.0,4.0,,185.0,,,
88521,1,11943.0,150.0,9965476.0,8.0,,830.0,1995.0,,87890281.0,1.0,5.0,680.0,,100.0,5.0,88521.0,3.0,,,3.0,4.0,,,,,
88524,1,15497.0,140.0,15843928.0,0.0,3.7,880.0,,7.68,117126195.0,1.0,,700.0,3.7,96.0,5.0,88524.0,3.0,3.0,3.0,3.0,4.0,,,,,
88605,1,578.0,,15564682.0,19.0,6.15,,1935.0,13.32,117377065.0,1.0,1.0,600.0,6.15,165.0,4.0,88605.0,4.0,1.0,,4.0,7.0,,,,,
88630,1,70098.0,280.0,10401274.0,10.0,5.99,1000.0,2005.0,12.88,115072914.0,1.0,6.0,720.0,5.99,90.0,5.0,88630.0,3.0,3.0,4.0,3.0,4.0,,,,,
88633,1,38662.0,200.0,881943.0,11.0,1.73,1290.0,2019.0,6.45,116777272.0,1.0,9.0,1090.0,1.73,112.0,7.0,88633.0,3.5,,,3.0,5.0,,21.0,,,
88636,2,45337.5,370.0,17907246.0,13.5,4.93,1420.0,,10.7,115437931.0,1.0,,900.0,4.93,91.5,6.0,88636.0,3.25,2.0,2.0,3.0,4.0,2018.0,,,1.0,
88637,2,21642.5,150.0,18525339.0,10.0,3.495,815.0,1985.0,6.75,115603838.5,1.0,4.0,665.0,3.495,109.0,5.0,88637.0,4.0,1.0,1.0,4.0,4.5,2013.0,,,,
88662,32,34733.0,200.0,16014547.5,10.5,2.02,1190.0,2012.0,8.25,116413588.5,1.0,8.0,997.5,2.02,83.63,6.0,88662.0,3.0,2.0,2.0,3.0,4.0,2019.5,85.0,75.0,2.0,
88677,7,21390.0,180.0,16746831.0,6.0,2.13,1118.0,2018.0,7.12,114789193.0,1.0,9.0,950.0,2.13,87.1,6.0,88677.0,2.5,1.0,3.0,2.0,4.0,2018.5,51.7,,538677.0,
88682,4,64797.0,250.0,3044532.5,12.0,1.79,1150.0,1991.5,7.75,115402152.0,1.0,5.0,865.0,1.79,100.58500000000001,6.0,88682.0,3.5,1.5,2.5,3.5,4.5,,136.75,,3.0,
88690,11,21247.0,150.0,16911801.0,7.0,2.4,965.0,1989.0,7.23,116310456.0,1.0,4.5,850.0,2.4,73.0,6.0,88690.0,3.0,1.0,2.0,3.0,3.0,2016.5,102.6,,,
88693,2,6523.5,205.0,17739035.5,13.5,2.06,990.0,1963.0,7.27,105235620.5,1.5,2.0,785.0,2.06,119.5,5.5,88693.0,4.25,1.0,3.0,4.0,5.5,2016.0,,,,
88696,3,40894.0,220.0,5394778.0,3.0,2.72,850.0,1994.0,6.85,116698322.0,1.0,5.0,850.0,2.72,77.0,6.0,88696.0,3.0,2.0,2.0,3.0,3.0,,102.455,,,
88709,4,11688.0,100.0,18282796.0,10.0,2.41,785.0,2005.0,7.81,117024855.5,1.5,6.0,685.0,2.41,46.5,5.0,88709.0,1.75,1.0,2.5,1.5,1.5,2015.5,,,,
88718,1,18281.0,150.0,2259640.0,10.0,2.46,950.0,1976.0,6.59,117086593.0,1.0,3.0,800.0,2.46,78.0,5.0,88718.0,2.5,2.0,3.0,2.0,3.0,2018.0,130.0,,,
89061,1,37873.0,200.0,17982160.0,14.0,4.2,1000.0,,9.1,116361040.0,1.0,,800.0,4.2,116.0,5.0,89061.0,4.0,1.0,1.0,4.0,5.0,,,,,
89073,19,22184.0,185.0,15734306.0,10.0,4.03,1075.0,1985.0,5.82,116387990.0,1.0,4.0,920.0,4.03,78.0,6.0,89073.0,2.0,3.0,4.0,2.0,3.0,2014.0,151.4,100.0,3.5,
89075,16,18304.0,170.0,16376311.5,10.5,4.65,880.0,1995.0,6.98,116910929.0,1.0,5.0,713.0,4.65,63.185,5.0,89075.0,2.0,1.5,3.0,2.0,2.5,2018.0,102.5,97.5,100.0,
89077,25,25666.0,214.85,17270727.0,8.0,4.61,1289.1,2012.5,5.44,116908015.0,1.0,8.0,1050.0,4.61,84.48,7.0,89077.0,3.0,2.0,4.0,3.0,4.0,2018.0,61.4,123.0,424.5,
89079,8,25285.0,162.5,17060709.5,10.0,4.53,902.3199999999999,1980.5,5.58,115860128.5,1.0,3.5,695.0,4.53,87.36,5.0,89079.0,2.75,3.0,3.0,2.5,3.5,2020.0,90.3,159.0,100.0,
89081,9,45999.0,126.0,17270727.0,13.0,4.19,807.5,1995.0,5.61,116426501.0,1.0,5.0,498.0,4.19,43.0,3.0,89081.0,2.0,1.5,3.0,2.0,2.0,2019.0,142.0,,11.0,
89129,10,33660.5,220.0,16800627.0,6.0,4.64,1180.0,2020.0,10.13,116735243.5,1.0,9.0,915.0,4.64,102.5,6.0,89129.0,3.5,2.0,2.0,3.5,4.5,2020.0,30.2,100.0,,
89134,17,21641.0,140.0,16206544.0,8.0,4.76,737.5,1978.5,10.85,116576293.0,1.0,3.5,650.0,4.76,63.0,5.0,89134.0,2.0,1.0,3.0,2.0,3.0,2018.0,107.75,175.0,6.0,
89143,7,24185.0,190.0,16092705.0,8.0,5.08,995.0,1987.5,8.59,115697306.0,1.0,4.0,800.0,5.08,82.0,5.0,89143.0,3.0,1.5,3.0,3.0,4.0,2018.5,149.0,95.0,8.0,
89150,7,31362.0,185.0,6049171.0,15.0,4.92,1057.5,1995.0,9.46,116936594.0,1.0,5.0,750.0,4.92,84.0,5.0,89150.0,3.0,2.0,4.0,3.0,4.0,2019.5,114.0,,1.5,
89155,2,65761.5,264.0,17561029.0,5.0,4.42,1680.75,2019.5,9.81,115146118.0,1.0,9.0,1336.25,4.42,117.5,7.0,89155.0,3.5,1.5,3.0,3.0,5.0,,38.55,,,
89160,5,8643.0,175.0,16708498.0,10.0,4.67,1045.0,1986.5,11.37,115788101.0,1.0,4.0,900.0,4.67,100.0,6.0,89160.0,3.5,1.5,3.0,3.0,4.0,2017.0,70.2,,,
89165,1,56377.0,280.0,15815094.0,10.0,4.97,1400.0,2019.0,10.74,115922408.0,1.0,9.0,1120.0,4.97,134.0,7.0,89165.0,4.0,2.0,3.0,4.0,6.0,,60.2,,1233221.0,
89168,1,32087.0,150.0,15167028.0,3.0,3.39,415.0,2000.0,15.05,116924811.0,1.0,5.0,250.0,3.39,42.0,1.0,89168.0,2.0,0.0,3.0,2.0,2.0,2016.0,176.0,,,
89171,2,54701.0,205.0,11695458.5,7.5,4.2,1215.0,2010.0,9.74,115961537.0,,7.0,892.5,4.2,104.5,5.5,89171.0,3.0,3.0,3.0,3.0,5.0,,111.0,130.0,,
89173,2,80676.0,,18198065.0,14.5,4.77,,2017.0,8.02,113471571.5,,9.0,1454.0,4.77,193.305,7.0,89173.0,5.0,,,4.5,7.0,,42.0,,,
89179,1,222.0,130.0,15356815.0,6.0,4.07,790.0,1995.0,7.19,117384577.0,1.0,5.0,630.0,4.07,71.0,5.0,89179.0,3.0,0.0,2.0,3.0,3.0,2020.0,,,,
89186,2,31305.0,135.0,17158379.0,6.5,5.73,795.0,1984.5,9.85,113196864.5,1.0,4.0,735.0,5.73,81.5,5.5,89186.0,3.5,1.5,1.5,3.5,3.5,2020.0,109.0,,,
89195,1,15613.0,150.0,17879234.0,27.0,4.88,1350.0,1978.0,12.66,105825412.0,1.0,3.0,1200.0,4.88,130.0,7.0,89195.0,4.0,2.0,3.0,4.0,6.0,2018.0,,0.0,,
89198,1,38732.0,180.0,15732754.0,10.0,5.39,,1961.0,11.92,116758201.0,1.0,2.0,850.0,5.39,95.0,6.0,89198.0,3.5,2.0,2.0,3.0,4.0,2020.0,173.7,,,
89231,21,21433.0,160.0,18281938.0,7.0,5.07,842.5,1990.0,10.19,117046832.0,1.0,4.0,710.0,5.07,64.0,5.0,89231.0,2.5,1.0,3.0,2.0,3.0,2017.0,94.8,0.0,0.5,
89233,3,16728.0,210.0,794911.0,2.0,5.07,782.5,2000.0,10.19,117110965.0,1.5,6.5,895.0,5.07,76.42,6.0,89233.0,2.5,3.0,4.0,2.0,3.0,2010.0,65.9,,101.0,
89250,8,30787.5,190.0,16526116.0,7.0,4.609999999999999,1360.5,1992.0,9.66,114041813.0,1.0,5.0,920.0,4.62,92.0,6.0,89250.0,3.0,2.0,3.0,3.0,4.0,2018.5,125.8,0.0,,
89257,10,18418.5,240.0,16476607.5,11.5,5.05,1175.0,2017.0,8.34,115734113.5,1.0,9.0,930.0,5.05,102.75,6.0,89257.0,3.5,1.0,3.0,3.0,4.5,2014.0,50.2,,,
89264,4,40187.0,240.0,408158.0,7.5,5.28,1100.0,2018.0,9.58,116607431.5,1.0,9.0,1050.0,5.28,107.0,6.5,89264.0,3.25,1.5,1.5,3.0,5.0,2019.0,15.8,,100.0,
89269,4,37058.0,180.0,17748037.0,7.5,4.74,950.0,1973.0,9.0,116726010.0,1.0,3.0,775.0,4.74,92.5,5.0,89269.0,3.0,1.5,2.0,2.5,4.0,2019.0,66.8,,,
89275,4,24381.5,162.5,17513810.0,10.5,4.56,1075.0,2017.0,9.18,116670535.5,2.0,9.0,862.5,4.56,85.25,6.0,89275.0,2.5,1.0,3.0,2.5,3.5,2017.0,,,,
89284,1,8963.0,150.0,18347858.0,11.0,4.85,910.0,2014.0,9.12,117274326.0,2.0,8.0,760.0,4.85,90.0,5.0,89284.0,3.5,2.0,2.0,3.0,4.0,2014.0,84.9,,,
89290,2,16880.5,169.565,18617915.0,3.0,4.16,729.12,2019.0,,117099103.5,,9.0,559.555,4.16,67.825,4.0,89290.0,2.0,1.5,2.0,2.0,2.5,,,,3.5,90196.0
89293,1,25164.0,,18598138.0,0.0,6.2,720.0,,7.37,117007172.0,2.0,,720.0,6.2,95.0,5.0,89293.0,3.0,,,3.0,4.0,,,,,
89312,12,23804.0,180.0,17718948.5,12.0,4.74,1047.5,1991.0,9.4,115982034.0,1.0,4.5,795.0,4.74,86.35499999999999,5.5,89312.0,3.0,2.0,3.0,3.0,3.5,2017.5,101.0,90.0,,
89331,1,28957.0,200.0,17396484.0,9.0,5.01,1020.0,1958.0,9.84,116971071.0,,2.0,820.0,5.01,100.0,6.0,89331.0,3.0,1.0,2.0,3.0,4.0,2020.0,246.5,,,
89335,2,49163.5,165.0,17181872.5,5.0,4.65,840.0,2020.0,10.9,116100126.5,2.0,9.0,675.0,4.65,69.5,4.0,89335.0,2.5,0.0,1.0,2.5,3.0,,163.01,,,
89340,2,37018.0,82.5,16786709.0,6.5,4.65,612.5,2007.0,9.85,116179384.0,1.0,7.0,530.0,4.65,48.5,3.5,89340.0,1.5,1.5,2.5,1.5,2.5,2020.0,54.0,,,
89343,2,27467.5,127.5,17232767.0,11.5,4.85,937.5,2009.5,8.62,108891439.5,1.0,7.0,797.5,4.86,96.5,5.5,89343.0,3.0,1.0,3.0,3.0,4.5,,22.5,,,
89407,10,44751.0,150.0,17447929.0,12.0,6.36,895.0,1968.0,7.93,116137153.0,1.0,2.5,734.0,6.36,87.5,5.0,89407.0,2.75,2.0,3.0,2.5,4.0,2018.0,53.0,,1.0,69905.0
89415,3,47550.0,210.0,16698803.0,12.0,5.59,875.0,1975.0,6.39,116417148.0,2.0,3.0,690.0,5.59,113.0,5.0,89415.0,3.0,1.0,4.0,3.0,5.0,2014.0,,,,
89420,3,30211.0,180.0,18296947.0,13.0,6.09,830.0,1983.0,7.22,115704281.0,1.0,4.0,650.0,6.09,93.0,5.0,89420.0,4.0,2.0,2.0,4.0,4.0,2014.5,96.35,,,
89423,1,47842.0,200.0,5355969.0,6.0,3.28,900.0,1595.0,,62371430.0,,1.0,950.0,,120.0,6.0,89423.0,4.0,2.0,1.0,4.0,5.0,2020.0,,170.0,,
89438,1,55645.0,190.0,17117348.0,22.0,5.78,1150.0,1996.0,,90676152.0,2.0,5.0,980.0,5.78,136.0,6.0,89438.0,5.0,0.0,2.0,5.0,6.0,2017.0,96.5,,,
89518,16,46817.0,106.0,1924949.0,6.0,4.29,703.45,1960.0,14.88,116444919.0,1.0,2.0,584.5,4.29,74.0,4.0,89518.0,3.0,1.0,2.0,3.0,3.0,2020.0,81.11,72.0,42000.0,
89520,2,60743.0,108.5,9232815.0,8.0,4.29,545.1,1925.0,14.88,115252895.0,,1.0,392.1,4.29,41.385,2.5,89520.0,2.0,1.0,,2.0,1.5,,182.0,89.0,,
89522,13,22101.0,100.0,989787.0,9.0,4.29,674.75,1968.5,14.88,117028332.0,1.0,3.0,500.0,4.29,62.04,3.0,89522.0,2.0,1.0,3.0,2.0,3.0,2017.0,87.6,78.0,,
89537,6,30861.5,190.0,11387847.5,7.0,3.99,1140.705,2009.5,15.58,116901865.0,1.0,7.5,1040.705,3.99,110.5,7.0,89537.0,3.75,1.0,2.0,3.5,5.0,2019.0,82.6,256.55,,
89542,2,9430.0,125.0,214338.0,13.5,4.96,,1964.0,14.56,117253750.5,,2.0,532.5,4.96,64.0,3.5,89542.0,3.0,,,3.0,2.5,,137.0,,,
89547,1,10016.0,150.0,18627865.0,0.0,5.47,750.0,,14.85,117254413.0,,,600.0,5.47,75.0,4.0,89547.0,3.5,2.0,2.0,3.0,3.0,,,,,
89551,1,4055.0,237.0,17383579.0,18.0,4.53,672.0,2006.0,16.34,117336045.0,,7.0,435.0,4.53,57.0,3.0,89551.0,2.5,2.0,2.0,2.0,2.0,2016.0,,,,
89555,1,21078.0,100.0,17290119.0,6.0,4.05,1200.0,2020.0,14.44,117053104.0,2.0,9.0,1100.0,4.05,119.23,7.0,89555.0,3.5,,,3.0,5.0,,,,,
89561,1,10841.0,130.0,15516525.0,4.0,3.8,610.0,1995.0,16.27,117223064.0,1.0,5.0,480.0,3.8,80.08,3.0,89561.0,3.0,0.0,1.0,3.0,3.0,2020.0,,,,
89564,1,21832.0,250.0,18621934.0,52.0,3.99,1000.0,,15.13,117043448.0,,,750.0,3.99,95.0,5.0,89564.0,3.0,2.0,2.0,3.0,4.0,2020.0,,,,
89584,14,29841.0,150.0,17211021.0,6.5,4.62,920.0,2012.0,8.71,116795963.0,1.0,8.0,745.0,4.62,83.315,5.0,89584.0,3.0,1.0,3.0,3.0,4.0,2015.0,97.6,90.0,,
89597,2,12105.5,65.0,9350589.0,7.0,5.04,702.5,1970.5,7.84,117106768.0,1.0,3.0,555.0,5.04,71.715,4.0,89597.0,3.5,1.5,2.0,3.5,3.0,2019.0,,120.0,,
89601,3,48795.0,105.0,13183231.0,2.0,4.2,795.0,1987.0,9.34,115542442.0,1.0,4.5,630.0,4.720000000000001,87.0,5.0,89601.0,3.0,2.0,2.0,3.0,4.0,2020.0,,170.0,5.0,
89605,1,19386.0,,18623159.0,0.0,0.3,440.0,2020.0,,117072424.0,,9.0,440.0,0.3,50.0,3.0,89605.0,1.5,,,1.0,2.0,,,,,
89613,1,10259.0,200.0,16770363.0,13.0,3.51,1160.0,1989.0,,90715709.0,2.0,4.0,960.0,,120.0,6.0,89613.0,3.0,2.0,2.0,3.0,5.0,2016.0,,,,
89614,1,28831.0,120.0,5441663.0,17.0,4.09,1220.0,1968.0,9.91,116971142.0,1.0,2.0,900.0,4.09,120.0,6.0,89614.0,4.5,2.0,2.0,4.0,5.0,2018.0,36.7,,4.0,
90402,34,46898.5,60.0,16934159.0,11.0,4.22,870.0,1972.0,7.22,115415358.0,1.0,3.0,905.0,4.22,45.0,6.0,90402.0,2.0,2.0,3.5,2.0,1.5,2019.5,106.0,,1.0,
90403,29,32181.0,0.0,16934159.0,15.0,4.39,915.0,1956.5,6.19,116555591.0,1.0,2.0,795.0,4.39,58.45,5.0,90403.0,2.0,2.0,4.0,2.0,2.0,2020.0,166.0,92.5,1.0,
90408,22,38864.5,166.0,16934159.0,14.0,3.68,995.0,1970.0,6.46,116738949.5,1.0,2.0,865.0,3.68,77.485,6.0,90408.0,3.0,3.0,4.0,3.0,3.0,2019.5,138.5,68.0,1.0,
90409,24,21031.0,90.0,16934159.0,12.0,3.5549999999999997,895.0,1962.0,6.46,116967711.0,1.0,2.0,787.5,3.45,52.075,5.0,90409.0,2.0,1.0,4.0,2.0,2.0,2016.5,155.0,30.665,1.0,
90411,6,29617.0,111.5,16377173.5,7.5,2.645,785.0,1952.0,7.44,116963268.5,1.0,2.0,595.0,2.645,55.66,4.0,90411.0,2.0,1.0,3.0,2.0,2.0,2020.0,188.2,,6.5,
90419,39,29786.0,130.0,15945852.0,11.0,3.88,1017.5,1974.0,6.45,115686723.0,1.0,3.0,895.0,3.4749999999999996,63.0,6.0,90419.0,2.0,2.0,5.0,2.0,3.0,2015.0,98.4,37.5,1.0,
90425,8,37621.5,160.0,16934159.0,15.5,3.1950000000000003,1122.5,1999.0,5.28,115641158.5,1.0,5.5,972.5,3.14,75.0,6.0,90425.0,2.75,3.5,4.5,2.5,3.5,2020.0,78.5,,1.0,
90427,7,34090.0,90.0,16934159.0,12.0,3.22,990.0,1970.0,6.4350000000000005,116686502.0,1.0,2.0,790.0,2.995,58.0,5.0,90427.0,2.0,2.0,3.0,2.0,2.0,2017.5,97.0,0.0,1.0,
90429,50,42177.0,80.0,16934159.0,13.0,4.265,895.0,1965.0,7.58,115420102.5,1.0,2.0,862.5,4.26,53.5,6.0,90429.0,2.0,2.0,4.5,2.0,2.0,2019.0,147.5,77.0,1.0,
90431,22,24471.5,145.0,3281136.0,9.5,3.53,985.0,2017.5,6.22,116782294.5,1.0,9.0,905.0,3.53,74.36,6.0,90431.0,3.0,2.0,3.0,3.0,3.0,2020.0,106.5,25.02,0.0,
90439,16,27447.5,113.0,15517297.5,7.0,3.56,790.0,1963.0,7.6,116927452.5,0.0,2.0,690.0,3.48,67.715,5.0,90439.0,2.0,2.0,4.0,2.0,3.0,2020.0,133.8,48.0,0.0,
90441,16,43835.5,91.95,16934159.0,13.0,4.15,920.0,1980.5,6.39,115888616.0,1.0,3.5,714.45,4.15,52.864999999999995,5.0,90441.0,2.0,2.0,4.0,2.0,2.0,2018.0,118.0,75.0,1.0,
90443,42,42120.5,128.0,16473231.5,11.0,3.52,840.0,1960.0,7.12,116281037.5,0.0,2.0,680.0,3.52,65.0,5.0,90443.0,2.0,2.0,4.0,2.0,3.0,2017.0,125.0,47.0,1.0,
90449,10,19010.5,0.0,16934159.0,16.0,3.6350000000000002,870.0,1980.0,5.98,113227920.0,1.0,3.0,762.5,2.87,66.55,5.0,90449.0,2.5,2.0,5.0,2.5,2.5,,103.5,92.5,1.0,
90451,5,21874.0,160.0,744513.0,9.0,2.9,787.365,1995.0,4.61,115808403.0,1.0,5.0,641.23,2.9,76.07,5.0,90451.0,2.0,1.5,3.0,2.0,3.0,,73.9,112.0,0.5,
90453,7,41413.0,150.0,16934159.0,8.0,3.0,930.0,1976.5,6.0649999999999995,116339117.0,1.0,3.0,930.0,2.495,71.0,6.0,90453.0,3.0,2.0,2.0,3.0,3.0,2018.0,133.0,,1.0,
90455,7,39937.0,100.0,16464412.0,11.0,3.0,1047.5,1973.0,5.199999999999999,115506069.0,1.0,2.5,800.0,3.0,65.0,5.0,90455.0,3.0,1.0,2.5,3.0,3.0,2018.0,99.7,70.0,1.0,
90459,39,32346.0,120.0,16482825.0,12.0,3.7,1000.0,1956.0,7.525,116702022.0,0.0,2.0,870.0,3.7,70.4,6.0,90459.0,3.0,2.0,4.0,3.0,3.0,2019.0,122.3,0.0,1.0,
90461,27,37900.0,105.0,16105520.0,10.0,3.46,795.0,1962.0,7.49,116460772.0,1.0,2.0,675.0,3.46,60.0,5.0,90461.0,2.0,3.0,5.0,2.0,2.0,2019.0,112.55,50.775,1.0,
90469,17,55405.0,115.3,489120.0,9.0,3.54,843.81,1953.0,6.06,115626565.0,1.0,2.0,670.86,3.54,57.65,5.0,90469.0,2.0,3.0,3.0,2.0,2.0,2019.5,100.0,57.65,1.0,
90471,15,22561.0,115.0,16934159.0,15.0,3.0,895.0,1967.0,6.44,116607643.0,1.0,2.0,770.0,3.0,65.0,5.0,90471.0,2.5,3.5,4.5,2.0,3.0,2020.0,94.0,70.0,1.0,
90473,5,55341.0,152.0,814613.0,8.0,3.31,794.14,1966.0,6.76,115986874.0,0.0,2.0,659.14,3.31,69.64,5.0,90473.0,3.0,2.0,6.5,3.0,3.0,2013.0,132.0,,2355.5,
90475,3,40500.0,0.0,16934159.0,19.0,4.0,995.0,1962.0,5.515000000000001,109918835.0,,2.0,795.0,3.33,65.0,5.0,90475.0,2.0,2.0,3.0,2.0,3.0,2015.0,108.6,,1.0,
90478,31,26159.0,105.0,16852451.0,10.0,3.78,789.02,1980.0,7.6,116321004.0,1.0,3.0,690.0,3.62,52.0,5.0,90478.0,2.0,1.5,5.0,2.0,2.0,2019.0,126.0,65.0,1.0,
90480,11,30007.0,85.0,17015941.0,11.0,3.26,895.0,1963.5,6.4,116930302.0,1.0,2.0,730.0,3.26,50.0,5.0,90480.0,2.5,1.0,7.0,2.0,2.0,2020.0,108.0,118.0,1.0,
90482,13,29360.0,130.0,15741128.0,14.0,3.0,855.14,1968.0,5.24,116919319.0,0.5,2.0,750.0,2.99,69.09,5.0,90482.0,3.0,2.0,3.5,3.0,3.0,2020.0,110.0,70.0,1.0,
90489,36,32759.5,125.0,16437325.0,15.0,3.9,895.0,1962.0,6.84,116842923.5,1.0,2.0,783.05,3.58,61.35,5.0,90489.0,2.0,2.5,4.5,2.0,2.5,2020.0,110.5,76.0,1.5,
90491,19,19097.0,100.0,927030.0,12.0,2.76,847.5,1972.0,6.86,116933843.0,0.0,3.0,680.0,2.76,59.72,5.0,90491.0,2.0,2.0,4.0,2.0,2.0,2014.0,126.0,0.0,0.5,
90513,15,21957.0,140.0,15992653.0,11.0,3.55,840.0,2016.0,10.05,116795708.0,1.0,8.5,720.0,3.55,70.5,5.0,90513.0,3.0,1.0,2.0,3.0,3.0,2019.5,85.25,35.0,1.0,
90518,4,32899.0,160.0,16409030.0,14.5,4.65,855.0,1977.5,4.62,116912211.0,1.0,3.0,782.5,4.65,75.0,5.5,90518.0,2.75,2.5,2.5,2.5,3.0,2018.5,157.25,,1.0,
90522,7,9759.0,170.0,17187330.0,11.0,3.69,905.0,1966.0,11.38,117209132.0,1.0,2.0,730.0,3.69,75.0,5.0,90522.0,2.5,2.0,2.5,2.0,3.0,2013.5,122.0,,3.0,
90530,2,27078.5,130.0,9904224.0,10.0,3.9,750.0,,10.45,116847630.5,,,585.0,3.9,67.0,4.0,90530.0,2.0,,,2.0,2.5,,,,1.0,
90537,1,56330.0,150.0,18100869.0,10.0,3.61,850.0,1976.0,5.83,107522254.0,1.0,3.0,700.0,3.61,80.0,5.0,90537.0,3.0,2.0,3.0,3.0,3.0,,154.0,,,
90542,1,58915.0,,5394580.0,10.0,2.84,,2020.0,4.33,115757258.0,,9.0,1080.0,2.84,90.0,7.0,90542.0,3.0,2.0,2.0,3.0,4.0,,,,,
90547,7,19786.0,108.0,16934159.0,7.0,4.19,870.0,1972.0,10.96,116425233.0,1.0,3.0,830.0,4.19,71.2,6.0,90547.0,3.0,2.0,3.0,3.0,3.0,2016.5,105.0,56.0,0.5,
90552,3,42543.0,250.0,16934159.0,11.0,5.19,900.0,1986.0,5.26,103947933.0,0.5,4.0,670.0,5.32,87.71,5.0,90552.0,3.0,1.0,2.0,3.0,4.0,2020.0,159.35,0.0,1.0,
90559,3,56156.0,200.0,10735030.0,16.0,4.42,670.0,1978.0,3.61,115405280.0,1.0,3.0,490.0,4.42,92.0,3.0,90559.0,2.0,1.0,1.5,2.0,4.0,2019.0,127.75,90.0,2.0,
90562,8,33469.0,150.0,15540882.0,15.0,3.0,940.0,1973.0,3.87,116792447.0,1.0,3.0,790.0,2.875,76.0,5.0,90562.0,3.0,2.0,2.0,3.0,3.0,2020.0,120.5,,1.0,
90571,3,53809.0,180.0,16934159.0,13.0,4.86,975.0,2008.5,5.29,116079989.0,2.0,7.0,950.0,4.86,75.0,6.0,90571.0,3.0,1.5,2.0,3.0,3.0,,71.9,,1.0,
90574,2,16448.0,119.5,17739544.0,11.5,2.66,814.5,1971.5,10.1,102719342.5,1.5,3.0,695.0,2.5,81.5,5.0,90574.0,3.75,1.5,2.0,3.5,3.5,,154.0,,1.0,
90579,2,23976.0,75.0,17778478.0,14.0,2.8499999999999996,725.0,1998.0,9.74,101614125.0,,5.0,650.0,2.88,58.5,4.5,90579.0,2.25,2.0,2.0,2.0,2.0,,106.0,,1.0,
90587,2,49248.0,225.0,16624267.0,28.5,3.03,890.0,1991.0,10.93,116022907.0,1.0,5.0,1115.0,3.03,126.13,6.0,90587.0,3.25,0.5,2.0,3.0,5.5,2019.5,63.1,60.0,,
90596,2,45736.0,95.0,16207739.5,12.5,3.84,750.0,1995.5,8.85,116162989.0,1.5,5.0,490.0,3.84,47.0,3.5,90596.0,1.5,1.5,2.0,1.5,1.5,,119.0,40.0,,
90599,4,53020.0,155.0,15928724.0,8.5,4.48,817.5,1907.0,8.65,116130099.5,1.0,1.0,697.5,4.48,91.3,5.0,90599.0,3.25,1.0,2.0,3.0,4.0,2020.0,45.1,95.0,1.0,
90613,2,53706.0,150.0,18574089.0,9.5,3.66,830.5,1996.5,8.89,116020585.5,1.0,6.0,680.5,3.66,83.5,4.5,90613.0,2.75,2.0,2.0,2.5,4.0,2019.5,37.25,,,
90667,1,25481.0,185.0,12193175.0,11.0,3.25,1390.0,2018.0,8.24,117005862.0,1.0,9.0,1205.0,3.25,92.64,7.0,90667.0,4.0,3.0,4.0,4.0,4.0,2020.0,39.0,,,
90673,1,45521.0,90.0,16077403.0,28.0,3.84,1280.0,1903.0,7.04,116519782.0,,1.0,1190.0,3.84,112.86,7.0,90673.0,4.0,4.0,4.0,4.0,5.0,2020.0,,,,
90762,30,33106.0,150.0,15464877.5,10.5,3.84,1000.0,1910.0,7.04,116841864.0,1.0,1.0,810.0,3.77,78.0,5.5,90762.0,3.0,2.5,3.0,3.0,3.0,2012.5,105.0,52.0,1.0,
90763,39,45587.0,150.0,16255582.0,11.0,3.52,875.75,1995.0,7.54,115781535.0,1.0,5.0,850.0,3.52,75.0,6.0,90763.0,2.0,2.0,4.0,2.0,3.0,2017.0,77.0,49.7,1.0,89508.0
90765,15,38566.0,150.0,16934159.0,10.0,3.49,915.0,1973.5,7.36,116720914.0,1.0,3.0,740.0,3.49,65.0,5.0,90765.0,2.0,2.0,5.0,2.0,3.0,2016.0,99.0,45.0,1.0,
90766,20,39771.0,165.0,12193175.0,7.5,3.25,1340.0,2018.0,8.24,116725636.0,1.0,9.0,1147.5,3.25,96.24000000000001,7.0,90766.0,3.0,2.0,3.0,3.0,4.0,2020.0,39.0,63.08,1.0,
90768,10,20281.5,148.68,16556617.5,14.0,3.55,1085.0,2003.0,5.27,114164437.5,1.0,6.0,1092.5,2.85,87.925,7.0,90768.0,3.0,1.0,2.0,3.0,4.0,2020.0,114.85,68.68,1.0,
91052,27,43612.0,133.0,5622271.0,9.0,2.25,713.4,2004.5,7.59,115304849.0,1.0,6.0,570.0,2.25,41.29,4.0,91052.0,2.0,2.0,3.0,2.0,2.0,2014.0,81.5,69.0,4711.0,
91054,60,48994.5,79.5,16904855.5,7.5,2.23,967.5,1986.0,9.49,115499020.0,1.0,4.0,777.5,2.23,55.0,5.0,91054.0,2.0,1.0,3.0,2.0,2.0,2019.0,81.9,140.0,1.0,
91056,18,44149.0,150.0,16519839.5,10.0,2.61,1120.0,1982.0,8.58,116471228.5,1.0,3.5,935.0,2.5300000000000002,77.88,6.0,91056.0,3.0,1.0,2.0,3.0,3.5,2018.0,98.4,35.0,1.0,
91058,20,21674.5,120.0,16665692.0,8.5,3.06,680.0,1972.0,8.72,116071356.0,1.0,3.0,595.0,3.06,58.5,4.5,91058.0,2.0,2.0,4.0,2.0,2.5,2017.5,108.85,47.5,311.0,
91074,24,32539.5,170.0,14324448.0,8.5,3.34,1200.0,1989.0,5.35,116789829.5,1.0,4.0,870.0,3.34,84.0,6.0,91074.0,2.5,2.0,3.0,2.5,4.0,2014.0,96.8,,11.0,
91077,2,11297.0,90.0,17830067.5,10.0,5.475,535.0,2016.0,5.42,117218748.5,1.0,9.0,445.0,5.475,58.0,3.0,91077.0,1.5,0.5,2.5,1.5,2.5,2016.0,,,,
91080,4,9413.5,120.5,17527789.5,17.0,4.1,926.0,2016.0,5.4399999999999995,111082726.0,1.0,9.0,900.0,2.75,73.5,6.0,91080.0,2.5,1.0,2.5,2.5,3.0,2018.0,121.7,,,
91083,3,45849.0,250.0,912599.0,17.0,3.29,931.0,1853.5,4.33,116487744.0,2.0,5.0,1090.0,3.29,106.02,7.0,91083.0,4.0,3.0,3.0,4.0,5.0,2020.0,70.0,,1.0,
91086,1,26432.0,200.0,5783307.0,8.0,2.85,920.0,1977.0,4.89,116995171.0,,3.0,720.0,2.85,90.0,5.0,91086.0,3.5,2.0,2.0,3.0,4.0,2018.0,135.7,,,
91088,1,18.0,170.0,14272796.0,51.0,2.51,2360.0,2020.0,8.66,117387733.0,,9.0,2190.0,2.51,170.0,9.0,91088.0,5.0,,,5.0,7.0,2020.0,,,,
91093,1,44791.0,180.0,475535.0,18.0,3.78,1490.0,2014.0,6.54,116554784.0,1.0,8.0,1290.0,3.78,149.79,7.0,91093.0,5.0,,1.0,5.0,6.0,,44.75,,,
91094,4,73563.0,160.0,9598339.0,11.0,5.22,982.0,1985.5,,114552009.5,1.0,4.0,675.0,5.22,77.5,4.5,91094.0,2.5,1.0,1.0,2.5,3.5,2017.0,134.0,,,
91096,1,26044.0,250.0,18502064.0,21.0,2.8,1245.0,1982.0,5.11,114368296.0,1.0,4.0,995.0,2.8,97.0,6.0,91096.0,4.0,2.0,2.0,4.0,4.0,2019.0,128.4,,,
91097,1,42872.0,115.0,373198.0,7.0,4.47,475.0,,9.15,116614062.0,,,360.0,4.47,52.0,2.0,91097.0,2.0,,,2.0,2.0,,,,,
91099,1,70551.0,180.0,5441959.0,7.0,6.05,970.0,1974.0,3.01,114991398.0,,3.0,790.0,6.05,88.0,5.0,91099.0,4.0,2.0,2.0,4.0,4.0,2019.0,146.0,,,
9111,206,58596.0,123.0,8168174.0,11.0,0.91,451.5,1930.0,7.9,115631768.5,1.0,1.0,310.0,0.91,63.295,2.0,9111.0,2.0,2.0,4.0,2.0,3.0,2011.0,103.0,62.25,7.5,
9112,501,52666.0,128.0,9390078.0,11.0,0.9,466.0,1910.0,9.47,115540880.0,1.0,1.0,330.0,0.9,64.0,2.0,9112.0,2.0,2.0,4.0,2.0,3.0,2004.5,99.0,68.0,3.0,
91126,18,19228.5,167.5,18025898.5,13.0,5.44,990.0,1986.0,3.36,117012433.5,1.0,4.0,812.5,5.44,85.0,5.5,91126.0,3.0,2.0,2.0,3.0,4.0,2018.0,114.30000000000001,105.0,1.0,
9113,445,60555.0,120.0,15295062.0,11.0,0.74,436.5,1910.0,8.49,115306880.0,1.0,1.0,310.0,0.74,59.66,2.0,9113.0,2.0,2.0,4.0,2.0,2.0,2018.0,96.6,46.155,2.5,
9114,40,34069.5,110.0,10800075.0,10.0,0.54,424.0,1929.0,8.43,116720376.0,1.0,1.0,289.5,0.54,58.15,1.0,9114.0,2.0,1.0,3.0,2.0,2.0,2017.0,97.2,60.0,13.0,
91154,10,45585.5,150.0,11923811.5,15.0,4.37,765.0,1984.5,10.44,116518091.0,1.0,4.0,635.0,4.37,68.5,5.0,91154.0,2.5,1.0,3.0,2.5,3.0,2019.0,160.0,70.0,4.0,
9116,252,57670.0,111.0,5358106.5,10.0,0.53,417.0,1918.0,8.89,115632662.5,1.0,1.0,295.0,0.53,57.995000000000005,1.0,9116.0,2.0,2.0,4.0,2.0,2.0,2015.0,102.0,55.0,2.0,
91161,1,50556.0,200.0,18358800.0,9.0,5.02,1200.0,1985.0,10.94,116265203.0,1.0,4.0,1000.0,5.02,170.0,6.0,91161.0,7.0,1.0,2.0,5.0,7.0,,,,,
9117,83,47800.0,130.0,705401.0,9.0,0.18,490.0,1967.0,7.535,115828622.0,1.0,2.0,337.0,0.18,62.0,2.0,9117.0,3.0,2.0,3.0,3.0,3.0,2015.5,84.0,60.0,13.0,
91171,3,20901.0,130.0,18605755.0,9.0,4.39,800.0,1936.5,10.74,116609245.0,1.0,3.0,650.0,4.39,72.0,5.0,91171.0,3.5,2.5,2.5,3.0,3.0,2020.0,192.5,,,
91174,2,20904.0,165.0,17405613.0,12.0,2.86,775.0,1981.5,8.1,94850985.5,1.0,3.5,595.0,2.86,99.0,4.0,91174.0,3.75,1.5,2.0,3.5,4.0,2017.0,174.8,,,
91180,1,15384.0,160.0,5395360.0,5.0,3.33,,1964.0,12.32,117128170.0,1.0,2.0,650.0,3.33,115.0,5.0,91180.0,3.0,,,3.0,5.0,,250.2,,90.0,
91183,1,46730.0,290.0,386173.0,19.0,3.38,1290.0,2004.0,9.54,116450675.0,,6.0,940.0,3.38,154.0,6.0,91183.0,3.0,1.0,,3.0,7.0,,94.1,,1.0,
91189,1,40623.0,190.0,18608897.0,23.0,3.65,940.0,,12.2,116731640.0,2.0,,750.0,3.65,110.0,5.0,91189.0,4.0,2.0,2.0,4.0,5.0,,,,,
9119,223,58155.0,92.0,1032069.0,10.0,0.58,402.41,1974.0,7.51,115561882.0,1.0,3.0,285.0,0.58,57.0,1.0,9119.0,2.0,2.0,4.0,2.0,2.0,1999.0,88.0,50.0,3.0,
9120,143,55398.0,99.58,8168174.0,8.0,0.38,419.5,1974.0,10.16,115946771.0,1.0,3.0,299.0,0.57,57.07,1.0,9120.0,2.5,2.0,4.0,2.0,2.0,2008.0,92.0,58.0,3.0,
91207,5,31512.0,90.0,16934159.0,11.0,4.19,805.4,1959.5,4.53,116934162.0,1.0,1.5,490.8,4.19,53.0,3.0,91207.0,2.0,1.5,2.0,2.0,2.0,,106.0,,1.0,
91217,4,17944.5,140.0,17777393.0,17.5,4.59,1215.0,2006.5,5.23,117027888.0,1.0,7.0,1100.0,4.59,87.5,6.0,91217.0,3.5,2.0,2.0,3.5,4.0,2015.0,77.2,,1.0,
9122,40,61792.5,65.0,3520254.0,9.5,0.0,312.0,1978.0,8.14,115553158.5,1.0,3.0,209.0,0.0,41.39,1.0,9122.0,2.0,4.5,5.0,2.0,2.0,2001.0,101.80000000000001,49.0,1.5,
91224,1,30822.0,150.0,18555058.0,3.0,4.26,850.0,2020.0,4.9,116946246.0,1.0,9.0,700.0,4.26,70.0,5.0,91224.0,2.0,1.0,2.0,2.0,3.0,,7.0,,,
9123,86,57478.5,91.0,3520254.0,9.0,0.7,434.21500000000003,1986.0,7.5,115809950.5,1.0,4.0,284.0,0.7,57.52,1.0,9123.0,3.0,2.0,5.0,3.0,2.0,2018.5,88.0,71.0,1.0,
91249,1,6975.0,150.0,18370360.0,3.0,9.96,1100.0,1965.0,16.03,112124536.0,1.0,2.0,950.0,9.96,94.0,6.0,91249.0,4.0,2.0,3.0,4.0,4.0,2020.0,181.78,,,
9125,49,48075.0,116.5,10444774.0,11.0,0.38,420.0,1924.0,9.84,116171304.0,1.0,1.0,297.0,0.38,60.0,1.0,9125.0,2.0,1.0,3.0,2.0,2.0,2014.5,114.6,60.0,3.0,
91257,6,54261.0,120.0,11289745.0,5.5,6.529999999999999,494.0,2005.0,10.68,115433480.5,1.0,6.0,469.0,6.529999999999999,59.3,3.0,91257.0,2.0,2.0,2.0,2.0,2.0,2020.0,105.0,,2.0,
9126,607,59818.0,120.0,8168174.0,10.0,0.38,411.0,1928.0,8.42,115406699.0,1.0,1.0,289.0,0.38,57.0,1.0,9126.0,2.0,2.0,4.0,2.0,2.0,2012.0,99.5,60.0,3.0,
9127,148,52259.5,119.0,9390078.0,10.5,0.19,430.0,1966.0,7.59,115713583.0,1.0,2.0,309.0,0.19,57.41,2.0,9127.0,2.0,1.0,3.5,2.0,2.0,2018.0,90.0,60.0,2.0,
91275,1,61384.0,180.0,17996731.0,7.0,9.0,875.0,1988.0,11.55,115642291.0,,4.0,695.0,9.0,130.0,5.0,91275.0,4.0,2.0,3.0,4.0,6.0,,,,,
91278,2,26342.0,210.0,9336598.5,10.5,6.62,605.0,1978.5,6.48,116836591.5,1.0,3.5,520.0,6.62,86.25,3.5,91278.0,3.0,,1.0,3.0,3.5,2017.0,199.74,,,
9128,1,35205.0,78.0,17249414.0,25.0,0.87,492.5,1936.0,11.99,116809233.0,1.0,1.0,330.0,0.87,65.0,2.0,9128.0,2.5,0.0,1.0,2.0,3.0,,110.0,84.5,52.0,
9130,639,64619.0,120.0,9390078.0,11.0,0.62,422.5,1914.0,7.69,114990715.0,1.0,1.0,290.0,0.62,62.0,1.0,9130.0,3.0,2.0,4.0,3.0,3.0,2017.0,101.0,65.0,4.0,
91301,34,29730.0,187.5,17802805.5,12.0,5.65,945.0,1996.0,5.96,116847200.5,1.0,5.0,805.0,5.65,84.5,5.5,91301.0,3.0,1.0,3.0,3.0,4.0,2019.0,54.45,96.0,1.0,
9131,494,55727.0,117.5,8168174.0,11.0,0.2,399.0,1920.0,7.64,115538465.5,1.0,1.0,278.5,0.2,57.82,1.0,9131.0,2.0,2.0,4.0,2.0,2.0,2004.0,102.6,65.0,2.0,
91315,3,7866.0,176.0,17507406.0,8.0,2.92,900.0,1983.0,6.09,117290207.0,1.0,4.0,650.0,2.92,80.18,5.0,91315.0,3.0,2.0,2.5,3.0,3.0,2020.0,137.3,,,
91320,1,45295.0,150.0,16490495.0,8.0,4.7,680.0,1964.0,4.21,116546886.0,,2.0,530.0,4.7,75.0,4.0,91320.0,3.0,2.0,2.0,3.0,3.0,,144.9,,,
91325,1,23026.0,180.0,15291956.0,20.0,2.07,,1986.0,4.0,117028931.0,1.0,4.0,700.0,2.07,105.0,5.0,91325.0,4.0,1.0,,4.0,5.0,,,,55.0,
91330,1,18941.0,120.0,18621383.0,5.0,5.97,660.0,1970.0,4.56,117031224.0,1.0,2.0,540.0,5.97,60.0,4.0,91330.0,2.5,,,2.0,2.0,2020.0,,,,
91332,1,28894.0,160.0,16720815.0,8.0,8.62,810.0,2009.0,6.24,116970385.0,,7.0,650.0,8.62,78.0,5.0,91332.0,2.0,2.0,2.0,2.0,3.0,,,,,
91334,1,21669.0,150.0,16105520.0,5.0,3.1,1150.0,2017.0,5.89,117045158.0,,9.0,1000.0,3.1,100.0,6.0,91334.0,3.5,1.0,,3.0,4.0,,27.0,,1862381342.0,
91338,1,12222.0,100.0,18292256.0,2.0,2.57,600.0,2019.0,0.77,117179290.0,,9.0,600.0,2.57,70.0,4.0,91338.0,3.0,3.0,3.0,3.0,3.0,,22.0,,,
91341,4,22335.5,200.0,17539903.5,6.5,3.05,1120.0,2006.0,5.64,117002667.5,1.0,6.5,905.0,3.05,105.0,6.0,91341.0,3.0,2.0,1.5,3.0,5.0,2018.5,65.0,,1862381342.0,
91352,2,42314.5,130.0,18059253.5,6.5,5.305,520.0,1994.0,6.68,111844549.0,1.0,5.0,460.0,5.305,65.5,3.0,91352.0,2.5,1.0,,2.5,2.5,,82.4,,,
91413,4,35752.5,200.0,18384919.5,12.0,5.61,1440.0,1996.0,11.2,116625499.5,1.0,5.0,945.0,5.61,121.0,6.0,91413.0,4.0,2.0,2.0,4.0,5.5,2019.0,238.8,150.0,,
91438,4,12215.5,225.0,15669260.0,11.5,5.45,1275.0,1966.5,12.82,117179862.0,0.5,2.5,1050.0,5.45,115.0,6.5,91438.0,4.0,2.0,2.5,4.0,5.0,2017.0,270.0,0.0,,
91448,2,13747.5,185.0,17815327.5,14.0,5.04,1045.0,1998.0,9.89,117176197.0,1.0,5.0,860.0,5.04,125.0,6.0,91448.0,4.0,2.0,3.0,4.0,5.5,2020.0,,,,
91459,1,43479.0,170.0,561544.0,0.0,4.63,670.0,1993.0,13.56,116604808.0,1.0,5.0,500.0,4.63,75.0,3.0,91459.0,3.0,3.0,3.0,3.0,3.0,,,,,
91460,2,34202.5,77.5,14205640.0,15.0,6.22,705.0,2019.0,,116748095.0,1.0,9.0,602.5,6.22,67.1,4.5,91460.0,2.5,1.5,2.0,2.0,2.5,,18.0,,,
91463,2,65534.0,72.5,15258780.0,15.5,3.95,872.5,1959.0,,115433512.5,1.0,2.0,695.0,3.95,78.5,4.5,91463.0,2.5,2.0,1.0,2.5,3.5,,115.5,95.0,,
91478,1,31187.0,100.0,18616965.0,2.0,,774.0,2020.0,,116941527.0,1.0,9.0,674.0,,103.03,5.0,91478.0,5.0,2.0,2.0,5.0,5.0,2020.0,22.61,,,
91502,1,78775.0,122.0,15501706.0,6.0,2.79,,2019.0,7.94,112301588.0,,9.0,388.0,2.79,20.23,2.0,91502.0,1.0,1.0,,1.0,1.0,,56.3,,,
91522,20,31551.0,150.0,16429393.0,4.5,6.54,705.0,1949.0,9.18,116034643.0,1.0,1.5,559.5,6.54,63.0,4.0,91522.0,2.0,1.5,2.0,2.0,2.5,2019.0,122.7,,,
91541,2,19744.5,250.0,17624599.0,5.0,5.04,1250.0,2018.0,11.28,117105528.5,1.0,9.0,1000.0,5.04,122.0,6.0,91541.0,3.75,2.0,3.0,3.5,5.5,,,,,
91550,6,12146.5,200.0,17432719.5,16.0,4.09,1000.0,1630.0,12.02,117200125.5,1.0,1.0,745.0,4.09,104.5,5.0,91550.0,3.0,1.0,3.0,3.0,5.0,2020.0,,,,
91555,4,35605.0,135.0,17030996.5,11.5,5.775,835.0,2009.5,11.37,115299020.5,1.0,7.5,700.0,4.99,90.5,5.0,91555.0,3.0,1.5,2.0,3.0,4.0,2018.0,31.9,,,
91560,3,26852.0,150.0,16429393.0,8.0,4.06,955.0,1975.0,12.08,116416258.0,1.0,3.0,650.0,4.06,79.0,5.0,91560.0,2.0,0.0,1.5,2.0,3.0,,159.6,,,
91564,7,25162.0,200.0,5340002.0,5.0,3.87,790.0,2018.0,9.63,117005943.0,1.0,9.0,590.0,3.87,78.0,4.0,91564.0,3.0,1.0,2.0,3.0,3.0,2014.0,138.3,,,
91567,2,13536.5,150.0,15829252.5,12.5,4.195,925.0,2017.0,8.18,110708746.0,1.0,9.0,800.0,4.195,92.5,5.5,91567.0,3.0,1.0,1.0,2.5,4.0,2018.0,,0.0,,
91575,3,25746.0,240.0,16429393.0,7.0,3.2,960.0,1922.0,2.4,117004106.0,1.0,1.0,600.0,3.2,90.0,4.0,91575.0,3.5,1.0,3.0,3.0,4.0,,218.0,,,
91580,1,38046.0,170.0,15258780.0,12.0,3.7,690.0,,11.36,116793458.0,1.0,,520.0,3.7,80.0,4.0,91580.0,2.0,,1.0,2.0,3.0,,,,,
91583,1,4096.0,80.0,18629197.0,0.0,3.5,510.0,1996.0,9.39,117305056.0,1.0,5.0,430.0,3.5,91.0,3.0,91583.0,3.0,0.0,3.0,3.0,4.0,,,,,
91586,1,39800.0,120.0,18562327.0,13.0,3.24,770.0,1990.0,6.95,116753216.0,1.0,4.0,650.0,3.24,72.0,5.0,91586.0,2.0,1.0,2.0,2.0,3.0,1990.0,,,,
91593,3,44270.0,130.0,18308467.0,9.0,4.97,582.64,2004.0,10.17,116550387.0,1.0,6.5,452.64,4.97,67.0,3.0,91593.0,3.0,0.5,0.5,3.0,3.0,2020.0,,,,
91599,1,11622.0,100.0,18626695.0,7.0,5.83,730.0,,,117198403.0,1.0,,630.0,5.83,105.0,5.0,91599.0,3.0,,,3.0,5.0,2020.0,,,,
91601,1,72408.0,200.0,16429393.0,6.0,4.01,850.0,1670.0,2.72,114843031.0,1.0,1.0,650.0,4.01,99.0,5.0,91601.0,2.5,,,2.0,4.0,,75.3,,,
91616,1,18272.0,290.0,15743722.0,7.0,5.71,1090.0,1981.0,,116647680.0,,4.0,800.0,5.71,120.0,5.0,91616.0,5.0,1.0,1.0,5.0,5.0,2020.0,111.0,,,
91619,2,83318.5,164.225,18091014.0,6.5,6.12,1067.1299999999999,,,109976584.5,1.0,,902.905,6.12,130.815,6.0,91619.0,3.0,0.5,3.0,3.0,6.0,2018.0,,,,
91717,1,34045.0,120.0,15456957.0,1.0,9.21,630.0,,9.75,91207286.0,1.0,,510.0,9.21,51.0,4.0,91717.0,2.0,,,2.0,2.0,2016.0,,,,
91746,2,20877.0,,18622920.0,6.5,4.46,925.0,2020.0,10.22,117055126.0,2.0,9.0,925.0,4.46,124.0,6.0,91746.0,3.75,1.5,3.0,3.5,5.5,,,,,
91757,19,31831.0,170.0,18024814.0,25.0,5.35,788.5350000000001,2018.0,17.57,116895131.0,0.5,9.0,660.33,5.35,88.0,5.0,91757.0,3.0,2.0,4.0,3.0,4.0,2018.0,45.0,,9.0,
91781,4,9404.5,180.0,18116173.5,7.5,4.85,830.0,2007.0,17.39,116298074.0,1.0,7.0,650.0,4.85,111.0,5.0,91781.0,4.0,2.0,2.0,4.0,5.0,2010.0,58.300000000000004,,,
91788,1,69260.0,150.0,3764445.0,6.0,5.08,,1900.0,17.67,115179843.0,,1.0,300.0,5.08,62.0,1.0,91788.0,2.0,1.0,,2.0,3.0,,190.1,,,
91807,2,22859.0,100.0,16414940.5,11.0,2.94,525.0,1980.0,20.27,116968558.5,1.0,3.5,475.0,2.94,90.0,3.0,91807.0,4.0,0.5,2.0,3.5,4.0,2013.5,,185.0,,
91809,1,10579.0,80.0,18029045.0,8.0,-1.53,420.0,1995.0,-1.14,117233877.0,,5.0,420.0,-1.53,40.0,3.0,91809.0,2.0,,,2.0,1.0,,,,,
91959,1,3131.0,140.0,17962121.0,10.0,2.88,660.0,2019.0,,117351039.0,1.0,9.0,520.0,2.88,61.0,4.0,91959.0,2.0,3.0,3.0,2.0,3.0,,51.8,,,
9212,103,55205.0,120.0,6016670.0,9.0,0.74,425.0,1971.0,6.2,115758092.0,1.0,3.0,300.0,0.74,58.06,1.0,9212.0,2.0,2.0,3.0,2.0,2.0,2016.0,97.3,37.0,1.0,
9217,21,60952.0,115.0,8996774.0,8.0,0.97,499.0,1909.5,2.04,115521533.0,1.0,1.0,320.0,0.97,68.0,2.0,9217.0,2.0,2.0,2.0,2.0,3.0,2016.5,115.2,65.0,36.5,
9221,8,68244.5,110.0,10800075.0,11.0,0.36,430.0,1995.0,7.23,115246794.5,1.0,5.0,285.0,0.36,54.75,1.0,9221.0,2.0,1.0,3.0,2.0,2.0,2019.0,118.1,0.0,573.0,
92224,23,28229.0,120.0,15895455.0,8.0,2.28,609.0,1968.0,12.1,116955236.0,1.0,2.0,460.0,2.28,70.0,3.0,92224.0,2.5,1.0,2.0,2.0,3.0,2019.0,110.2,95.0,4711.0,
92237,6,30687.5,140.0,5410591.0,7.5,7.89,506.485,1956.5,13.16,116951216.5,1.0,2.0,360.655,7.89,55.995000000000005,2.0,92237.0,2.5,1.0,,2.5,2.0,,195.25,70.0,4711.0,
9224,16,38659.5,125.0,9560076.0,10.0,0.54,451.0,1935.0,7.1,116168494.0,1.0,1.0,332.5,0.54,58.0,2.0,9224.0,2.0,1.0,3.0,2.0,2.0,2010.0,135.7,46.0,5.0,
92245,1,20210.0,150.0,18385730.0,12.0,7.52,990.0,1978.0,14.91,116417573.0,1.0,3.0,840.0,7.52,106.0,6.0,92245.0,3.0,2.0,3.0,3.0,5.0,2014.0,,,,
92272,1,43703.0,150.0,17376319.0,9.0,7.91,,1994.0,14.6,116590602.0,2.0,5.0,530.0,7.91,106.0,4.0,92272.0,3.0,0.0,3.0,3.0,5.0,,,,,
92278,1,42831.0,110.0,17534433.0,18.0,6.14,735.0,1988.0,,116614907.0,1.0,4.0,625.0,6.14,105.0,5.0,92278.0,3.0,,1.0,3.0,5.0,,58.9,60.0,,
9228,25,66221.0,84.0,16684043.0,10.0,0.39,436.8,1995.5,6.51,115401929.0,1.0,5.0,268.8,0.39,65.26,1.0,9228.0,2.0,2.0,3.0,2.0,3.0,2018.0,128.0,65.0,2.5,
92283,1,37210.0,150.0,796625.0,12.0,3.4,840.0,1995.0,,116808570.0,,5.0,690.0,3.4,111.0,5.0,92283.0,3.0,,,3.0,5.0,,,,,
92289,2,24168.0,150.0,18542350.0,11.5,8.14,1185.0,2020.0,15.31,117018384.5,2.0,9.0,1035.0,8.14,113.25,6.5,92289.0,4.0,0.5,1.0,4.0,5.0,,,,,
92318,22,26831.0,185.0,796625.0,11.5,2.5,1042.5,2002.0,7.24,116723037.0,1.0,6.0,830.0,2.5,90.0,6.0,92318.0,3.0,2.0,3.0,3.0,4.0,2016.0,85.0,,2.0,
9232,19,42185.0,100.0,830087.0,9.0,0.76,335.5,1992.0,-0.08,115717782.0,1.0,5.0,234.0,0.76,46.75,1.0,9232.0,2.0,1.0,3.0,2.0,2.0,2018.0,112.0,64.215,2.0,
92331,1,21242.0,,17026545.0,5.0,2.99,750.0,2018.0,6.52,117051540.0,,9.0,750.0,2.99,95.0,5.0,92331.0,3.0,0.0,1.0,3.0,4.0,,,,,
92334,7,36867.0,190.0,2667079.0,13.0,3.41,1032.5,2018.0,4.56,116387184.0,1.0,9.0,835.0,3.41,92.35,6.0,92334.0,3.0,1.5,3.0,3.0,4.0,2014.0,37.1,,1.0,
92339,7,54137.0,185.0,1017138.0,8.0,0.21,1330.0,2019.0,2.11,112808719.0,2.0,9.0,990.0,0.21,91.0,6.0,92339.0,3.0,1.0,3.0,3.0,4.0,2016.0,34.8,,28.0,
92345,3,73783.0,332.5,1017138.0,17.0,2.77,980.0,2004.0,3.84,113480254.0,1.5,6.5,860.0,2.755,123.61,6.0,92345.0,4.0,1.5,2.5,4.0,6.0,1996.0,68.2,,1.0,
9235,21,36777.0,115.0,20307.0,11.0,0.97,393.0,1996.0,3.58,116804536.0,1.0,5.0,273.0,0.97,51.3,1.0,9235.0,2.0,1.0,3.0,2.0,2.0,1997.0,94.55,59.0,11.5,
92353,5,28130.0,150.0,7460174.0,2.0,2.46,740.0,1980.0,5.32,116978084.0,1.0,3.0,630.0,2.46,83.0,5.0,92353.0,3.0,1.0,1.0,3.0,4.0,2020.0,143.8,180.0,1.0,
9236,2,81155.5,140.5,18362251.0,8.5,0.21,454.5,1915.0,,113117539.5,,1.0,314.0,0.21,68.25,2.0,9236.0,3.0,0.5,2.0,3.0,3.0,2019.0,,,,82185.0
92364,1,16865.0,150.0,17706530.0,11.0,1.99,900.0,2017.0,5.23,110561059.0,1.0,9.0,750.0,1.99,117.0,5.0,92364.0,4.0,2.0,2.0,4.0,5.0,2017.0,,,,
92421,10,29065.5,170.0,17041872.0,4.5,2.29,742.52,1976.5,6.75,116950383.5,1.5,3.0,527.52,2.29,66.0,3.5,92421.0,3.0,1.0,2.0,3.0,3.0,2019.0,182.2,108.0,4711.0,
92431,2,59115.0,195.0,17266203.5,15.5,2.33,1025.0,1948.5,5.34,115308582.0,1.0,3.0,775.0,2.33,118.22999999999999,5.0,92431.0,3.5,1.0,2.5,3.5,5.0,,113.5,80.0,,
9244,3,72328.0,90.0,9390078.0,8.0,0.38,345.0,,-1.95,113828506.0,1.0,,255.0,0.38,46.0,1.0,9244.0,2.0,2.0,2.5,2.0,2.0,,128.0,39.23,2.0,
92444,1,63609.0,150.0,302662.0,14.0,1.82,570.0,2016.0,7.08,108137822.0,1.0,9.0,420.0,1.82,75.0,3.0,92444.0,2.0,2.0,,2.0,3.0,2016.0,,,,
9247,6,25122.5,90.0,5167867.5,5.0,0.63,325.0,1994.0,8.26,117000260.0,1.0,5.0,235.0,0.52,42.8,1.0,9247.0,1.5,1.0,3.0,1.5,1.5,2019.0,155.54,,,
9249,1,75944.0,80.0,8996774.0,11.0,0.61,590.0,1908.0,,114415283.0,,1.0,430.0,0.61,86.0,3.0,9249.0,3.0,1.0,1.0,3.0,4.0,,169.7,80.0,,
92507,1,38448.0,80.0,5394580.0,7.0,1.3,,1950.0,5.47,116786966.0,1.0,1.0,430.0,1.3,31.0,3.0,92507.0,1.0,1.0,5.0,1.0,1.0,,,70.0,,
92521,1,36937.0,150.0,18258691.0,8.0,1.83,1000.0,,5.3,116822014.0,,,850.0,1.83,105.0,6.0,92521.0,4.0,1.0,2.0,4.0,5.0,2020.0,,,,
92526,3,47409.0,115.0,18180937.0,18.0,0.87,630.0,2008.0,2.64,116419657.0,1.0,7.0,630.0,0.87,85.0,5.0,92526.0,4.0,1.0,2.0,4.0,4.0,2020.0,73.92,,,
92533,1,13820.0,130.0,18625482.0,11.0,1.74,890.0,2016.0,-0.62,117142646.0,1.0,9.0,760.0,1.74,89.0,5.0,92533.0,3.0,0.0,3.0,3.0,4.0,2019.0,,,,
92539,3,61730.0,70.0,15302551.0,7.0,-1.74,584.5,1900.0,0.12,115627238.0,1.0,1.0,330.0,-1.74,69.0,2.0,92539.0,2.0,2.0,2.0,2.0,3.0,2015.0,126.2,70.0,2.0,
92637,18,41085.5,80.0,15421053.0,6.5,4.18,517.25,1973.0,13.78,114839855.5,1.0,3.0,450.0,4.18,63.5,3.0,92637.0,3.0,1.0,3.0,3.0,3.0,2019.0,85.0,42.47,4172.0,
92648,2,51196.0,135.0,18289769.0,2.0,5.57,490.0,2012.5,10.34,115427639.5,,8.0,422.5,5.57,59.0,2.5,92648.0,1.75,,,1.5,2.5,2019.0,54.0,,,
92665,2,34765.0,105.0,5410591.0,6.0,7.19,371.04499999999996,1952.0,13.01,116656501.0,,2.0,266.045,7.19,43.705,1.0,92665.0,1.5,0.0,,1.5,1.5,,71.0,52.5,4711.0,
92681,2,3869.0,100.0,705331.0,5.5,7.27,,1790.0,12.49,117339332.5,,1.0,420.0,7.27,62.0,2.5,92681.0,2.0,,1.0,2.0,2.5,,70.6,,,
92690,1,74547.0,,585896.0,4.0,6.94,,2013.0,17.13,114614670.0,1.0,8.0,1490.0,6.94,151.0,7.0,92690.0,4.0,,1.0,4.0,7.0,,85.0,,,
92693,1,30836.0,150.0,18617545.0,1.0,6.37,800.0,,16.68,116946031.0,,,650.0,6.37,150.0,5.0,92693.0,7.0,,,5.0,6.0,,,,,
92717,1,72822.0,80.0,15294103.0,9.0,,240.0,1864.0,,114789245.0,,1.0,160.0,,40.0,1.0,92717.0,1.5,2.0,2.0,1.0,1.0,2018.0,,,,
92723,1,49098.0,70.0,18089446.0,9.0,8.8,490.0,1957.0,14.74,111637426.0,,2.0,360.0,8.8,54.0,2.0,92723.0,2.0,2.0,2.0,2.0,2.0,2019.0,165.0,60.0,,
93047,25,25639.0,110.0,15757592.0,10.0,3.66,815.0,1981.5,5.21,116060632.0,1.0,3.5,740.0,3.66,49.0,5.0,93047.0,2.0,2.0,3.0,2.0,2.0,2013.5,84.45,62.5,25404.0,
93049,48,39964.0,188.5,16616940.5,6.0,4.09,960.0,2014.0,4.99,116614950.0,1.0,8.0,940.0,4.09,73.39,6.0,93049.0,2.5,1.0,3.0,2.0,3.0,2015.5,69.0,85.0,4711.0,
93051,21,21826.0,120.0,15757592.0,9.0,4.45,909.0,1984.5,6.25,117016326.0,1.0,4.0,730.0,4.45,63.0,5.0,93051.0,2.0,1.5,3.0,2.0,3.0,2016.0,110.0,139.0,6071.0,
93053,38,27428.0,97.0,15809298.0,5.0,3.6950000000000003,597.5,1984.0,8.335,116870342.5,1.0,4.0,400.0,4.715,29.384999999999998,2.0,93053.0,1.0,2.0,3.0,1.0,1.0,2013.5,126.2,60.0,4711.0,
93055,38,35565.0,144.1,13665911.0,7.5,4.86,840.0,2015.0,5.56,115859194.5,1.0,8.0,754.875,4.86,73.78999999999999,5.0,93055.0,3.0,1.0,3.0,3.0,3.0,2016.0,56.2,96.0,27656.0,
93057,7,22557.0,150.0,15757592.0,13.0,4.47,1250.0,1973.5,6.55,116737195.0,1.0,2.5,1100.0,4.47,58.81,7.0,93057.0,3.5,3.0,3.0,3.0,2.0,2019.0,128.6,61.0,,
93059,16,28529.0,145.0,8228185.0,9.0,4.36,805.0,1968.5,5.6,116876958.5,1.0,2.0,655.0,4.36,62.5,5.0,93059.0,2.0,1.0,4.0,2.0,2.5,2017.5,169.2,70.0,1253.0,
9306,17,20211.0,100.0,12594796.0,11.0,0.75,400.0,1987.0,0.22,115647663.0,1.0,4.0,300.0,0.75,60.0,1.0,9306.0,2.0,1.0,3.0,2.0,2.0,2019.0,113.6,65.0,1106.0,
93073,3,58330.0,250.0,17195475.0,10.0,3.05,1510.0,2005.0,6.72,113790148.0,1.0,7.0,990.0,3.05,138.0,6.0,93073.0,4.5,2.0,2.0,4.0,6.0,,61.9,,,
93077,9,31347.0,135.0,16402083.0,9.0,1.33,730.0,1983.0,5.33,116365102.0,1.0,4.0,660.0,1.33,80.5,5.0,93077.0,3.0,1.0,1.5,3.0,3.0,2019.5,77.85,76.0,1.0,
93080,11,20757.0,105.0,11905479.0,9.0,2.82,720.0,1985.0,5.46,116120988.0,1.0,4.0,700.0,2.82,60.0,5.0,93080.0,2.0,2.0,2.0,2.0,2.0,2015.0,101.9,100.0,4.0,
93083,6,52077.5,170.0,8084396.0,6.0,3.23,1010.0,1995.0,5.76,116170819.0,2.0,5.5,835.0,3.23,87.205,6.0,93083.0,2.5,1.0,2.0,2.0,4.0,2020.0,89.6,,,
93087,1,50507.0,170.0,17798671.0,4.0,2.98,870.0,1976.0,6.77,116269047.0,1.0,3.0,700.0,2.98,88.0,5.0,93087.0,4.0,1.0,2.0,4.0,4.0,2020.0,,,,
93092,2,16891.0,225.0,17774763.5,10.0,3.46,1135.0,2006.0,5.84,115331981.0,2.0,7.0,910.0,3.46,134.0,6.0,93092.0,4.5,1.5,2.0,4.5,6.0,2017.0,,,,
93093,3,45758.0,150.0,15542683.0,13.0,2.97,940.0,1983.0,5.22,116424376.0,1.0,4.0,780.0,2.935,85.0,5.0,93093.0,3.0,2.0,1.0,3.0,4.0,2016.0,150.2,,4.0,
93096,1,16791.0,120.0,18601096.0,12.0,2.95,610.0,2018.0,5.61,117108639.0,1.0,9.0,610.0,2.95,59.3,5.0,93096.0,2.0,1.0,2.0,2.0,2.0,,,,,
93098,1,11316.0,215.0,15757607.0,13.0,4.41,675.0,1971.0,6.82,65573543.0,1.0,3.0,460.0,4.41,70.0,3.0,93098.0,2.5,1.0,1.0,2.0,3.0,2016.0,,,,
93102,2,55523.5,180.0,6568371.0,7.5,2.43,758.5,1995.0,3.8,115982316.5,1.0,5.0,578.5,2.43,89.0,4.5,93102.0,2.5,,,2.5,3.5,,113.3,,300.0,
93104,3,24260.0,160.0,18559345.0,21.0,2.71,950.0,2020.0,,117016186.0,1.0,9.0,790.0,2.71,99.0,5.0,93104.0,3.5,0.0,1.0,3.0,4.0,,,,,
93105,1,17901.0,,11804977.0,11.0,3.24,,,5.49,117090585.0,,,720.0,3.24,98.0,5.0,93105.0,3.0,,,3.0,4.0,,,,2.0,
93128,4,48055.5,200.0,11341071.5,7.0,3.34,1061.175,1994.0,3.68,115547182.5,1.0,5.0,853.63,3.34,96.0,5.5,93128.0,2.5,1.0,2.5,2.5,4.5,2020.0,86.7,,1862381342.0,
93133,10,17918.0,192.65,16865631.5,11.0,2.41,890.0,1984.0,7.78,116970814.0,1.0,4.0,670.0,2.41,80.805,5.0,93133.0,3.0,1.0,2.0,3.0,3.5,2019.5,121.0,130.48,4711.0,
93138,4,43767.0,123.5,3161253.5,6.0,3.17,572.965,1975.0,4.86,116204944.0,1.0,3.0,430.0,3.17,51.489999999999995,2.5,93138.0,1.5,1.0,3.0,1.5,2.5,2019.0,141.0,60.0,2357.0,
93142,4,44272.5,157.5,14207151.0,7.5,2.26,1095.0,2019.0,7.27,116569603.0,2.0,9.0,892.5,2.26,103.5,6.0,93142.0,3.0,2.0,2.0,3.0,4.5,2020.0,110.85,165.0,,
93149,5,21624.0,180.0,17879750.0,3.0,1.96,950.0,2020.0,8.02,116971957.0,1.0,9.0,790.0,1.96,115.0,5.0,93149.0,3.0,1.0,3.0,3.0,5.0,2020.0,47.75,,1862381342.0,
93152,1,31595.0,140.0,17821989.0,7.0,3.35,935.0,1923.0,4.23,116932574.0,2.0,1.0,795.0,3.35,107.0,5.0,93152.0,4.0,2.0,3.0,4.0,5.0,1997.0,,,,
93155,1,12576.0,110.0,18626010.0,0.0,2.56,660.0,,4.49,117172180.0,1.0,,550.0,2.56,80.0,4.0,93155.0,2.0,2.0,2.0,2.0,3.0,2015.0,,,,
93158,1,23669.0,193.0,18609845.0,12.0,2.3,1053.0,2020.0,8.36,117015740.0,1.0,9.0,860.0,2.3,95.14,6.0,93158.0,3.0,1.0,3.0,3.0,4.0,,,,,
93161,3,15365.0,180.0,12591232.0,10.0,3.09,980.0,1986.0,6.13,117128389.0,1.0,5.5,800.0,3.09,92.0,5.0,93161.0,3.0,2.0,2.0,3.0,4.0,,51.9,,,
93167,1,68598.0,,16948563.0,6.0,3.9,540.0,,5.39,110385679.0,1.0,,420.0,3.9,52.0,3.0,93167.0,2.0,,,2.0,2.0,,,,,
93170,1,34381.0,110.0,18614550.0,13.0,2.22,600.0,,-2.4,116887476.0,,,490.0,2.22,70.0,3.0,93170.0,2.0,2.0,2.0,2.0,3.0,,,,,
93173,3,47259.0,150.0,17741147.0,1.0,3.44,1087.5,2013.0,6.27,112932630.0,2.0,8.0,825.0,3.44,90.0,6.0,93173.0,3.0,3.0,3.0,3.0,4.0,2013.0,,120.0,,
93176,1,10121.0,150.0,15962374.0,17.0,3.55,720.0,1993.0,4.52,117252476.0,,5.0,570.0,3.55,110.0,4.0,93176.0,4.0,1.0,1.0,4.0,5.0,,,,,
93183,1,61155.0,180.0,487085.0,16.0,4.97,980.0,,,115650992.0,,,800.0,4.97,144.0,5.0,93183.0,3.0,,2.0,3.0,6.0,,,,,
93186,1,46203.0,180.0,1672507.0,7.0,3.19,1071.0,1986.0,4.11,116457824.0,1.0,4.0,841.0,3.19,110.0,6.0,93186.0,4.0,1.0,2.0,4.0,5.0,,90.2,,1.0,
93189,1,19381.0,170.0,15937462.0,27.0,4.96,690.0,1937.0,9.53,104589630.0,1.0,1.0,520.0,4.96,101.0,4.0,93189.0,2.0,,2.0,2.0,5.0,,68.6,,,
93194,1,9389.0,,988719.0,8.0,4.61,280.0,,,115858275.0,,,280.0,4.61,36.0,1.0,93194.0,1.0,1.0,2.0,1.0,1.0,2019.0,,,,
93197,1,39561.0,175.0,5394580.0,12.0,2.98,,1979.0,5.65,116756867.0,,3.0,900.0,2.98,125.0,6.0,93197.0,4.0,2.0,1.0,4.0,6.0,,109.6,,,
9322,22,74667.5,120.0,293629.0,6.5,0.94,395.0,1903.5,-2.85,114576724.5,1.0,1.0,275.0,0.94,55.989999999999995,1.0,9322.0,2.0,2.0,3.0,2.0,2.0,2020.0,132.05,60.0,1.0,
9326,3,31439.0,125.0,12701376.0,10.0,-0.22,347.5,1935.0,-2.27,114681289.0,1.0,1.0,260.0,-0.22,59.0,1.0,9326.0,3.0,1.0,2.0,3.0,2.0,2018.5,106.0,,,
9328,10,73103.5,120.0,12856889.0,7.0,1.22,506.0,1919.5,,114501567.5,1.0,1.0,340.5,1.22,68.13499999999999,2.0,9328.0,3.0,1.5,3.0,3.0,3.0,2017.0,156.2,,1.0,
93309,6,18151.0,107.5,17797106.0,8.5,2.53,635.0,2005.0,4.85,117061352.0,1.5,6.0,500.0,2.53,60.0,3.5,93309.0,2.5,2.0,2.0,2.5,2.5,2016.0,81.5,110.0,3.0,
93326,4,38253.0,150.0,16567610.0,9.0,1.6400000000000001,965.0,2020.0,4.85,115027690.5,2.0,9.0,810.0,1.6400000000000001,84.0,5.5,93326.0,3.0,1.0,2.0,3.0,4.0,,30.45,,,
93333,5,28263.0,120.0,18258102.0,13.0,2.33,845.0,2007.0,6.34,115741489.0,1.0,6.5,730.0,2.33,90.36,5.0,93333.0,3.0,1.0,1.5,3.0,4.0,,58.5,75.0,,
93336,1,22665.0,135.0,18621195.0,22.0,-0.43,630.0,2004.0,8.94,117026300.0,,6.0,495.0,-0.43,70.0,3.0,93336.0,3.0,0.0,2.0,3.0,3.0,2019.0,,,,
93339,2,29137.0,107.5,10563439.0,12.0,2.04,750.0,1985.0,5.03,116960958.0,1.5,4.0,527.5,2.04,72.0,3.5,93339.0,2.0,1.0,1.0,2.0,3.0,2016.0,145.3,,,
93342,1,47420.0,160.0,18600817.0,0.0,2.06,680.0,,6.53,116417287.0,2.0,,520.0,2.06,50.0,4.0,93342.0,3.0,,2.0,3.0,2.0,,,,,
93343,1,46271.0,50.0,18600701.0,2.0,2.68,675.0,1882.0,2.4,116455975.0,1.0,1.0,625.0,2.68,70.0,5.0,93343.0,2.0,2.0,3.0,2.0,3.0,,,,,
93354,2,45984.0,220.0,9758010.0,8.5,2.07,1150.0,1512.5,5.27,115481064.5,1.5,1.0,930.0,2.07,125.5,6.0,93354.0,4.0,1.5,3.5,4.0,5.5,2012.0,77.5,,,
9337,61,66178.0,130.0,1039742.0,13.0,0.95,439.92,1979.0,7.39,114933390.0,1.0,3.0,297.08,0.95,57.0,1.0,9337.0,2.0,2.0,3.0,2.0,2.0,2018.0,113.05,62.43000000000001,2.0,
93413,8,10349.0,122.5,17284703.0,11.0,5.005,724.5,2019.0,8.28,116958276.5,1.0,9.0,594.5,5.01,74.0,4.0,93413.0,3.0,1.0,2.0,3.0,3.0,2016.5,93.75,100.0,2.0,
93426,7,32015.0,85.0,16620376.0,9.0,4.02,447.5,1970.0,10.22,116926085.0,1.0,2.0,360.0,4.02,42.0,2.0,93426.0,1.5,,2.0,1.0,2.0,2020.0,118.4,40.0,,
93437,3,47647.0,150.0,14606863.0,6.0,3.89,675.0,1988.0,6.01,116414763.0,1.5,4.5,450.0,3.89,80.0,3.0,93437.0,3.0,1.0,3.0,3.0,3.0,2010.0,122.35,,5012.0,
93444,1,28879.0,150.0,15821732.0,4.0,4.01,490.0,,7.84,116971541.0,,,340.0,4.01,52.0,2.0,93444.0,2.0,2.0,3.0,2.0,2.0,,,,,
93449,4,48804.0,137.5,302662.0,8.0,3.7,457.5,1996.0,5.76,109739430.0,,5.0,325.0,3.7,47.5,1.5,93449.0,2.0,1.0,2.0,2.0,2.0,2019.0,208.6,,3.0,
93464,1,48646.0,160.0,5329542.0,7.0,0.0,550.0,,,55870466.0,,,390.0,,77.0,2.0,93464.0,3.0,1.0,3.0,3.0,3.0,,,,,
93468,1,9283.0,90.0,18565775.0,1.0,3.69,780.0,2019.0,,115493379.0,1.0,9.0,690.0,3.69,91.0,5.0,93468.0,3.0,1.0,1.0,3.0,4.0,,,,,
93480,1,11134.0,150.0,18606635.0,13.0,-0.16,750.0,,3.71,116644758.0,1.0,,600.0,-0.16,104.0,4.0,93480.0,3.0,1.0,2.0,3.0,5.0,,,,,
93491,1,27798.0,125.0,18619299.0,1.0,4.12,,1994.0,7.72,116982820.0,,5.0,601.0,4.12,69.0,5.0,93491.0,2.0,1.0,,2.0,3.0,,,,,
93497,1,77635.0,160.0,3726140.0,11.0,3.12,900.0,2020.0,,113338929.0,2.0,9.0,740.0,3.12,82.5,5.0,93497.0,3.0,2.0,2.0,3.0,4.0,,38.0,,,
9350,33,55885.0,130.0,13236349.0,8.0,0.2,430.0,1941.0,6.16,114789190.0,1.0,1.0,300.0,0.2,62.62,1.0,9350.0,2.0,2.0,3.0,2.0,3.0,2019.0,96.0,60.0,2.0,
9353,21,77588.0,125.0,5783320.0,13.0,0.74,438.94,1983.0,4.11,113129614.0,1.0,4.0,288.76,0.74,59.0,1.0,9353.0,2.5,2.0,6.0,2.0,2.0,2015.5,116.0,70.33,1000.0,
9355,1,13313.0,80.0,15626841.0,9.0,0.0,280.0,1993.0,9.88,117160974.0,1.0,5.0,200.0,0.0,39.0,1.0,9355.0,2.0,2.0,2.0,2.0,1.0,,90.6,,1.0,
9356,9,55835.0,89.0,15298838.0,10.0,0.0,356.28,1994.0,5.6,72787110.0,1.0,5.0,213.28,0.0,53.32,1.0,9356.0,2.0,2.0,4.0,2.0,2.0,2019.5,113.1,59.0,2.0,
9366,29,56981.0,112.0,3635853.0,5.0,1.06,411.0,1980.0,3.49,115286533.0,1.0,3.0,290.0,1.06,57.0,1.0,9366.0,3.0,2.0,3.0,3.0,2.0,2020.0,83.5,66.0,1004.0,
9376,20,57424.0,131.0,17665005.0,8.5,1.28,451.0,1917.5,8.8,114829274.0,1.0,1.0,330.0,1.28,62.0,2.0,9376.0,2.5,2.0,2.5,2.5,3.0,2019.0,117.77000000000001,65.0,42.0,
9380,5,22483.0,165.0,13236349.0,5.0,0.78,588.75,1960.0,0.44,115828592.0,1.0,3.0,490.0,0.78,93.0,3.0,9380.0,3.0,2.0,3.0,3.0,4.0,2020.0,143.5,70.0,1.0,
9385,13,69306.0,100.0,17734612.0,8.0,1.58,405.6,1973.0,-0.18,114633443.0,1.0,3.0,277.3,1.58,57.86,1.0,9385.0,3.0,2.0,3.0,3.0,2.0,2015.0,98.0,90.0,798.5,
9387,3,51999.0,104.0,714505.0,16.0,1.09,407.0,1996.0,4.69,116172207.0,1.0,5.0,300.0,1.09,53.5,1.0,9387.0,3.0,1.0,2.0,3.0,2.0,2020.0,94.0,53.5,70.0,
9390,9,71646.0,130.0,13236349.0,6.0,2.74,423.0,1998.0,4.26,114894743.0,1.0,5.0,306.0,2.74,60.0,2.0,9390.0,2.0,2.0,5.0,2.0,2.0,2018.0,108.0,,,
9392,1,69372.0,110.0,16654480.0,12.0,0.8,320.0,1926.0,4.8,115169079.0,,1.0,210.0,0.8,39.0,1.0,9392.0,1.0,1.0,1.0,1.0,1.0,,120.2,,,
9394,7,74777.0,110.0,17665005.0,6.0,1.43,465.0,1910.0,3.47,112412033.0,1.0,1.0,299.0,1.43,53.0,1.0,9394.0,2.0,0.0,2.0,2.0,2.0,2019.0,134.0,100.0,,
9399,6,50059.5,97.0,17699808.5,2.0,0.16499999999999998,519.55,1920.0,-1.97,116312359.0,1.0,1.0,394.55,0.18,60.5,2.5,9399.0,2.5,1.0,2.0,2.5,2.5,2020.0,84.9,52.75,,
94032,97,53457.0,100.0,5322622.0,8.0,4.13,650.0,1990.0,9.01,115621790.0,1.0,4.0,529.0,4.16,53.51,4.0,94032.0,2.0,2.0,3.5,2.0,2.0,2018.0,110.0,40.0,13.0,
94034,23,27571.0,120.0,17014697.0,8.0,3.535,840.0,1976.0,7.68,116616593.0,1.0,3.0,575.0,3.6,67.38,4.0,94034.0,3.0,1.0,3.0,3.0,3.0,2019.5,109.5,70.0,34.0,
94036,44,44023.0,150.0,12969854.0,8.0,4.26,660.0,1993.0,8.66,116285850.0,1.0,5.0,505.0,4.26,63.0,3.5,94036.0,2.0,1.5,3.0,2.0,3.0,2018.0,104.04,60.0,417.0,
9405,23,48223.0,120.0,17571108.0,7.0,1.31,385.0,1939.0,3.55,115527236.0,1.0,1.0,247.5,1.31,55.0,1.0,9405.0,2.0,1.0,3.0,2.0,2.0,1999.0,81.0,60.0,,
94060,7,74329.0,150.0,2334852.0,7.0,4.51,900.0,2012.5,9.54,114637764.0,2.0,7.5,740.0,4.51,88.1,5.0,94060.0,2.0,1.0,2.0,2.0,4.0,2018.5,100.1,35.0,,
94065,3,50699.0,150.0,16041619.0,7.0,7.82,700.0,1997.5,13.25,116243675.0,1.0,6.0,550.0,7.82,75.0,4.0,94065.0,3.0,1.0,2.0,3.0,3.0,2017.5,66.85,,,
94072,8,63240.0,150.0,16952379.5,8.5,3.77,440.0,1985.0,8.53,115371355.5,1.0,4.0,323.5,3.77,38.0,1.5,94072.0,1.0,2.0,2.5,1.0,1.0,2019.0,152.4,,,
94078,1,28380.0,160.0,18618847.0,16.0,7.44,690.0,,14.06,116975499.0,1.0,,530.0,7.44,88.0,4.0,94078.0,3.0,2.0,2.0,3.0,4.0,2014.0,,,,
94081,2,50834.0,190.0,10425525.0,10.5,4.8,870.0,1986.5,10.04,108075513.0,1.0,4.0,650.0,4.6,108.0,4.5,94081.0,3.5,2.0,2.0,3.5,4.5,2018.0,116.7,110.0,,
94086,3,27885.0,110.0,15419585.0,11.0,4.75,390.0,1994.0,9.35,115087031.0,1.0,5.0,270.0,4.75,32.0,1.0,94086.0,1.0,1.0,3.0,1.0,1.0,2019.0,,,,
94099,4,45803.5,153.5,8785844.0,5.5,3.55,849.0,2020.0,9.36,99014108.5,1.0,9.0,670.0,3.55,83.0,4.5,94099.0,3.25,1.0,2.0,3.0,3.5,2015.0,,80.0,,
94104,4,43372.0,184.5,16527233.5,9.5,4.26,839.5,2019.0,9.58,115650339.0,1.0,9.0,612.5,4.26,102.5,4.5,94104.0,3.0,1.0,2.0,3.0,4.5,,14.1,,,
94113,2,49733.5,85.0,8268351.5,9.5,5.44,642.5,1979.0,14.42,116236927.5,1.0,3.5,557.5,5.44,88.41,4.0,94113.0,2.5,,2.0,2.5,4.0,,117.47,,,
94116,4,52595.0,170.0,16976997.0,11.0,4.75,760.0,1989.0,12.06,115395455.5,1.0,4.5,540.0,4.75,84.44,3.5,94116.0,3.0,1.0,3.0,3.0,3.5,2019.0,160.75,,,
94121,6,46392.5,197.5,16697851.5,9.0,5.42,817.5,1995.0,11.83,116317426.0,1.0,5.0,621.0,5.42,87.0,4.5,94121.0,3.0,2.0,2.5,3.0,4.0,2017.0,88.51,,,
94127,1,23700.0,200.0,47345.0,7.0,5.58,650.0,1993.0,12.58,117024284.0,2.0,5.0,400.0,5.58,57.1,2.0,94127.0,2.0,,2.0,2.0,2.0,,112.8,,,
94130,2,24132.5,92.5,17090579.0,11.5,5.75,677.5,1985.0,5.305,114402684.0,1.0,4.0,585.0,5.75,85.0,3.5,94130.0,3.0,2.0,2.0,3.0,4.0,2019.0,74.4,,,
94136,1,48230.0,200.0,16836646.0,18.0,4.17,1050.0,2000.0,10.85,114100833.0,1.0,5.0,800.0,4.17,130.0,5.0,94136.0,3.0,2.0,2.0,3.0,6.0,2011.0,75.1,,,
94139,1,5947.0,230.0,16406551.0,16.0,4.76,1025.0,,,75745176.0,1.0,,795.0,,122.0,5.0,94139.0,4.0,1.0,2.0,4.0,6.0,2014.0,129.7,,,
94148,2,41080.5,105.0,15193452.5,15.0,3.16,575.0,1977.5,6.09,114408467.5,1.0,3.0,447.5,3.16,56.0,3.0,94148.0,1.5,0.5,2.5,1.5,2.5,2017.5,137.2,30.0,1000.0,
94149,1,27171.0,150.0,17950230.0,23.0,5.56,799.0,1994.0,,104694478.0,3.0,5.0,649.0,,103.0,5.0,94149.0,4.0,,,4.0,5.0,2014.0,100.8,,,
94152,2,56578.0,200.0,9027979.0,9.0,3.19,890.0,1981.5,9.34,103205707.0,2.0,4.0,470.0,3.19,83.0,3.0,94152.0,2.5,1.0,2.0,2.5,3.5,2016.0,91.0,,,
94166,1,76158.0,125.0,5395221.0,8.0,2.02,515.0,1913.0,11.74,114385214.0,1.0,1.0,390.0,2.02,74.6,2.0,94166.0,2.5,1.0,2.0,2.0,3.0,2003.0,162.0,,,
9419,14,62884.5,127.5,17197716.5,6.0,2.55,471.68,1990.0,8.54,115211990.5,1.0,5.5,340.0,2.55,62.0,2.0,9419.0,2.0,2.0,3.0,2.0,3.0,2020.0,72.55,,2.0,
94209,5,27023.0,95.0,17683921.0,12.0,6.55,630.0,1981.0,20.53,116990432.0,1.5,4.0,385.0,6.55,54.0,2.0,94209.0,1.5,1.0,2.5,1.0,2.0,2020.0,133.4,50.0,,
94227,4,42632.5,120.0,5933670.0,2.0,5.4,785.0,1975.5,16.48,116388476.5,1.0,3.5,460.0,5.4,72.16499999999999,3.0,94227.0,3.0,1.5,3.0,3.0,3.0,2019.0,124.0,,,
9423,3,63200.0,80.0,17447585.0,11.0,0.78,438.0,1979.0,,115558190.0,1.0,3.0,298.0,0.78,55.4,1.0,9423.0,3.0,4.0,5.0,3.0,2.0,2013.0,94.89,55.0,,
94234,2,19792.0,110.0,13366880.0,8.0,5.72,575.0,2006.5,18.24,117072137.5,1.0,7.0,465.0,5.72,61.445,3.0,94234.0,2.0,1.5,1.5,2.0,2.5,2017.0,124.0,,,
94239,1,58112.0,64.0,18433813.0,8.0,7.72,394.0,1949.0,,115787828.0,,1.0,285.0,7.72,57.3,1.0,94239.0,2.0,0.0,2.0,2.0,2.0,,,,,
94252,1,68815.0,160.0,15883078.0,11.0,4.47,570.0,,22.65,115065799.0,1.0,,410.0,4.47,75.0,3.0,94252.0,3.0,0.0,,3.0,3.0,,,,,
94253,1,20921.0,150.0,17171034.0,6.0,6.0,650.0,1990.0,21.58,117054865.0,,4.0,500.0,6.0,100.0,3.0,94253.0,4.0,1.0,2.0,4.0,4.0,,,,,
94255,2,46569.5,200.0,8397195.0,6.5,6.36,675.0,,,115491549.5,1.0,,575.0,6.36,65.0,3.5,94255.0,2.5,1.0,2.0,2.5,2.5,,,,1.0,
94256,1,54167.0,140.0,18005976.0,10.0,5.75,550.0,,16.64,116048006.0,1.0,,410.0,5.75,49.0,3.0,94256.0,1.5,1.0,,1.0,2.0,,,,,
94258,1,78757.0,130.0,18433813.0,10.0,5.15,520.0,1962.0,18.92,113927652.0,,2.0,390.0,5.15,65.0,2.0,94258.0,2.0,2.0,2.0,2.0,3.0,2019.0,,,,
94264,1,6596.0,120.0,5342420.0,10.0,4.78,700.0,1974.0,,47537683.0,1.0,3.0,580.0,4.78,100.0,4.0,94264.0,4.0,,,4.0,4.0,2011.0,68.9,,,
9427,11,67213.0,171.0,10234174.0,9.0,2.24,1139.11,1908.0,6.3,115325308.0,1.0,1.0,968.24,2.24,113.91,6.0,9427.0,3.0,1.5,3.0,3.0,5.0,2019.0,104.0,,3.0,
9429,9,32157.0,100.0,17571108.0,9.0,1.34,400.0,1983.0,-2.44,116232275.0,1.0,4.0,300.0,1.34,61.7,1.0,9429.0,3.0,0.5,4.0,3.0,3.0,2020.0,68.0,60.0,1.0,
9430,23,30050.0,120.0,13236349.0,8.0,1.87,440.0,1968.0,-0.825,116794152.0,1.0,2.5,315.0,0.8250000000000001,70.0,2.0,9430.0,3.0,1.0,2.0,3.0,3.0,2015.0,136.0,65.0,,
94315,37,26777.0,170.0,16498404.0,9.0,4.49,775.0,1993.5,5.68,116992503.0,1.0,5.0,630.0,4.49,75.0,5.0,94315.0,2.0,2.0,3.0,2.0,3.0,2018.0,112.5,,2.0,
94327,1,27754.0,100.0,16116983.0,13.0,3.54,600.0,1995.0,1.69,116953781.0,1.0,5.0,500.0,3.54,60.0,3.0,94327.0,2.0,1.0,1.0,2.0,2.0,,,,,
94330,5,77307.0,170.0,497553.0,7.0,2.05,850.0,2020.0,0.17,114191098.0,1.0,9.0,675.0,2.05,77.21,5.0,94330.0,3.0,2.0,2.0,3.0,3.0,2016.0,54.0,,,
94331,2,60886.0,260.0,16748876.0,27.0,3.25,1080.0,2019.0,7.78,114501692.5,1.0,9.0,805.0,3.25,104.0,5.5,94331.0,3.0,3.0,3.0,3.0,5.0,,39.8,,,
94333,1,10872.0,120.0,18612576.0,6.0,3.47,720.0,2019.0,2.08,116833286.0,1.0,9.0,600.0,3.47,67.0,4.0,94333.0,3.0,,,3.0,3.0,2019.0,,,,
94339,1,26129.0,100.0,18501348.0,16.0,0.67,,1981.0,1.19,116178993.0,1.0,4.0,770.0,0.67,115.0,5.0,94339.0,4.0,1.0,2.0,4.0,5.0,2020.0,134.1,,,
94342,5,77957.0,190.2,15528428.0,10.0,4.43,915.24,2019.0,1.75,114071116.0,1.0,9.0,725.88,4.43,77.63,5.0,94342.0,3.0,1.0,1.0,3.0,3.0,2005.0,50.0,,,
94347,1,1731.0,150.0,18629759.0,5.0,,660.0,2001.0,,117329613.0,1.0,6.0,510.0,,85.0,4.0,94347.0,3.0,,,3.0,4.0,,,,,
9435,1,74394.0,100.0,559425.0,1.0,2.08,630.0,1963.0,0.62,85047897.0,,2.0,420.0,2.08,105.0,3.0,9435.0,5.0,3.0,3.0,5.0,5.0,1994.0,77.0,110.0,,
94354,1,30245.0,120.0,17908288.0,6.0,2.45,600.0,,,116956101.0,,,480.0,2.45,64.0,3.0,94354.0,2.5,1.0,1.0,2.0,3.0,2019.0,,,,
94360,1,73326.0,150.0,16586739.0,13.0,1.84,,1959.0,1.14,114741695.0,1.0,2.0,637.12,1.84,84.95,5.0,94360.0,3.0,1.0,2.0,3.0,4.0,2014.0,,,,
94366,1,65658.0,90.0,1164157.0,1.0,2.62,265.0,,-4.34,115432394.0,,,175.0,2.62,30.0,1.0,94366.0,1.0,1.0,1.0,1.0,1.0,1990.0,,,1.0,
94368,1,26754.0,150.0,18065727.0,7.0,,,1930.0,,116992542.0,,1.0,500.0,,85.0,3.0,94368.0,3.0,,,3.0,4.0,,,,,
94369,2,28911.0,150.0,18341636.5,25.0,2.91,835.0,2019.0,-2.35,116968440.5,1.0,9.0,697.5,2.91,82.08,5.0,94369.0,3.25,1.0,1.0,3.0,3.5,,38.0,,,
9437,2,75380.0,132.5,16711156.0,9.0,0.0,457.5,2013.0,,114496185.5,1.0,8.0,325.0,0.0,67.0,1.5,9437.0,1.5,1.0,3.0,1.5,3.0,2019.5,138.2,,,
94379,1,48289.0,200.0,5378256.0,10.0,1.72,650.0,1985.0,8.03,107937900.0,,4.0,450.0,1.72,80.49,3.0,94379.0,3.0,,,3.0,3.0,,72.1,,5.0,
9439,1,51621.0,226.21,15436919.0,32.0,0.38,611.68,,,116198223.0,1.0,,385.47,0.38,83.78,2.0,9439.0,4.0,5.0,5.0,4.0,4.0,2018.0,,,,
94405,7,41184.0,167.5,5640070.0,11.0,2.18,680.0,2019.0,6.76,116678034.0,1.0,9.0,679.0,2.18,81.46,5.0,94405.0,3.0,2.0,2.0,3.0,4.0,,44.1,107.0,4711.0,
94424,3,14581.0,117.5,2658062.0,8.0,3.57,397.5,1970.0,9.97,99933368.0,1.0,2.0,280.0,4.49,45.4,1.0,94424.0,2.0,1.0,2.0,2.0,2.0,2017.0,79.0,,,
94431,4,17472.0,155.0,16427198.0,15.5,3.19,950.0,2017.0,7.78,117143060.5,2.0,9.0,760.0,3.19,100.0,5.0,94431.0,3.25,1.0,1.5,3.0,4.0,,85.1,,931190782.0,
94436,1,26720.0,150.0,16748876.0,21.0,2.33,605.0,2015.0,,112533858.0,1.0,8.0,455.0,2.33,60.0,3.0,94436.0,2.0,1.0,2.0,2.0,2.0,2016.0,61.4,,,
94439,1,33772.0,0.0,17868779.0,7.0,2.76,495.0,,,116723044.0,1.0,,495.0,2.76,24.0,3.0,94439.0,1.0,-1.0,2.0,1.0,1.0,2020.0,,0.0,,
94447,5,35341.0,160.0,6355072.0,6.0,4.41,776.0,2013.0,9.34,115515949.0,1.0,8.0,630.0,4.41,75.0,5.0,94447.0,3.0,2.0,2.5,3.0,3.0,2017.0,90.0,,3.0,
94469,36,52696.0,140.0,14934294.0,8.0,4.07,885.0,1994.5,10.41,115828400.0,1.0,5.0,735.0,4.07,74.605,5.0,94469.0,3.0,2.0,3.0,3.0,3.0,2016.0,73.3,110.0,86.0,
94474,11,30933.0,180.0,17349048.0,14.0,4.67,815.0,1991.0,10.4,116751557.0,1.0,5.0,675.0,4.67,92.69,5.0,94474.0,3.0,2.0,3.0,3.0,4.0,2019.0,61.55,110.0,,
94481,2,3248.5,130.0,17335755.5,9.0,8.04,514.0,2018.0,13.38,117347300.5,1.0,9.0,449.0,8.04,88.0,2.5,94481.0,3.0,,,3.0,3.5,,59.5,,,
94486,1,23754.0,160.0,6355072.0,10.0,4.3,710.0,1992.0,8.12,117023874.0,1.0,5.0,550.0,4.3,80.0,4.0,94486.0,3.0,1.0,,3.0,3.0,,122.8,,,
94491,1,41685.0,150.0,54178.0,2.0,4.15,650.0,1993.0,9.14,114827407.0,1.0,5.0,460.0,4.15,70.1,3.0,94491.0,3.0,1.0,,3.0,3.0,,114.4,,,
94496,2,35927.5,172.5,8506101.0,3.5,4.89,552.5,1992.0,13.64,115482765.0,1.0,5.0,325.0,4.89,53.0,2.0,94496.0,2.0,,,2.0,2.5,2018.0,84.8,110.0,,
94501,1,5042.0,,965083.0,9.0,4.39,,1995.0,7.21,117326999.0,,5.0,430.0,4.39,69.0,3.0,94501.0,3.0,,,3.0,3.0,,119.3,,,
94508,1,35435.0,100.0,5322622.0,14.0,3.8,550.0,1994.0,-0.57,68548537.0,1.0,5.0,440.0,3.8,80.0,3.0,94508.0,3.0,1.0,3.0,3.0,3.0,,93.5,100.0,,
94513,1,27844.0,170.0,3148231.0,25.0,8.26,,,11.98,116982091.0,1.0,,670.0,8.26,111.39,5.0,94513.0,4.5,2.0,,4.0,5.0,2020.0,,,3.0,
94518,9,54121.0,132.5,8397195.0,6.0,10.1,562.5,1972.0,10.93,115565130.0,1.0,3.0,450.0,10.1,58.0,3.0,94518.0,2.0,1.5,3.0,2.0,2.0,2019.0,595.0,,1.0,
94526,2,53219.5,280.0,11812069.5,11.5,4.57,981.5,1964.0,9.9,116056910.5,2.0,2.0,729.0,4.57,89.5,5.0,94526.0,3.0,1.0,3.0,3.0,4.0,2013.0,63.0,,,
94535,1,68710.0,100.0,5640070.0,12.0,5.17,670.0,1992.0,8.65,106981666.0,,5.0,570.0,5.17,71.0,4.0,94535.0,3.0,,,3.0,3.0,,106.7,,,
94538,1,14861.0,180.0,16681698.0,17.0,3.98,760.0,,13.1,117138745.0,1.0,,580.0,3.98,94.0,4.0,94538.0,2.5,1.0,3.0,2.0,4.0,2017.0,,,,
94544,3,44248.0,160.0,650899.0,8.0,5.32,,2020.0,11.51,116570010.0,1.0,9.0,670.0,5.32,88.96,5.0,94544.0,3.0,,,3.0,4.0,,13.47,,0.0,
94548,1,32624.0,150.0,6355072.0,12.0,8.92,530.0,1951.0,16.56,113233556.0,1.0,2.0,380.0,8.92,76.0,2.0,94548.0,3.0,,,3.0,3.0,1990.0,130.3,,,
94554,1,41674.0,150.0,54178.0,7.0,4.6,595.0,1980.0,,116553472.0,1.0,3.0,420.0,4.6,74.0,3.0,94554.0,3.0,1.0,,3.0,3.0,2016.0,97.1,,,
9456,157,65427.0,130.0,13236349.0,8.0,1.16,424.0,1911.0,2.12,114137980.0,1.0,1.0,312.0,1.16,61.0,2.0,9456.0,2.0,2.0,3.0,2.0,3.0,2017.5,102.185,100.0,3.0,
94560,1,30144.0,70.0,497553.0,6.0,3.39,270.0,2003.0,11.77,85297635.0,,6.0,200.0,3.39,30.0,1.0,94560.0,1.0,2.0,2.0,1.0,1.0,,84.0,,,
94575,2,31852.5,140.0,18616094.0,1.0,4.44,262.5,1974.0,10.6,116928746.5,1.0,3.0,192.5,4.44,37.5,1.5,94575.0,1.5,0.0,3.0,1.5,1.5,,208.0,,,
9465,7,56628.0,60.0,16654480.0,10.0,1.35,308.98,1907.5,2.52,115919590.0,1.0,1.0,248.98,1.35,41.0,1.0,9465.0,2.0,2.0,2.0,2.0,2.0,2014.0,106.8,62.5,,
9468,7,78595.0,150.0,13236349.0,7.0,0.97,498.5,1991.0,,113961996.0,1.0,5.0,299.0,0.97,69.0,1.0,9468.0,3.0,2.0,4.5,3.0,3.0,2018.0,95.4,80.0,5.5,
9471,7,62278.0,120.0,13236349.0,9.0,0.82,350.0,1905.0,1.87,114899849.0,1.0,1.0,230.0,0.82,49.0,1.0,9471.0,2.0,1.0,1.5,2.0,2.0,2006.5,116.0,75.0,3.0,
9474,2,38361.0,87.5,13236349.0,7.0,1.24,362.5,,5.56,93510252.0,1.0,,275.0,1.24,53.35,1.0,9474.0,2.5,1.0,,2.5,2.0,,98.0,,,
9481,4,47489.0,100.0,13236349.0,8.5,0.545,427.5,1965.0,1.54,116419188.0,1.0,2.5,322.5,0.545,55.155,2.0,9481.0,2.0,1.0,4.0,2.0,2.0,2020.0,124.64,,,
9484,4,56816.5,59.0,18368408.0,10.5,1.59,319.5,1979.0,4.92,115903911.0,1.0,3.0,212.0,1.59,48.195,1.0,9484.0,2.5,,5.0,2.5,2.0,2019.0,63.5,45.0,,
9487,6,70763.0,150.0,13236349.0,5.0,1.31,517.5,1910.0,2.74,113446215.0,1.0,1.0,387.5,1.31,54.0,2.0,9487.0,2.0,2.0,4.0,2.0,2.0,2019.0,90.92,,31010.0,
9488,3,43995.0,55.0,10234174.0,5.0,2.0,230.0,1920.0,-1.87,91814574.0,1.0,1.0,168.0,2.0,45.0,1.0,9488.0,2.0,3.0,3.0,2.0,2.0,2000.0,82.87,40.0,1.5,
9496,29,40306.0,75.0,2225864.0,7.0,1.33,445.05,1967.5,2.87,116047858.0,1.0,2.5,272.55,1.33,63.6,1.0,9496.0,3.0,2.0,3.0,3.0,3.0,2020.0,99.8,60.0,1.0,
95028,24,30675.5,100.0,15375152.5,7.0,6.41,420.0,1984.0,11.48,116800649.5,1.0,4.0,325.0,6.41,55.0,2.0,95028.0,2.0,2.0,3.0,2.0,2.0,2017.0,111.725,35.0,1.0,
95030,18,49864.5,120.0,16874761.5,7.5,6.41,565.0,1955.0,11.48,116276642.5,1.0,2.0,397.5,6.41,70.0,2.0,95030.0,2.0,2.0,3.0,2.0,3.0,2019.0,137.6,75.0,1.0,
95032,4,47324.0,115.0,12953180.0,9.0,6.41,408.15,1986.5,11.48,116376397.5,1.0,4.0,270.0,6.41,46.415,1.0,95032.0,1.75,1.5,4.0,1.5,1.5,1997.0,99.0,,2.0,
9509,5,54276.0,56.0,16546172.0,6.0,0.19,449.575,1994.0,6.31,116045176.0,1.0,5.0,330.0,0.19,60.0,2.0,9509.0,3.0,2.0,3.0,3.0,2.0,2000.0,118.0,83.63,0.0,
95100,6,54004.5,80.5,18479724.0,9.0,3.94,532.5,1969.0,2.11,116058090.0,1.0,2.0,420.0,3.94,66.47,3.0,95100.0,2.5,2.5,4.0,2.5,2.5,2020.0,127.05,67.0,7.0,
95111,4,64449.5,150.0,13494131.0,10.0,3.6399999999999997,595.0,1996.5,10.99,106652291.0,1.0,5.5,459.5,4.42,69.055,3.0,95111.0,2.5,1.5,1.5,2.5,3.0,2017.0,84.72999999999999,95.0,6.0,
95119,1,78409.0,110.0,17383097.0,3.0,4.6,500.0,1988.0,9.06,113994861.0,,4.0,290.0,4.6,59.62,1.0,95119.0,2.0,1.0,1.0,2.0,2.0,,157.0,100.0,,
95138,5,55447.0,114.0,721207.0,15.0,5.39,385.0,1969.0,9.78,115667589.0,1.0,2.0,270.0,5.39,45.0,1.0,95138.0,2.0,1.0,2.0,2.0,2.0,2017.0,148.0,105.0,,
9514,3,64960.0,145.0,17571108.0,11.0,0.8,474.61,1933.0,,113019659.0,1.0,3.0,329.87,0.8,72.1,2.0,9514.0,3.0,0.5,3.0,3.0,3.0,1999.0,103.45,97.5,4.0,
95145,1,21476.0,155.0,18622326.0,12.0,5.36,690.0,,6.75,117047703.0,,,535.0,5.36,97.0,4.0,95145.0,4.0,2.0,3.0,4.0,4.0,2019.0,,,,
95152,1,68000.0,170.0,211253.0,7.0,4.86,,1920.0,11.2,115276706.0,,1.0,180.0,4.86,45.0,1.0,95152.0,2.0,1.0,,2.0,2.0,,193.5,,12.0,
95158,1,3429.0,170.0,17500260.0,5.0,4.64,460.0,1994.0,1.97,112804800.0,1.0,5.0,290.0,4.64,72.0,1.0,95158.0,3.0,2.0,2.0,3.0,3.0,2015.0,,,,
95168,1,11181.0,,17414831.0,14.0,5.77,320.0,1922.0,3.18,117210821.0,,1.0,320.0,5.77,80.0,2.0,95168.0,4.0,2.0,2.0,4.0,3.0,,,,,
95173,1,3692.0,125.0,15341957.0,9.0,2.38,705.0,,4.84,109714693.0,,,580.0,2.38,159.0,4.0,95173.0,4.0,,,4.0,7.0,,,,,
95176,2,47073.0,121.7,14728867.0,7.5,2.86,425.89,1962.0,9.36,115554911.0,,2.0,306.245,2.86,67.825,1.5,95176.0,3.0,1.5,,3.0,3.0,,60.1,90.0,,
9518,1,46500.0,103.0,17571108.0,11.0,2.08,320.0,1997.0,,104967012.0,1.0,5.0,206.0,2.08,36.44,1.0,9518.0,2.0,0.0,3.0,2.0,1.0,2007.0,79.0,,,
95183,1,43964.0,220.0,12953180.0,7.0,3.18,,1983.0,12.99,116574630.0,1.0,4.0,500.0,3.18,100.0,3.0,95183.0,5.0,2.0,,5.0,4.0,,94.0,,,
95186,1,51422.0,240.0,5450517.0,11.0,2.12,,1972.0,6.9,116205343.0,1.0,3.0,520.0,2.12,130.0,4.0,95186.0,4.0,,,4.0,6.0,,192.6,,7.0,
95189,4,63570.0,99.5,18479724.0,10.0,4.08,688.5,1960.0,9.34,115491357.0,1.0,2.0,524.0,4.08,83.0,3.5,95189.0,3.5,1.0,3.0,3.5,3.5,2019.0,189.7,83.0,,
95192,1,76153.0,155.0,476243.0,4.0,2.17,,1982.0,,78637937.0,,4.0,300.0,,58.0,1.0,95192.0,2.0,,,2.0,2.0,,111.0,,,
95213,2,25423.5,221.965,16388992.5,16.0,4.75,805.675,1925.0,7.66,116992278.0,1.0,1.0,583.71,4.75,86.785,4.5,95213.0,3.5,1.0,3.0,3.5,4.0,2018.0,119.29,,,
95233,1,10999.0,80.0,15356248.0,10.0,4.42,325.0,1993.0,6.83,117212740.0,1.0,5.0,245.0,4.42,42.0,1.0,95233.0,1.0,4.0,4.0,1.0,2.0,2018.0,85.0,,,
9526,23,52430.0,65.0,18426685.0,8.0,0.58,366.0,1964.0,6.28,114966860.0,1.0,2.0,250.0,0.58,48.85,1.0,9526.0,2.0,1.0,3.0,2.0,2.0,2010.0,91.0,58.0,1000.0,
95326,9,31543.0,140.0,18517291.0,7.0,3.66,808.0,2020.0,12.51,116487654.0,1.0,9.0,648.0,3.66,72.0,5.0,95326.0,2.5,1.0,3.0,2.0,3.0,2017.0,11.9,,,
95339,1,73684.0,79.0,146060.0,9.0,3.39,395.42,1922.0,8.84,114700452.0,,1.0,316.42,3.39,60.85,2.0,95339.0,3.0,2.0,,3.0,2.0,,205.0,,,
95346,3,81066.0,50.0,510752.0,6.0,3.32,,1979.0,5.76,113374884.0,1.0,3.0,450.0,3.32,110.0,3.0,95346.0,4.0,0.5,2.0,4.0,5.0,,117.6,154.0,11.0,
95349,1,18417.0,200.0,15555643.0,7.0,3.33,950.0,1981.0,14.84,116848830.0,1.0,4.0,750.0,3.33,113.0,5.0,95349.0,4.0,1.0,3.0,4.0,5.0,,33.0,,,
9544,3,77164.0,32.0,3520254.0,10.0,0.48,373.0,1989.0,,114213926.0,,4.0,221.0,0.48,62.9,1.0,9544.0,3.0,1.5,3.0,3.0,3.0,,128.0,109.0,,
95444,29,32233.0,120.0,13173676.0,9.0,3.73,490.0,1987.0,7.06,116719428.0,1.0,4.0,383.53,3.73,30.0,2.0,95444.0,1.0,2.0,4.0,1.0,1.0,2019.0,140.0,35.0,312.0,
95445,14,45810.0,139.0,9362951.5,9.0,3.16,620.0,1988.0,8.87,115998444.0,1.0,4.0,527.5,3.16,62.855,4.0,95445.0,2.5,1.5,2.5,2.5,3.0,2017.0,87.6,40.0,101.0,
95447,15,33802.0,135.0,693445.0,11.0,3.16,490.0,1986.0,8.87,116843808.0,1.0,4.0,350.0,3.16,33.63,2.0,95447.0,1.0,1.5,3.5,1.0,1.0,2019.5,110.0,65.0,312.0,
95448,19,33234.0,139.0,13109095.0,7.0,3.78,545.0,1993.0,8.65,113671775.0,1.0,5.0,380.0,3.78,40.0,2.0,95448.0,1.5,1.0,3.0,1.0,1.0,2018.5,152.0,50.0,2.0,
95463,1,39879.0,135.0,16243436.0,1.0,6.92,1312.0,2016.0,13.24,113806866.0,2.0,9.0,1087.0,6.92,127.0,7.0,95463.0,4.5,1.0,1.0,4.0,6.0,,31.8,,,
95466,15,30949.0,90.0,17946136.0,10.0,6.38,660.0,,12.37,116944214.0,,,510.0,6.38,63.0,4.0,95466.0,3.0,1.0,2.0,3.0,3.0,2020.0,,55.0,,
95469,1,21319.0,170.0,15591330.0,9.0,3.7,540.0,,,73480318.0,1.0,,370.0,,58.0,2.0,95469.0,2.0,1.0,2.0,2.0,2.0,2020.0,,,,
9548,1,67751.0,120.0,13236349.0,5.0,0.88,319.0,1900.0,,115291445.0,,1.0,199.0,0.88,55.0,1.0,9548.0,2.0,1.0,,2.0,2.0,,104.0,,,
95482,1,30075.0,110.0,15972915.0,10.0,7.83,380.0,1994.0,8.96,116957947.0,1.0,5.0,270.0,7.83,36.0,1.0,95482.0,1.0,1.0,2.0,1.0,1.0,,1.34,,,
95485,1,18301.0,40.0,16504562.0,12.0,1.88,536.02,,6.95,117086406.0,,,293.02,1.88,69.77,1.0,95485.0,4.0,1.0,,4.0,3.0,,,203.0,,
95488,1,9645.0,150.0,18624318.0,5.0,7.02,730.0,1970.0,11.35,117096733.0,1.0,2.0,580.0,7.02,74.0,4.0,95488.0,3.0,1.0,2.0,3.0,3.0,2018.0,,,,
95500,1,22354.0,130.0,17731105.0,9.0,7.53,,2000.0,10.04,117035043.0,2.0,5.0,490.0,7.53,70.0,3.0,95500.0,3.0,1.0,1.0,3.0,3.0,2000.0,176.54,,,
95515,1,22513.0,130.0,17950165.0,5.0,5.63,390.0,,,104693627.0,,,260.0,5.63,33.0,1.0,95515.0,2.0,,,2.0,1.0,2005.0,,,,
9557,39,62758.0,130.0,336275.0,12.0,0.8,445.0,1982.0,-2.98,114359518.0,1.0,4.0,310.0,0.8,59.0,2.0,9557.0,2.0,3.0,3.0,2.0,2.0,2012.0,111.0,80.0,3.0,
9559,1,66563.0,50.0,16457942.0,22.0,1.18,200.0,1900.0,1.2,115373223.0,,1.0,200.0,1.18,48.0,1.0,9559.0,1.0,2.0,4.0,1.0,2.0,2012.0,,,100.0,
95615,3,53869.0,170.0,15651662.0,8.0,5.33,690.0,1949.5,2.29,102453114.0,0.5,1.5,680.0,5.33,110.0,5.0,95615.0,4.0,2.0,2.5,4.0,5.0,2016.5,,,,
95632,3,73875.0,103.5,17889505.0,11.0,3.15,650.0,1967.0,1.55,114681939.0,1.0,2.0,500.0,3.15,85.0,3.0,95632.0,3.5,0.5,2.0,3.0,4.0,2019.0,104.8,88.0,,
95643,3,55651.0,91.0,15421053.0,7.0,6.59,558.59,2020.0,11.72,115966522.0,1.0,9.0,376.59,6.59,64.54,2.0,95643.0,2.0,1.0,2.0,2.0,3.0,,,91.0,4182.0,
95652,4,53475.5,92.5,17438077.5,13.0,7.02,705.0,1962.0,9.99,116120119.5,,2.0,579.5,7.02,75.5,4.0,95652.0,2.5,2.0,2.0,2.5,3.5,2015.0,22.0,105.0,,
95666,3,65251.0,75.0,15421053.0,8.0,6.32,497.0,1964.0,13.68,115445420.0,1.0,2.0,350.0,6.32,74.4,2.0,95666.0,3.0,3.0,4.0,3.0,3.0,2011.0,69.7,85.0,4123.0,
95676,3,59684.0,65.0,18433813.0,1.0,7.56,410.0,1900.0,10.06,115256432.0,,1.0,345.0,7.56,67.63,2.0,95676.0,2.0,1.0,2.0,2.0,3.0,2018.0,259.0,0.0,4151.0,
9569,17,48343.0,144.0,29141.0,12.0,0.98,400.0,1988.0,2.55,116199078.0,1.0,4.0,290.0,0.98,58.6,1.0,9569.0,2.0,2.0,3.0,2.0,2.0,2017.0,137.77,72.75,,
95694,1,14833.0,70.0,18625448.0,0.0,8.85,240.0,,5.9,117139340.0,,,170.0,8.85,25.0,1.0,95694.0,1.0,,,1.0,1.0,,,,,
9573,18,56431.0,112.0,15886430.0,5.5,0.94,471.0,1913.5,0.68,107155804.5,1.0,1.0,328.5,0.94,62.644999999999996,2.0,9573.0,2.5,1.0,2.0,2.5,3.0,2011.5,112.85,75.0,,
9575,1,55671.0,60.0,10221277.0,5.0,1.81,,1994.0,-1.51,115966586.0,,5.0,216.0,1.81,39.88,1.0,9575.0,1.0,,,1.0,1.0,,95.1,45.0,,
9577,5,48531.0,150.0,3583339.0,8.0,0.38,462.0,1970.0,1.47,116385121.0,1.0,2.0,345.0,0.38,63.0,2.0,9577.0,3.0,1.0,2.5,3.0,3.0,2017.0,113.5,90.0,2.0,
9579,9,49088.0,115.0,15626841.0,10.0,3.02,355.0,1917.0,1.38,113393045.0,1.0,1.0,255.0,3.02,54.0,1.0,9579.0,2.0,2.0,3.0,2.0,2.0,2019.0,135.0,85.0,1.0,
9599,320,53705.5,78.5,10221277.0,8.0,1.18,400.0,1971.0,1.2,115764198.0,1.0,3.0,301.0,1.18,55.22,2.0,9599.0,2.0,3.0,3.0,2.0,2.0,2015.0,91.0,73.0,30.0,
9600,4,28325.5,111.0,16828173.5,9.0,0.37,403.25,1927.0,1.57,115358111.5,1.0,1.0,292.25,0.37,58.0,1.5,9600.0,2.0,2.0,,2.0,2.5,,179.4,,,
9603,7,45704.0,100.0,15816508.0,12.0,1.34,467.5,1901.0,-3.08,116502483.0,1.0,1.0,349.0,1.34,59.0,2.0,9603.0,2.0,1.0,3.0,2.0,2.0,2009.5,61.92,,,
96042,1,11467.0,300.0,17426588.0,4.0,5.31,1645.0,2014.0,8.42,117202860.0,2.0,8.0,1345.0,5.31,117.0,7.0,96042.0,4.0,5.0,5.0,4.0,5.0,,,,,
96047,33,67243.0,215.0,12442276.0,2.0,5.31,1170.88,2016.0,8.42,114881192.0,1.0,9.0,1100.0,5.31,85.58,7.0,96047.0,3.0,2.0,3.0,3.0,4.0,2018.0,58.0,30.0,1.0,
96049,8,22064.0,150.0,16929549.0,9.5,5.42,970.0,1965.0,8.7,116255077.0,1.0,2.0,795.0,5.42,94.1,5.5,96049.0,3.0,2.0,2.0,3.0,4.0,2018.0,146.3,160.0,,
96050,12,13796.0,140.0,17201549.0,3.0,5.77,825.0,2016.5,8.85,116917651.5,1.0,8.5,680.845,5.77,67.89,5.0,96050.0,2.5,2.0,3.0,2.5,3.0,2018.0,48.9,,,
96052,16,26725.0,115.0,15906904.0,9.0,5.77,762.5,1939.0,8.85,116896063.0,1.0,2.0,577.5,5.77,50.57,4.0,96052.0,2.0,2.0,3.0,2.0,2.0,2019.0,195.59,51.0,2.0,
96103,4,44101.0,195.0,16957136.5,11.0,6.64,1150.0,2010.5,11.48,115422761.0,1.5,7.5,975.0,6.64,106.0,6.0,96103.0,3.5,3.0,3.0,3.5,4.5,2017.0,184.70000000000002,,,
96110,3,14552.0,130.0,18600773.0,5.0,4.16,621.88,2019.0,11.2,116916733.0,1.0,9.0,491.88,4.16,41.32,3.0,96110.0,1.0,0.0,2.0,1.0,2.0,,,,,89680.0
96114,1,12123.0,40.0,16528830.0,26.0,5.93,630.0,2000.0,11.13,117181652.0,1.0,5.0,550.0,5.93,63.0,4.0,96114.0,2.0,1.0,3.0,2.0,3.0,2016.0,71.43,40.0,,
96120,1,27878.0,150.0,622499.0,0.0,6.34,800.0,1989.0,11.41,116981042.0,1.0,4.0,590.0,6.34,115.0,4.0,96120.0,3.5,0.0,2.0,3.0,5.0,2020.0,,,,
96126,3,35363.0,135.0,16920590.0,7.0,3.64,1045.0,1937.0,6.89,106813068.0,1.5,1.0,340.0,4.02,70.0,2.0,96126.0,2.5,1.0,2.0,2.0,3.0,2002.5,175.925,120.0,,
96129,2,20682.5,70.0,17713049.0,6.5,6.48,660.0,1954.0,12.14,117080693.0,,2.0,590.0,6.48,65.0,4.0,96129.0,2.5,1.0,2.5,2.5,2.5,2019.5,,,,
96135,1,11757.0,120.0,622499.0,0.0,1.41,,1965.0,,34784937.0,1.0,2.0,600.0,,95.0,4.0,96135.0,3.5,0.0,3.0,3.0,4.0,,,120.0,,
96142,1,27366.0,85.0,510752.0,2.0,5.75,,2011.0,,116987994.0,,8.0,365.0,5.75,51.86,2.0,96142.0,2.0,0.0,,2.0,2.0,,71.9,100.0,,
96148,1,278.0,90.0,16851794.0,5.0,4.19,300.0,,12.13,117384657.0,,,210.0,4.19,25.0,1.0,96148.0,1.0,,,1.0,1.0,2020.0,,,,
96149,2,51589.0,50.0,16213708.0,8.5,7.305,927.5,1949.5,12.71,114732518.0,,3.0,877.5,7.305,55.0,5.5,96149.0,3.25,,,3.0,3.0,2004.0,223.0,,1.0,
96160,1,25993.0,200.0,17956931.0,20.0,6.47,940.0,,,117000818.0,1.0,,740.0,6.47,100.0,5.0,96160.0,3.5,0.0,2.0,3.0,4.0,2018.0,,,,
96163,1,29060.0,200.0,4697473.0,12.0,5.78,1320.0,1988.0,12.82,116969549.0,1.0,4.0,1120.0,5.78,140.0,7.0,96163.0,4.5,1.0,2.0,4.0,6.0,,93.8,,,
96164,1,17572.0,80.0,18518598.0,19.0,7.63,1080.0,1995.0,8.7,114664449.0,1.0,5.0,880.0,7.63,76.0,6.0,96164.0,3.0,1.0,1.0,3.0,3.0,2019.0,,120.0,,
9618,16,48103.0,130.0,16623643.0,9.0,0.38,430.0,1969.5,-0.83,114998033.5,1.0,2.5,300.0,0.38,59.75,1.0,9618.0,3.0,1.0,3.0,3.0,2.0,2019.0,90.0,55.0,,
96181,1,84436.0,140.0,18315346.0,0.0,4.24,535.0,1970.0,,112000267.0,1.0,2.0,395.0,4.24,87.0,2.0,96181.0,4.0,1.0,3.0,4.0,4.0,2020.0,,,,
9619,1,81339.0,85.0,10221277.0,9.0,0.77,,1994.0,2.42,113293828.0,,5.0,360.0,0.77,68.7,2.0,9619.0,2.0,,,2.0,3.0,,135.4,65.0,,
96191,1,52717.0,0.0,16934159.0,5.0,6.81,600.0,1971.0,11.0,112892647.0,,3.0,600.0,6.81,47.0,4.0,96191.0,1.5,-1.0,,1.0,2.0,,177.0,,1.0,
96194,2,751.0,95.0,17616347.0,14.0,4.96,,1994.0,10.855,113776775.5,,5.0,375.0,4.96,58.5,2.0,96194.0,2.0,2.0,3.0,2.0,2.5,2017.5,115.2,,,
96197,1,16412.0,150.0,16811474.0,6.0,3.04,480.0,1975.0,,117116019.0,,3.0,480.0,3.04,133.0,3.0,96197.0,3.0,1.0,2.0,3.0,6.0,2015.0,,,,
96215,3,53343.0,150.0,15937642.0,7.0,5.02,740.0,1973.5,14.98,116122705.0,1.0,3.0,590.0,5.02,86.0,4.0,96215.0,3.0,1.0,2.0,3.0,4.0,,182.55,,,
96224,1,17405.0,200.0,18624329.0,11.0,4.37,770.0,2005.0,15.8,117097242.0,,6.0,570.0,4.37,95.0,4.0,96224.0,3.0,,,3.0,4.0,2005.0,55.6,,,
9623,8,74094.5,127.5,16654480.0,13.5,0.0,345.0,1973.0,,113845836.5,1.0,3.0,258.5,0.0,55.8,1.0,9623.0,2.5,1.0,1.0,2.5,2.0,,105.9,,,
96237,3,29473.0,150.0,17185800.0,8.0,2.11,672.5,1963.5,2.79,116965439.0,1.5,4.5,600.0,2.11,109.0,4.0,96237.0,4.0,1.0,1.0,4.0,5.0,2018.0,194.9,,,
96247,1,28904.0,210.0,16161417.0,15.0,2.08,787.0,,,88209356.0,1.0,,577.0,,98.0,4.0,96247.0,4.0,2.0,3.0,4.0,4.0,1999.0,104.7,,,
96253,1,9522.0,200.0,18027024.0,10.0,0.82,1000.0,,5.27,117263483.0,2.0,,800.0,0.82,120.0,5.0,96253.0,6.0,1.0,2.0,5.0,5.0,2020.0,,,,
96260,1,19278.0,150.0,18623641.0,5.0,7.5,400.0,1970.0,17.04,117074010.0,1.0,2.0,250.0,7.5,45.0,1.0,96260.0,1.0,1.0,1.0,1.0,2.0,2019.0,,,,
96264,1,23964.0,60.0,17809402.0,7.0,5.53,650.0,1952.0,16.21,116311417.0,2.0,2.0,590.0,5.53,84.42,4.0,96264.0,3.0,1.0,3.0,3.0,4.0,,194.7,,,
96269,1,62438.0,125.0,17185800.0,4.0,4.91,692.0,2015.0,6.27,111291149.0,1.0,8.0,567.0,4.91,63.0,4.0,96269.0,2.0,,,2.0,3.0,,46.1,,,
9629,2,43170.0,140.0,8538317.5,12.5,2.01,694.5,1999.0,,116349718.0,1.5,5.0,614.5,2.01,115.0,4.5,9629.0,4.5,0.0,3.0,4.5,5.0,2017.0,142.3,,,
96317,6,7478.0,91.5,16150157.0,9.5,7.61,,,3.8,117297446.0,,,427.5,7.61,60.5,3.0,96317.0,3.0,1.0,1.0,3.0,2.5,,169.4,62.0,0.0,
9633,17,48392.0,130.0,15816508.0,15.0,1.05,374.5,1951.0,3.67,116387342.0,1.0,2.0,278.0,1.05,48.0,1.0,9633.0,2.0,1.0,3.0,2.0,2.0,2003.0,108.33,84.0,,
96332,1,1664.0,200.0,18630550.0,0.0,6.46,560.0,,-0.93,117364396.0,1.0,,360.0,6.46,90.0,2.0,96332.0,4.0,2.0,2.0,4.0,4.0,,,,,
96346,1,19229.0,175.0,18623673.0,1.0,7.42,550.0,1970.0,,117075066.0,1.0,2.0,375.0,7.42,88.0,2.0,96346.0,3.5,,,3.0,4.0,2017.0,,,,
96364,1,7080.0,,18629085.0,20.0,6.9,,,4.78,117301240.0,2.0,,750.0,6.9,130.0,5.0,96364.0,5.0,1.0,3.0,5.0,6.0,,,,,
96365,2,26065.5,145.0,18505903.0,13.0,4.62,660.0,,1.9,116999767.0,,,515.0,4.62,127.5,3.5,96365.0,5.0,1.5,2.0,4.0,5.5,2018.5,,,,
9638,1,24278.0,200.0,18620853.0,22.0,0.78,519.0,,-3.37,117015911.0,,,319.0,0.78,58.0,2.0,9638.0,2.5,0.0,3.0,2.0,2.0,2018.0,,,,
96450,73,40284.0,155.0,15937642.0,8.0,3.04,837.0,1965.0,4.21,116236567.0,1.0,2.0,620.0,3.04,82.37,5.0,96450.0,2.5,1.0,2.0,2.0,4.0,2019.0,133.3,100.0,121.0,
96465,9,50135.0,105.0,940038.0,6.0,1.41,445.0,1970.0,4.09,115615580.0,1.0,2.0,311.0,1.41,62.5,2.0,96465.0,3.0,2.0,3.0,3.0,3.0,2015.5,146.6,100.0,201.0,
96472,9,32320.0,98.0,15332706.0,5.0,1.01,388.98,1949.0,5.08,116921599.0,1.0,1.0,273.0,1.01,62.09,1.0,96472.0,2.0,1.0,3.0,2.0,3.0,2018.0,148.4,63.0,201.0,
96476,4,38017.5,75.0,9762608.0,11.0,0.87,392.5,1996.0,3.98,116495107.0,1.0,5.0,387.5,0.87,49.0,2.0,96476.0,1.5,2.0,2.0,1.5,1.5,2020.0,104.8,,121.0,
96479,3,32258.0,150.0,617215.0,7.0,0.52,370.0,1953.0,4.9,116922336.0,,2.0,220.0,0.52,48.82,1.0,96479.0,2.0,1.0,2.0,2.0,2.0,,327.0,,201.0,
9648,91,60295.0,90.0,3583339.0,9.0,1.58,400.0,1928.0,0.56,114886443.0,1.0,1.0,285.0,1.58,52.0,1.0,9648.0,2.0,2.0,4.0,2.0,2.0,2015.0,98.2,62.5,2.0,
96482,2,24917.5,152.5,14640204.5,12.0,0.485,717.5,1980.0,1.5,117008507.0,3.0,3.0,565.0,0.485,76.0,4.0,96482.0,2.75,0.0,1.5,2.5,3.5,2019.0,,,,
96484,2,45238.0,125.0,16367695.0,6.5,1.9,485.0,,3.075,101013347.0,1.0,,360.0,1.9,60.0,2.0,96484.0,2.25,1.0,1.0,2.0,2.5,2015.5,,,,
96486,1,58399.0,150.0,940038.0,11.0,1.98,,1974.0,4.61,84872949.0,1.0,3.0,540.0,1.98,96.0,4.0,96486.0,3.5,,,3.0,4.0,2013.0,148.0,,121.0,
96487,4,35077.5,120.0,16332625.5,10.0,1.56,467.5,1991.0,5.56,115020655.0,1.0,5.0,335.0,1.27,56.5,2.0,96487.0,1.5,2.0,2.5,1.5,2.5,2017.0,109.7,60.0,121.0,
96515,20,44693.5,135.0,940038.0,7.0,2.38,425.0,1920.0,6.82,116281939.0,1.0,1.0,365.0,2.38,67.5,2.0,96515.0,2.0,2.0,3.0,2.0,3.0,2017.0,116.0,70.0,3.0,
96523,1,64213.0,170.0,940038.0,5.0,2.27,520.0,1995.0,,104118591.0,1.0,5.0,350.0,,78.0,2.0,96523.0,3.0,4.0,4.0,3.0,3.0,,86.0,,,
96524,1,50771.0,120.0,15332706.0,9.0,-0.95,,1996.0,,116240436.0,1.0,5.0,325.0,-0.95,65.0,2.0,96524.0,3.0,1.0,,3.0,3.0,,149.6,,3.0,
96528,1,32318.0,110.0,15332706.0,8.0,1.1,,1971.0,7.12,116921491.0,,3.0,390.0,1.1,59.0,2.0,96528.0,3.0,2.0,3.0,3.0,2.0,2020.0,72.0,,3.0,
96529,1,20027.0,70.0,2691263.0,8.0,0.0,390.0,1905.0,,89705826.0,,1.0,320.0,,53.0,2.0,96529.0,2.0,1.0,2.0,2.0,2.0,2014.0,,,,
9661,57,67441.0,125.0,16102366.0,9.0,0.78,400.49,1918.5,-0.04,115307716.0,1.0,1.0,270.0,0.78,54.3,1.0,9661.0,2.0,2.0,3.0,2.0,2.0,2013.0,139.1,80.0,2.0,
9669,84,63177.5,105.0,3583339.0,9.0,0.96,420.0,1995.0,-0.34,114083863.5,30.0,5.0,296.0,0.96,61.29,1.0,9669.0,2.0,2.0,4.0,2.0,3.0,2015.5,98.0,62.5,2.0,
97070,15,26395.0,105.0,16934174.0,9.0,2.86,980.0,1959.0,9.7,115665898.0,1.0,2.0,895.0,1.71,65.0,6.0,97070.0,2.5,2.0,3.0,2.0,3.0,2016.0,107.75,,1.0,
97072,10,23283.5,99.5,18264518.5,10.0,1.88,807.5,1965.0,10.13,116951254.5,,2.5,590.0,1.88,47.295,4.5,97072.0,2.0,2.0,5.0,2.0,2.0,2020.0,126.45,,2356.0,
97074,24,32719.5,85.87,16934174.0,6.0,1.76,690.0,1982.0,10.28,116681460.5,1.0,4.0,536.9300000000001,1.76,44.0,4.0,97074.0,1.25,2.0,3.0,1.0,2.0,2019.0,91.95,54.04,1.0,
97076,10,20335.0,180.0,10514195.5,9.5,1.9,752.5,1986.5,9.37,116957140.5,1.0,4.0,737.5,1.9,84.5,5.0,97076.0,3.0,2.5,3.0,3.0,3.5,,106.0,196.0,3.5,
97078,5,40065.0,125.0,16934174.0,11.0,2.02,890.0,1978.0,9.63,113436823.0,1.0,3.0,795.0,2.02,80.0,5.0,97078.0,2.0,1.0,2.0,2.0,3.0,2018.0,139.3,,2.0,
97080,9,32274.0,85.0,16934174.0,11.0,2.22,930.0,1970.0,8.73,115993118.0,1.0,2.0,860.0,2.22,65.0,6.0,97080.0,2.0,1.0,4.5,2.0,3.0,2020.0,113.55,,1.0,
97082,14,42921.5,150.0,16325148.5,10.0,2.45,955.0,1971.0,10.71,115317703.5,1.0,2.5,857.5,2.45,72.5,6.0,97082.0,2.0,2.0,4.0,2.0,3.0,2011.0,133.85,,1.0,
97084,4,15741.0,100.0,14834406.0,11.0,1.94,510.0,1994.0,9.46,117152099.5,1.0,5.0,755.0,1.94,67.0,5.0,97084.0,1.0,2.0,3.0,1.0,2.5,2016.0,103.5,,0.0,
97199,4,26364.0,108.0,17664474.0,7.5,2.75,670.0,1969.5,3.32,116623237.5,1.0,2.5,665.0,2.75,82.0,4.5,97199.0,3.5,2.0,2.0,3.5,3.5,2020.0,231.8,,4711.0,
97204,9,38062.0,60.0,16934174.0,9.0,3.95,840.0,1970.0,6.34,107371934.0,1.0,2.0,790.0,4.785,60.0,5.0,97204.0,2.0,1.0,2.0,2.0,2.0,2017.0,126.0,,1.0,
97209,2,57496.5,0.0,16934174.0,12.0,2.65,1020.0,1993.5,,85031370.5,1.0,5.0,1020.0,,75.5,6.5,97209.0,2.0,8.0,,2.0,3.5,,195.5,,1.0,
97215,2,41548.0,207.5,17996692.0,8.5,4.9,732.5,1995.0,9.41,116557635.5,1.0,5.0,525.0,4.9,77.5,3.5,97215.0,2.5,2.5,3.5,2.5,3.5,,110.0,,,
97218,5,11723.0,90.0,18625528.0,8.0,4.07,451.9,1975.5,6.89,117157465.0,,3.0,321.9,4.07,32.85,2.0,97218.0,1.0,1.5,2.0,1.0,1.0,2020.0,121.7,35.0,,
97222,1,24593.0,113.0,17592270.0,13.0,3.43,880.0,2017.0,6.3,117012746.0,1.0,9.0,747.0,3.43,82.97,5.0,97222.0,2.0,2.0,3.0,2.0,4.0,,43.4,20.0,20.0,
97228,2,27169.0,145.0,17644566.0,12.5,3.8,749.5,2015.0,4.56,116066981.5,1.0,8.0,604.5,3.8,68.0,4.5,97228.0,2.5,2.5,3.5,2.5,2.5,,,,,
97230,2,12148.0,150.0,17302906.5,8.5,3.7350000000000003,930.0,1998.0,6.12,117165265.0,1.0,5.0,780.0,3.7350000000000003,80.0,5.5,97230.0,2.75,2.5,2.5,2.5,3.5,,,,,
97234,1,254.0,164.0,17367567.0,16.0,2.96,910.0,1904.0,6.04,117384971.0,1.0,1.0,746.0,2.96,82.0,5.0,97234.0,3.0,1.0,4.0,3.0,4.0,2017.0,78.0,,,
97236,2,28314.5,140.0,17416271.0,5.5,4.89,762.5,1912.0,4.19,116975957.5,,1.0,622.5,4.89,54.0,4.0,97236.0,2.5,1.0,2.0,2.0,2.5,2020.0,157.1,,,
97241,2,49627.5,177.5,9323172.0,11.5,2.65,820.0,2019.0,2.11,115911021.0,1.0,9.0,610.0,2.65,63.665,4.5,97241.0,2.0,2.0,,2.0,3.0,,48.0,,,
97249,1,26669.0,150.0,17816401.0,0.0,3.61,852.0,1995.0,7.24,116992821.0,1.0,5.0,702.0,3.61,90.0,5.0,97249.0,3.0,1.0,2.0,3.0,4.0,,75.0,,,
97256,1,3281.0,80.0,18097034.0,7.0,3.17,590.0,2015.0,,117349851.0,1.0,8.0,510.0,3.17,55.0,4.0,97256.0,2.5,,,2.0,2.0,2015.0,,,,
97261,1,31619.0,160.0,15835859.0,10.0,3.67,810.0,2020.0,4.61,116932530.0,1.0,9.0,650.0,3.67,69.0,5.0,97261.0,2.0,,,2.0,3.0,,35.0,,,
97265,3,35660.0,0.0,16934174.0,11.0,7.23,925.0,1975.0,5.07,102711708.0,,3.0,925.0,7.23,74.0,6.0,97265.0,2.0,1.0,3.0,2.0,3.0,2019.0,94.0,,1.0,
97270,1,57773.0,126.0,14282282.0,1.0,4.88,761.0,,1.72,115808514.0,1.0,,635.0,4.88,63.0,5.0,97270.0,2.0,,,2.0,3.0,,,,,
97271,1,36147.0,120.0,17333412.0,10.0,3.57,480.0,,,106973484.0,,,360.0,,60.0,2.0,97271.0,3.0,,,3.0,2.0,,,,,
97286,2,23616.0,175.0,16596791.0,8.0,3.8600000000000003,925.0,2004.0,3.22,100523893.0,1.0,6.5,737.5,3.87,77.5,5.0,97286.0,2.75,1.0,3.0,2.5,3.0,2013.0,99.0,,,
97289,1,1413.0,0.0,16934174.0,9.0,6.35,1390.0,1955.0,,117369246.0,,2.0,1390.0,6.35,88.0,7.0,97289.0,4.0,,,4.0,4.0,,,,1.0,
97291,1,24629.0,40.0,17592270.0,12.0,4.48,290.0,1985.0,6.48,117012499.0,1.0,4.0,220.0,4.48,23.6,1.0,97291.0,1.0,2.0,3.0,1.0,1.0,,167.7,30.0,11.0,
97294,1,50925.0,0.0,16934174.0,15.0,3.82,895.0,1987.0,-4.36,114433504.0,,4.0,895.0,3.82,60.0,6.0,97294.0,2.0,1.0,,2.0,2.0,,84.0,,1.0,
97297,1,9733.0,220.0,16531711.0,18.0,3.8,935.0,1973.0,6.76,117260609.0,1.0,3.0,690.0,3.8,81.0,5.0,97297.0,3.0,,,3.0,4.0,,122.0,,,
97299,1,76439.0,0.0,16934174.0,14.0,4.71,1115.0,,,104136582.0,,,1115.0,,80.0,7.0,97299.0,4.0,2.0,,4.0,3.0,,,,1.0,
97318,8,40167.0,130.0,465763.0,8.0,5.07,695.0,1958.0,11.95,116498943.5,1.0,2.0,712.5,5.07,89.0,5.0,97318.0,3.0,1.0,3.0,3.0,4.0,2019.0,210.6,,2.0,
97320,1,9882.0,225.0,16570780.0,2.0,6.06,975.0,2019.0,,117255780.0,1.0,9.0,750.0,6.06,105.0,5.0,97320.0,2.0,3.0,3.0,2.0,5.0,2020.0,,,,
97332,2,30392.5,80.0,9433323.5,10.0,3.4050000000000002,650.0,1982.5,5.41,95221243.0,,3.5,570.0,3.4050000000000002,79.18,3.5,97332.0,2.5,2.0,2.0,2.5,3.5,2013.0,92.6,,,
97334,3,10379.0,150.0,17730296.0,9.0,4.42,650.0,1977.0,,117240420.0,1.0,3.0,500.0,4.42,72.5,3.0,97334.0,3.5,1.0,2.0,3.0,3.0,2009.0,74.0,,,
97337,3,17078.0,80.0,17283062.0,10.0,4.23,980.0,1904.0,8.82,117023179.0,1.0,2.5,780.0,4.23,90.0,5.0,97337.0,3.5,1.0,2.0,3.0,4.0,2017.0,,,1.0,
97350,2,47857.5,170.0,465763.0,8.5,9.265,690.0,1998.0,,114964403.5,,5.0,605.0,9.265,56.5,4.0,97350.0,1.5,1.5,2.0,1.5,2.0,,60.1,,2.0,
97355,1,9094.0,350.0,17832252.0,15.0,,,,,117273215.0,1.0,,750.0,,150.0,5.0,97355.0,5.0,,3.0,5.0,6.0,,,,970001.0,
97421,7,37758.0,85.0,16934174.0,9.0,6.49,745.6600000000001,1968.5,11.219999999999999,116768496.0,1.0,2.5,546.32,6.93,65.4,4.0,97421.0,2.5,2.0,3.0,2.0,3.0,,80.0,69.0,1.0,
97422,6,23521.0,204.5,17006895.5,8.0,5.76,1105.0,1986.0,10.93,117025206.5,1.0,4.0,822.5,6.654999999999999,99.0,5.5,97422.0,3.5,1.5,5.0,3.5,4.5,2018.0,101.0,66.5,4711.0,
97424,4,10336.5,157.0,16675810.0,7.0,7.34,851.78,1963.5,10.39,117240203.5,,2.0,712.78,7.34,82.535,5.0,97424.0,3.5,1.5,2.5,3.5,3.5,2020.0,106.0,79.5,1.0,
97437,4,3809.0,142.2,532915.0,10.0,3.92,929.5,2020.0,11.01,117340004.0,1.0,9.0,787.3,3.92,79.0,5.5,97437.0,2.5,0.0,,2.5,3.5,,49.0,,,
97440,1,22256.0,200.0,18589475.0,14.0,6.06,1299.0,1997.0,8.88,117037134.0,2.0,5.0,1099.0,6.06,157.0,7.0,97440.0,5.0,,,5.0,7.0,2020.0,,,,
97450,2,29391.0,187.0,9195380.5,10.0,4.2,759.5,1959.5,6.17,85003888.5,1.0,1.5,572.5,5.17,100.315,4.0,97450.0,3.5,1.5,2.0,3.5,4.5,2016.0,196.0,,,
97453,3,62564.0,100.0,18101721.0,10.0,5.59,430.0,1958.0,10.68,115589654.0,,2.0,330.0,5.59,35.65,2.0,97453.0,1.0,2.0,2.0,1.0,1.0,2020.0,102.1,,,
97475,1,21092.0,110.0,18622687.0,8.0,4.62,599.0,,8.29,117053105.0,,,489.0,4.62,105.0,3.0,97475.0,4.0,1.0,1.0,4.0,5.0,2018.0,,,,
97483,2,15535.0,115.0,17795374.5,14.0,3.79,850.0,1992.0,9.46,117131397.5,1.0,4.5,670.0,3.79,127.5,4.5,97483.0,2.5,1.0,1.5,2.5,5.0,2016.0,,130.0,,
97486,1,48997.0,100.0,532915.0,35.0,,850.0,1980.0,,116364524.0,2.0,3.0,750.0,,150.0,5.0,97486.0,2.0,,3.0,2.0,6.0,,139.0,,,
97493,1,6048.0,150.0,18629396.0,9.0,6.66,1050.0,2012.0,10.5,117314263.0,1.0,8.0,900.0,6.66,100.0,6.0,97493.0,4.0,2.0,2.0,4.0,4.0,,,,,
97496,2,3882.5,120.0,532915.0,23.0,,550.0,2020.0,,117339210.5,1.0,9.0,430.0,,59.37,3.0,97496.0,2.0,0.5,,2.0,2.0,,66.0,,,
97500,1,11897.0,100.0,18474603.0,7.0,3.73,610.0,1996.0,16.39,117187924.0,1.0,5.0,510.0,3.73,78.0,4.0,97500.0,3.0,,,3.0,3.0,,,,,
97505,1,18966.0,175.0,4424276.0,9.0,5.37,875.0,,6.57,117080161.0,2.0,,700.0,5.37,118.0,5.0,97505.0,4.0,2.0,2.0,4.0,5.0,2018.0,,,,
97506,2,13253.0,197.5,11658316.5,10.0,5.984999999999999,902.5,,10.425,110851670.0,1.0,,705.0,5.984999999999999,83.5,5.0,97506.0,3.25,1.5,2.0,3.0,4.0,2018.0,,,12.0,
97509,1,26257.0,170.0,18619945.0,20.0,6.85,810.0,1980.0,,116996424.0,,3.0,640.0,6.85,110.0,5.0,97509.0,4.0,1.0,1.0,4.0,5.0,2018.0,123.8,,,
97525,1,16958.0,100.0,18624538.0,5.0,8.05,1090.0,2020.0,10.89,117106135.0,1.0,9.0,890.0,8.05,118.0,6.0,97525.0,3.0,2.0,3.0,3.0,5.0,,,100.0,,
97526,3,52305.0,106.0,5394580.0,8.0,6.98,848.64,2004.0,10.63,116167096.0,1.5,6.5,720.28,6.98,81.85,5.0,97526.0,3.0,1.0,,3.0,4.0,,79.5,75.5,,
97616,4,45192.0,145.5,5410591.0,4.5,4.93,671.5,1956.5,8.62,116548368.0,1.0,2.0,473.5,4.93,76.03999999999999,3.0,97616.0,3.5,1.0,1.0,3.5,3.0,2012.0,173.0,163.0,4711.0,
97631,5,62134.0,180.0,5933670.0,1.0,4.05,578.5,1972.0,9.77,115615581.0,,3.0,350.0,4.05,72.36,2.0,97631.0,3.0,1.0,1.0,3.0,3.0,,180.0,,,
97645,1,71891.0,300.0,18530170.0,1.0,6.12,1100.0,,5.45,114879358.0,,,800.0,6.12,180.0,5.0,97645.0,4.0,1.0,1.0,4.0,7.0,2016.0,,,,
97647,1,8957.0,185.0,18628529.0,15.0,,635.0,,,117275339.0,1.0,,450.0,,101.0,3.0,97647.0,4.0,2.0,2.0,4.0,5.0,2020.0,,,,
97688,48,34008.0,170.0,5759049.0,11.0,5.06,732.0,1985.0,14.17,116310351.5,1.0,3.5,542.0,5.06,74.325,4.0,97688.0,2.5,2.0,3.0,2.0,3.0,2020.0,113.2,110.0,3.0,
97702,6,39186.5,96.0,15780202.0,3.5,3.02,516.91,1964.0,,95004673.0,,2.0,333.44,,69.275,2.0,97702.0,3.0,1.0,3.0,3.0,3.0,,132.9,94.0,,
97708,1,50974.0,100.0,5782582.0,8.0,4.93,440.0,1982.0,14.59,116235405.0,,4.0,340.0,4.93,67.0,2.0,97708.0,2.0,3.0,,2.0,3.0,,93.3,,,
97711,1,60531.0,51.0,15780202.0,3.0,2.22,490.0,1969.0,,90052408.0,,2.0,317.0,,63.49,2.0,97711.0,2.0,1.0,2.0,2.0,3.0,,134.0,122.0,,
97720,2,44500.0,50.0,8471253.0,13.0,3.375,552.5,1992.0,9.2,100169700.5,,5.0,462.5,4.71,82.0,3.0,97720.0,3.0,1.0,2.0,3.0,3.5,2020.0,,80.0,,
97737,5,27307.0,132.0,5410591.0,5.0,4.04,500.92,1991.0,6.36,116860590.0,1.0,5.0,407.92,4.04,71.54,3.0,97737.0,3.0,1.0,2.5,3.0,3.0,,98.5,170.0,4711.0,
97753,2,37675.0,17.5,17263222.0,14.0,4.404999999999999,590.0,1985.0,5.135,113025210.5,1.0,3.5,572.5,4.404999999999999,57.5,3.5,97753.0,2.0,1.5,3.0,2.0,2.5,2011.0,141.75,,11.0,
97762,7,29383.0,113.0,15924548.0,6.0,6.35,595.0,1957.0,13.36,116887551.0,1.0,2.0,450.0,6.35,75.7,3.0,97762.0,3.0,0.0,2.0,3.0,3.0,2018.0,143.0,68.5,,
97769,4,68826.0,180.0,18213483.0,7.0,5.03,700.0,1993.0,13.31,115207307.5,2.0,5.0,520.0,5.03,100.0,3.5,97769.0,4.0,1.0,2.0,4.0,4.0,2012.0,73.0,,,
97799,1,57618.0,100.0,7620974.0,16.0,3.74,1150.0,1740.0,4.8,65571730.0,1.0,1.0,880.0,3.74,115.0,6.0,97799.0,4.0,1.0,2.0,4.0,5.0,2020.0,,170.0,,
97816,1,6121.0,120.0,18629366.0,0.0,4.54,640.0,1995.0,7.75,117313765.0,1.0,5.0,520.0,4.54,63.5,4.0,97816.0,2.0,,,2.0,3.0,2014.0,,,,
97828,13,53439.0,220.0,15582728.0,17.0,5.33,1245.0,1986.0,8.97,114848133.0,1.0,4.0,970.0,5.33,92.01,6.0,97828.0,3.0,1.0,2.5,3.0,4.0,2020.0,131.8,,8.0,
97840,1,15250.0,150.0,4291130.0,15.0,4.4,600.0,1993.0,,58273886.0,1.0,5.0,430.0,4.4,92.0,3.0,97840.0,4.0,2.0,2.0,4.0,4.0,,100.9,,,
97843,1,23431.0,100.0,15338261.0,10.0,5.73,470.0,2000.0,-1.08,117026168.0,1.0,5.0,370.0,5.73,45.17,2.0,97843.0,2.0,2.0,2.0,2.0,2.0,,117.7,,,
97859,1,9962.0,150.0,18627716.0,11.0,5.36,510.0,1972.0,,117248621.0,1.0,3.0,360.0,5.36,75.0,2.0,97859.0,3.0,2.0,,3.0,3.0,,,,,
97877,12,69668.0,139.0,17553235.0,4.0,3.34,810.0,2020.0,5.34,115066448.0,1.5,9.0,690.0,3.34,77.25,5.0,97877.0,2.0,2.0,4.0,2.0,3.0,2020.0,35.0,,106.0,
97900,2,28819.5,185.0,18607104.0,13.0,3.23,930.0,1926.0,4.28,116968780.5,2.0,1.0,745.0,3.23,125.0,5.0,97900.0,5.0,1.5,3.0,4.0,5.5,,,,,
97909,2,20547.5,110.0,17185919.0,11.0,3.46,602.5,1987.5,12.98,113117846.5,1.0,4.5,455.0,3.46,66.5,3.0,97909.0,2.5,0.0,3.0,2.0,3.0,2018.0,68.1,75.0,,
97922,1,9271.0,140.0,18603811.0,8.0,3.23,565.0,1994.0,5.2,117254543.0,1.0,5.0,425.0,3.23,90.0,3.0,97922.0,3.0,2.0,3.0,3.0,4.0,,,,,
97941,3,31014.0,70.0,2259639.0,6.0,3.64,930.0,1933.0,6.21,116244146.0,1.0,1.5,860.0,3.64,129.0,6.0,97941.0,4.0,1.0,3.0,4.0,6.0,2018.0,101.8,75.0,,
97944,1,59411.0,150.0,545298.0,8.0,3.74,,1951.0,6.76,115730679.0,1.0,2.0,295.0,3.74,49.0,1.0,97944.0,2.0,,,2.0,2.0,,152.92,,,
97947,1,68433.0,0.0,16934174.0,17.0,2.62,895.0,1968.0,4.44,115230788.0,,2.0,895.0,2.62,96.0,6.0,97947.0,4.0,,,4.0,4.0,,,,1.0,
97950,2,51573.0,0.0,16934174.0,15.0,3.575,815.0,1961.0,,102214970.0,,2.0,815.0,,75.0,5.5,97950.0,2.5,,,2.5,3.5,,,,1.0,
97956,1,76959.0,50.0,18327980.0,8.0,2.32,445.0,1964.0,,114260682.0,1.0,2.0,380.0,2.32,76.63,2.0,97956.0,4.0,1.0,,4.0,3.0,,154.6,,,
97957,2,64011.5,350.0,9691825.0,14.5,1.705,680.0,2011.0,3.91,114208324.0,1.5,7.5,740.0,1.705,182.5,5.0,97957.0,4.0,,,4.0,5.5,,97.5,,1.0,
97980,18,33799.5,175.0,15379235.0,5.5,3.78,867.5,1995.0,6.38,116626111.5,1.0,4.5,690.0,3.78,76.525,5.0,97980.0,3.0,2.0,5.0,3.0,3.0,2019.0,101.0,100.0,367.0,
97990,2,48360.0,90.0,18333306.0,4.5,4.47,,,5.07,116041366.0,1.0,,717.5,4.47,95.685,5.5,97990.0,3.0,1.0,,3.0,4.0,,70.76,65.0,,
97996,2,15706.0,160.0,17714150.0,14.5,4.71,860.0,1972.0,4.2,117144530.0,1.0,3.0,700.0,4.71,113.5,5.0,97996.0,4.5,1.5,2.5,4.5,5.0,2019.5,,,,
98527,67,48562.0,110.5,522295.0,7.0,5.05,505.0,1974.5,5.33,115782965.0,1.0,3.0,365.0,5.05,58.89,2.0,98527.0,3.0,2.0,3.0,3.0,2.0,1998.0,94.69999999999999,71.0,1.0,
98528,8,69823.5,109.5,522295.0,8.5,5.05,435.1,1986.5,1.63,115087922.0,1.0,4.0,281.53499999999997,5.05,58.21,1.0,98528.0,2.0,4.0,,2.0,2.0,,79.1,64.0,1.0,
98529,14,58745.0,105.0,522295.0,3.0,5.5,504.0,1966.0,5.72,115729106.0,1.0,2.0,362.0,5.705,60.19,2.0,98529.0,3.0,3.0,3.0,3.0,2.5,2018.5,93.7,71.0,1.0,
98544,18,70713.5,75.0,501283.0,7.0,2.51,497.5,1977.0,-1.12,113776301.0,1.0,3.0,350.0,2.51,60.59,2.0,98544.0,3.0,3.0,4.0,3.0,2.5,2020.0,93.0,70.0,1.0,
98553,2,44246.5,145.0,16334110.5,24.0,3.06,715.0,1800.0,0.61,103021749.5,,1.0,549.5,3.06,79.75,3.5,98553.0,2.5,2.0,2.5,2.5,3.0,2015.5,70.0,,1.0,
98559,5,49990.0,100.0,7337388.0,6.0,2.74,476.1,1994.0,-4.26,116325807.0,1.0,5.0,361.1,2.74,62.0,2.0,98559.0,2.0,2.0,3.0,2.0,3.0,,86.3,90.0,1.0,
98574,12,52973.5,96.8,16622383.0,8.0,3.07,490.0,1989.5,-0.56,115892630.5,1.0,4.5,319.0,3.07,56.65,2.0,98574.0,2.0,2.0,4.0,2.0,2.5,2016.5,77.2,78.5,,
98587,5,26170.0,150.0,18084474.0,8.0,2.24,681.6,2003.0,,116989852.0,1.0,6.0,501.6,2.24,84.0,4.0,98587.0,2.5,1.0,2.0,2.0,4.0,2019.0,122.5,80.0,,
98617,36,48790.0,115.0,607950.0,6.5,3.05,474.78,1975.0,-1.88,114578659.0,1.0,3.0,355.0,3.05,61.54,2.0,98617.0,3.0,1.0,4.0,3.0,2.5,2015.0,90.80000000000001,105.0,1.0,
98631,2,43469.5,146.5,8831842.0,9.0,3.02,686.5,2002.0,-3.42,82829070.5,2.0,6.0,540.0,3.02,99.71,3.5,98631.0,4.0,1.5,3.0,3.5,4.0,2002.0,88.2,,,
98634,8,41630.5,100.0,607950.0,8.5,2.8,432.5,1986.0,-5.39,112772174.5,1.5,4.0,349.5,2.8,57.0,2.0,98634.0,2.5,2.5,4.0,2.5,2.0,2019.0,112.0,80.0,1.0,
98639,1,51435.0,88.5,16740759.0,2.0,1.96,308.5,1995.0,,110044752.0,1.0,5.0,220.0,1.96,42.49,1.0,98639.0,1.0,3.0,3.0,1.0,2.0,,,,,
98646,6,60671.5,100.0,14949300.0,9.0,3.15,485.0,1988.5,3.24,115421430.0,1.0,4.5,367.5,3.15,59.5,2.5,98646.0,2.0,2.0,3.5,2.0,2.5,2000.0,115.2,45.0,,
98663,1,58103.0,140.0,809682.0,10.0,2.58,470.0,1984.0,1.97,115787790.0,,4.0,330.0,2.58,62.0,2.0,98663.0,3.0,,,3.0,3.0,,141.0,,,
98666,4,47938.0,115.0,15258712.0,9.5,2.53,437.5,1995.0,-0.22,111031752.5,1.0,5.0,312.5,2.53,60.02,1.5,98666.0,2.5,1.0,3.0,2.5,2.5,2017.0,101.0,,3.0,
98673,3,41555.0,142.5,15336748.0,22.0,3.02,545.0,1994.5,2.93,116410886.0,1.0,5.0,245.0,3.02,38.0,1.0,98673.0,1.0,3.5,4.5,1.0,1.0,2020.0,114.8,,1.0,
98693,23,50614.0,100.0,11596975.0,7.0,2.58,415.0,1909.0,5.11,116258546.0,1.0,1.0,345.0,2.58,50.0,2.0,98693.0,2.0,1.0,2.0,2.0,2.0,2018.5,119.0,50.0,3.0,
98694,2,74701.5,115.0,119681.0,12.5,2.08,470.0,1994.0,5.72,114576764.5,1.0,5.0,355.0,2.08,53.0,2.0,98694.0,1.5,1.5,2.0,1.5,2.0,2019.0,105.55,,,
98704,1,36964.0,80.0,18256626.0,14.0,2.92,,1995.0,3.82,116815751.0,1.0,5.0,220.0,2.92,25.0,1.0,98704.0,1.0,1.0,2.0,1.0,1.0,2018.0,86.0,,,
98711,1,73533.0,56.0,12304086.0,1.0,0.39,385.0,,,89571037.0,,,264.5,0.39,58.0,1.0,98711.0,3.0,2.0,3.0,3.0,2.0,2003.0,,65.0,,
98716,2,36724.5,130.0,16669197.0,9.0,1.215,700.0,1925.0,5.64,100833323.5,1.0,1.0,570.0,0.68,116.0,4.0,98716.0,4.0,1.0,1.0,4.0,5.0,2018.5,,,,
98724,6,63589.5,145.0,18298016.0,5.0,2.2,575.515,1991.5,2.385,115539278.0,1.0,4.5,428.015,2.2,73.93,3.0,98724.0,3.0,1.0,3.0,3.0,3.0,,93.5,71.5,,
98739,1,81205.0,200.0,16834620.0,9.0,2.11,540.0,1989.0,,88556643.0,,4.0,340.0,2.11,64.25,2.0,98739.0,2.0,2.0,4.0,2.0,3.0,2019.0,87.0,,,
98743,1,58068.0,110.0,15161596.0,4.0,1.23,425.0,,,115799265.0,,,315.0,1.23,58.0,2.0,98743.0,2.0,,,2.0,2.0,,125.0,,,
98744,4,84820.5,125.0,17294637.0,11.5,2.72,418.5,1995.0,,111571615.0,1.0,5.0,293.5,2.72,62.03,1.5,98744.0,2.5,1.5,4.0,2.5,2.5,,146.0,,,
98746,1,26358.0,60.0,17103249.0,0.0,-2.33,260.0,,,103255880.0,1.0,,200.0,,45.0,1.0,98746.0,1.5,1.0,2.0,1.0,2.0,2015.0,,,,
98752,1,80.0,210.0,18629257.0,0.0,4.31,610.0,,5.62,117387252.0,,,610.0,4.31,110.0,5.0,98752.0,3.5,,,3.0,5.0,,,,,
99084,67,28874.0,165.0,15282446.0,10.0,2.27,770.0,1911.5,8.33,116885802.0,1.0,1.0,580.0,2.27,68.0,4.0,99084.0,2.0,2.5,3.0,2.0,3.0,2014.5,106.85,75.5,4.5,
99085,60,28706.5,120.0,16922460.0,11.0,2.28,670.0,1924.0,8.52,116956105.5,1.0,1.0,492.5,2.28,61.83,3.0,99085.0,2.0,1.0,4.0,2.0,3.0,2016.0,100.95,60.0,3.0,
99086,54,45764.0,113.625,10380126.0,9.0,2.2,510.0,1935.0,8.22,115966542.5,1.0,1.0,397.0,2.2,54.0,2.0,99086.0,2.0,2.0,4.0,2.0,2.0,2014.0,117.5,62.0,1.0,
99087,27,54974.0,78.0,146060.0,7.0,1.01,550.645,1980.0,8.91,115538175.0,,3.0,394.96,1.01,60.96,2.0,99087.0,3.0,3.0,17.0,3.0,2.0,2020.0,99.0,65.5,4711.0,
99089,65,49669.0,117.0,15628484.0,8.0,2.01,536.0,1964.0,7.85,116048900.0,1.0,2.0,382.0,2.01,53.0,2.0,99089.0,2.0,3.0,4.0,2.0,2.0,2015.0,106.75,60.0,4711.0,
99091,27,41023.0,120.0,375577.0,10.0,0.86,439.0,1976.0,9.99,116454304.0,1.0,3.0,300.0,0.86,52.44,1.0,99091.0,2.0,4.0,11.0,2.0,2.0,2012.5,111.0,61.82,4711.0,
99092,21,34285.0,130.0,15698891.0,11.0,2.24,690.0,1936.0,9.0,116734863.0,1.0,1.0,560.0,2.24,68.8,4.0,99092.0,2.0,2.0,4.0,2.0,3.0,2019.0,94.8,75.0,1.0,
99094,13,47635.0,192.5,15388996.0,8.0,2.08,960.0,1926.0,8.73,116173092.0,3.0,1.0,665.0,2.08,80.45,5.0,99094.0,3.0,2.0,3.5,3.0,3.0,2019.0,115.0,92.0,10030.0,
99096,23,28163.0,150.0,15628484.0,10.0,2.16,800.0,1915.0,8.43,116976807.0,1.0,1.0,649.0,2.16,74.0,5.0,99096.0,2.5,2.0,3.0,2.0,3.0,2019.0,130.35,77.0,634.0,
99097,16,57846.5,117.5,3461751.0,5.5,1.61,470.0,1987.5,6.63,115398019.5,0.5,4.0,326.5,1.61,55.665,2.0,99097.0,2.0,4.0,6.0,2.0,2.0,2008.0,96.5,66.0,8.0,
99098,1,49407.0,220.0,16634387.0,17.0,-0.43,1270.0,2017.0,,116357839.0,1.0,9.0,1050.0,-0.43,112.0,7.0,99098.0,4.0,1.0,2.0,4.0,5.0,2017.0,,,,
99099,28,29467.0,127.5,12733490.0,4.5,1.87,585.0,1983.5,8.915,116580146.5,1.0,4.0,417.39,1.87,54.870000000000005,3.0,99099.0,2.0,3.0,6.5,2.0,2.0,2000.0,132.45,42.5,8.0,
99100,1,33292.0,160.0,17862036.0,5.0,,,1997.0,,116905378.0,,5.0,590.0,,71.29,4.0,99100.0,2.0,2.0,2.0,2.0,3.0,,81.6,,,
99189,1,9816.0,225.0,6276370.0,0.0,1.23,925.0,1995.0,6.78,117259127.0,2.0,5.0,700.0,1.23,83.0,5.0,99189.0,3.0,1.0,3.0,3.0,4.0,2020.0,,,,
99192,4,50041.0,156.555,14331784.0,3.5,3.505,572.55,1993.0,6.74,116190212.0,1.0,5.0,420.0,3.505,75.80000000000001,2.5,99192.0,2.0,2.5,2.5,2.0,3.0,2007.0,130.5,50.0,,
99198,2,41983.0,110.0,10591106.5,1.5,2.73,495.0,1980.0,4.48,105654861.0,1.0,3.0,340.0,2.73,59.295,2.0,99198.0,2.5,3.0,4.0,2.5,2.0,,106.15,95.0,1.0,
99310,64,58239.5,183.5,14746688.5,10.5,2.17,900.0,1976.0,4.24,115763250.5,1.0,3.0,547.0,2.17,84.56,4.0,99310.0,3.0,1.0,3.0,3.0,4.0,2020.0,97.75,97.5,11.5,
99319,1,36717.0,150.0,15417440.0,7.0,1.61,450.0,2009.0,,101173010.0,,7.0,300.0,,45.0,1.0,99319.0,1.5,3.0,4.0,1.0,2.0,2017.0,152.2,,,
99326,30,55495.5,125.0,3461751.0,7.0,1.49,420.0,1983.0,0.46,115963112.0,1.0,4.0,305.0,1.49,58.56,1.5,99326.0,2.0,2.0,4.0,2.0,2.0,2015.0,97.0,58.0,,
99330,3,63269.0,213.0,585669.0,4.0,0.9,,1983.0,1.29,115555696.0,,4.0,330.0,0.9,67.0,2.0,99330.0,3.0,1.0,4.0,3.0,3.0,,108.0,,,
99334,2,26831.0,158.5,2174155.0,8.0,3.275,630.0,1987.5,2.9899999999999998,112355629.0,1.0,4.5,365.0,3.275,60.5,2.0,99334.0,2.0,2.5,4.0,2.0,2.5,2020.0,120.5,,,
99338,1,78989.0,50.0,3816648.0,15.0,2.27,365.0,1900.0,8.33,68604417.0,,1.0,265.0,2.27,48.0,1.0,99338.0,2.0,0.0,1.0,2.0,2.0,2015.0,,50.0,,
99423,28,43889.0,135.0,17507814.0,8.0,3.39,765.0,1936.0,2.82,116143654.5,1.0,1.0,572.5,3.39,64.63499999999999,4.0,99423.0,2.5,1.0,3.0,2.5,2.5,2020.0,94.2,72.5,,
99425,11,27994.0,210.0,17507814.0,10.0,3.11,1371.0,2013.0,0.77,116979842.0,1.0,8.0,1150.0,3.11,109.0,7.0,99425.0,3.0,1.5,3.0,3.0,5.0,2018.0,38.4,,20.0,
99427,20,22896.0,95.0,16142249.0,6.0,1.63,485.0,1989.0,0.21,116487597.0,1.5,4.0,357.5,1.63,57.480000000000004,2.0,99427.0,2.0,3.0,5.0,2.0,2.0,2018.0,86.0,65.0,8.0,
99428,1,65093.0,50.0,14949300.0,8.0,,465.0,1997.0,,115453498.0,1.0,5.0,395.0,,50.0,2.0,99428.0,2.5,1.0,1.0,2.0,2.0,,,,,
99438,1,10778.0,120.0,886805.0,12.0,1.48,545.0,1995.0,3.54,117226632.0,1.0,5.0,425.0,1.48,47.25,3.0,99438.0,2.0,2.0,2.0,2.0,2.0,,167.4,,1.0,
99441,1,29196.0,100.0,18476273.0,11.0,-0.41,450.0,1996.0,5.22,116968717.0,,5.0,350.0,-0.41,46.2,2.0,99441.0,2.0,2.0,2.0,2.0,2.0,2020.0,140.9,,,
99444,16,51039.0,142.5,3461751.0,4.0,0.52,450.0,1977.0,4.39,115113763.5,1.0,3.0,302.0,0.52,59.45,1.5,99444.0,3.0,3.0,5.0,3.0,2.0,2017.0,91.9,83.0,8.0,
99510,28,41255.5,115.0,5631049.5,9.0,1.96,539.5,1930.0,4.26,114384184.5,1.0,1.0,405.0,1.96,75.0,2.5,99510.0,3.0,2.0,3.0,3.0,3.0,2018.0,106.5,88.5,1.0,
99518,3,55861.0,85.5,7299374.0,4.0,1.73,714.0,2000.0,10.39,115954574.0,1.0,5.0,510.0,1.73,85.0,4.0,99518.0,4.0,1.5,1.5,4.0,4.0,2020.0,,85.5,,
99579,1,9115.0,250.0,16922085.0,22.0,0.81,790.0,2001.0,-6.8,117273353.0,2.0,6.0,540.0,0.81,115.0,4.0,99579.0,3.0,,,3.0,5.0,2015.0,,,,
99610,9,42440.0,120.0,4757393.0,10.0,3.25,510.0,1995.5,5.54,115610775.0,1.5,5.5,410.0,3.25,62.0,3.0,99610.0,3.0,4.0,4.0,3.0,3.0,2012.0,114.0,67.5,,
99625,2,39799.5,136.405,9813500.0,8.5,2.73,815.755,2019.0,,116294411.0,1.0,9.0,622.9449999999999,2.73,104.0,4.0,99625.0,3.0,0.0,3.0,3.0,5.0,,,92.81,,
99628,4,45299.0,138.06,16231926.0,4.0,0.39,441.64,1953.0,,114864066.5,1.0,3.0,352.76,0.39,69.135,2.0,99628.0,2.5,1.0,4.0,2.5,2.5,2005.0,148.35,75.0,,
99634,1,30964.0,350.0,18617358.0,2.0,,1684.0,1900.0,,116944573.0,,1.0,1334.0,,157.0,7.0,99634.0,4.0,1.0,3.0,4.0,7.0,2020.0,,,,
99636,2,51957.0,135.0,11193404.0,5.5,2.425,535.0,1992.0,-3.83,104237254.5,1.0,5.0,362.5,1.08,64.86,2.0,99636.0,2.25,3.0,,2.0,2.5,2006.0,126.7,,,
99638,3,36750.0,60.0,17332394.0,6.0,1.39,452.0,1973.0,3.11,116060344.0,1.0,3.0,313.0,1.39,60.0,2.0,99638.0,3.0,3.0,4.0,3.0,2.0,2020.0,,79.0,,
99706,7,72259.0,120.0,17027853.0,8.0,1.95,600.0,1977.5,4.69,102500041.0,1.0,3.5,495.0,1.95,85.0,3.0,99706.0,3.0,2.0,3.5,3.0,4.0,1997.0,91.5,90.0,8.0,
99734,93,45112.0,80.5,320047.0,5.0,0.69,445.21000000000004,1982.0,-4.41,116446096.0,1.0,4.0,310.0,0.69,59.19,2.0,99734.0,3.0,2.0,3.5,3.0,2.0,2020.0,91.0,61.0,8.0,
99752,10,63073.0,92.0,276190.0,4.0,0.54,490.0,1960.0,,114580848.0,1.0,2.0,357.5,0.54,59.870000000000005,2.0,99752.0,3.0,2.0,3.0,3.0,2.0,2020.0,113.5,64.75,742.5,
99755,1,56807.0,75.0,5394580.0,12.0,1.16,,1983.0,-6.78,115905574.0,2.0,4.0,355.0,1.16,75.0,2.0,99755.0,3.0,2.0,,3.0,3.0,,125.0,90.0,,
99759,12,53677.5,135.0,1924949.0,4.5,0.81,470.0,1950.0,-6.8,115396644.0,1.0,1.0,260.0,0.81,60.5,1.0,99759.0,2.5,1.0,3.0,2.5,2.5,2015.0,141.3,75.0,2001.0,
99765,1,83458.0,160.0,972740.0,3.0,0.19,320.0,1730.0,1.13,112530238.0,1.0,1.0,160.0,0.19,40.0,1.0,99765.0,1.0,2.0,2.0,1.0,1.0,2017.0,,,121.0,
99768,2,25438.5,56.25,276190.0,8.0,0.26,369.75,1976.5,-2.88,112482954.0,,3.0,272.5,0.26,39.79,1.5,99768.0,1.5,1.0,,1.5,1.5,,93.0,41.0,,
99817,177,51204.0,110.0,4448323.0,6.0,0.97,511.17,1970.0,5.42,115843057.0,1.0,2.0,360.0,0.97,61.27,2.0,99817.0,2.5,2.0,4.0,2.0,3.0,2006.0,94.35,72.0,2.0,
99819,8,67339.0,113.15,5531370.0,7.5,3.47,452.0,1995.0,9.37,115321163.5,1.0,5.0,329.5,3.47,60.625,2.0,99819.0,2.0,2.0,3.0,2.0,2.5,1996.0,107.5,55.0,1.0,
99820,4,63791.5,127.5,5531370.0,6.5,2.81,517.5,1995.0,4.84,115488631.5,1.0,5.0,385.0,2.81,72.0,2.5,99820.0,3.0,3.5,3.0,3.0,3.0,2019.0,97.7,,,
99826,9,70582.0,110.0,5531370.0,7.0,1.86,395.5,1975.0,10.3,114989956.0,0.0,3.0,300.0,1.86,54.43,1.0,99826.0,2.0,1.0,3.0,2.0,2.0,1995.0,110.2,40.0,,
99830,6,56363.0,140.0,15323716.0,3.0,1.73,447.84,1925.0,12.35,107414053.5,0.0,1.0,296.84000000000003,3.46,64.19500000000001,1.5,99830.0,2.5,1.0,3.0,2.5,2.5,2004.0,87.95,80.5,1.0,
99831,4,51424.5,132.5,5454042.0,7.5,2.1799999999999997,455.0,1986.0,5.84,111555679.5,0.5,4.0,320.0,2.19,70.5,1.5,99831.0,2.5,1.0,4.0,2.5,3.0,2007.5,93.3,40.0,2.0,
99834,6,63212.5,100.735,17027783.0,5.5,4.43,758.1500000000001,1994.0,12.86,114534732.0,1.0,5.0,575.425,4.43,81.3,4.5,99834.0,4.0,2.0,3.5,4.0,3.5,2006.0,86.0,80.0,2.0,
99842,1,48914.0,45.0,16572585.0,5.0,3.54,455.75,,9.48,116365588.0,,,310.75,3.54,56.5,2.0,99842.0,3.0,,,3.0,2.0,,,100.0,,
99848,4,62619.0,61.0,17781067.5,10.5,2.47,402.5,2001.0,8.02,115570594.0,1.0,5.5,282.5,2.47,53.85,1.0,99848.0,2.5,1.0,4.5,2.5,2.0,,94.75,69.0,,
99867,170,49218.0,114.31,14874315.0,9.0,3.0,535.0,1980.0,5.9,115828655.5,1.0,3.0,387.0,3.0,62.150000000000006,2.0,99867.0,3.0,2.0,4.0,3.0,3.0,2019.0,93.0,68.0,2.0,
99869,4,49259.5,142.5,4239374.0,11.5,3.065,479.25,1995.0,2.77,114840126.0,1.0,5.0,299.0,3.44,60.004999999999995,1.0,99869.0,2.0,1.0,1.5,2.0,2.5,,179.6,,,
99880,6,68704.5,190.0,15258712.0,8.0,2.47,910.0,1994.0,-0.11,115214862.0,0.5,5.0,505.0,2.47,76.93,3.5,99880.0,2.5,1.0,3.0,2.5,3.0,2017.0,121.0,,3.0,
99885,5,37698.0,125.0,15258712.0,5.0,1.28,497.5,1995.0,2.84,114868929.0,,5.0,420.0,1.28,70.42,3.0,99885.0,2.0,1.5,2.0,2.0,3.0,2010.0,91.8,,3.0,
99891,3,21539.0,125.0,15578241.0,4.0,2.36,560.0,1912.0,3.84,117021543.0,1.0,1.0,415.0,2.36,63.75,3.0,99891.0,2.0,4.0,3.0,2.0,3.0,2017.0,111.0,,2.0,
99947,26,77465.0,90.0,816620.0,8.0,2.64,511.54,1982.0,5.32,113668339.0,1.0,4.0,345.83000000000004,2.64,68.45,2.0,99947.0,3.0,2.0,3.0,3.0,3.0,2017.0,97.1,60.0,2.0,
99955,2,15460.5,157.0,962728.0,5.5,0.95,597.0,,6.62,117127584.5,1.0,,435.0,0.95,82.0,3.0,99955.0,2.0,1.0,1.0,2.0,3.5,,,,,
99974,132,45059.5,115.32,15897141.0,9.0,2.0,491.24,1994.0,4.35,115653364.0,1.0,5.0,351.5,2.0,60.120000000000005,2.0,99974.0,2.0,2.0,3.0,2.0,2.0,1998.5,94.0,90.0,1.0,
99976,5,27498.0,120.0,12341393.0,6.0,5.52,425.0,1965.0,,116987200.0,1.5,2.0,260.0,5.52,66.6,1.0,99976.0,3.0,1.0,3.0,3.0,3.0,2019.0,,85.0,100.0,
99991,3,62778.0,160.0,15897141.0,9.0,2.37,563.0,1995.5,,115575688.0,1.0,5.0,403.0,2.37,74.46,3.0,99991.0,3.0,1.5,,3.0,3.0,,138.8,,,
99994,3,57450.0,80.0,17657462.0,44.0,1.5,480.0,2019.0,,115825913.0,1.0,9.0,320.0,1.5,72.0,2.0,99994.0,3.0,0.0,2.0,3.0,3.0,2019.0,95.0,80.0,2.0,
99996,1,55350.0,100.0,15897141.0,2.0,-0.2,321.0,1964.0,,115987393.0,,2.0,221.0,-0.2,49.1,1.0,99996.0,2.0,2.0,3.0,2.0,2.0,,,,,
